
INSERT INTO fracttaldb.usuarios (id, nombre, email, password) VALUES
(1, 'Test User', 'saaibiflorezhernandez@gmail.com', '$2b$10$JyxmcQedNsG/GnlvMaYR5OyDjQD86ctG1awEQgC9soe51rAggzwwC') ON CONFLICT (id) DO NOTHING;


INSERT INTO fracttaldb.categorias (id, nombre, usuario_id) VALUES
(101, 'Work', 1),
(102, 'Personal', 1),
(103, 'Category 3', 1),
(104, 'Category 4', 1),
(105, 'Category 5', 1),
(106, 'Category 6', 1),
(107, 'Category 7', 1) ON CONFLICT (id) DO NOTHING;


INSERT INTO fracttaldb.tareas (id, titulo, descripcion, fecha_vencimiento, prioridad, completada, usuario_id, categoria_id) VALUES
(201, 'Finish report', 'Complete the Q3 report', '2025-10-01', 3, FALSE, 1, 101),
(202, 'Buy groceries', 'Milk, eggs, bread', '2025-09-25', 2, FALSE, 1, 102),
(203, 'Task 203', 'Description for Task 203', '2025-09-25', 3, TRUE, 1, 107),
(204, 'Task 204', 'Description for Task 204', '2025-10-19', 1, FALSE, 1, 106),
(205, 'Task 205', 'Description for Task 205', '2025-10-17', 3, FALSE, 1, 107),
(206, 'Task 206', 'Description for Task 206', '2025-10-14', 1, FALSE, 1, 104),
(207, 'Task 207', 'Description for Task 207', '2025-10-19', 3, FALSE, 1, 106),
(208, 'Task 208', 'Description for Task 208', '2025-10-17', 1, FALSE, 1, 107),
(209, 'Task 209', 'Description for Task 209', '2025-10-19', 3, FALSE, 1, 106),
(210, 'Task 210', 'Description for Task 210', '2025-10-17', 1, FALSE, 1, 107),
(211, 'Task 211', 'Description for Task 211', '2025-10-19', 3, FALSE, 1, 106),
(212, 'Task 212', 'Description for Task 212', '2025-10-17', 1, FALSE, 1, 107),
(213, 'Task 213', 'Description for Task 213', '2025-10-19', 3, FALSE, 1, 106),
(214, 'Task 214', 'Description for Task 214', '2025-10-17', 1, FALSE, 1, 107),
(215, 'Task 215', 'Description for Task 215', '2025-10-19', 3, FALSE, 1, 106),
(216, 'Task 216', 'Description for Task 216', '2025-10-17', 1, FALSE, 1, 107),
(217, 'Task 217', 'Description for Task 217', '2025-10-19', 3, FALSE, 1, 106),
(218, 'Task 218', 'Description for Task 218', '2025-10-17', 1, FALSE, 1, 107),
(219, 'Task 219', 'Description for Task 219', '2025-10-19', 3, FALSE, 1, 106),
(220, 'Task 220', 'Description for Task 220', '2025-10-17', 1, FALSE, 1, 107),
(221, 'Task 221', 'Description for Task 221', '2025-10-19', 3, FALSE, 1, 106),
(222, 'Task 222', 'Description for Task 222', '2025-10-17', 1, FALSE, 1, 107),
(223, 'Task 223', 'Description for Task 223', '2025-10-19', 3, FALSE, 1, 106),
(224, 'Task 224', 'Description for Task 224', '2025-10-17', 1, FALSE, 1, 107),
(225, 'Task 225', 'Description for Task 225', '2025-10-19', 3, FALSE, 1, 106),
(226, 'Task 226', 'Description for Task 226', '2025-10-17', 1, FALSE, 1, 107),
(227, 'Task 227', 'Description for Task 227', '2025-10-19', 3, FALSE, 1, 106),
(228, 'Task 228', 'Description for Task 228', '2025-10-17', 1, FALSE, 1, 107),
(229, 'Task 229', 'Description for Task 229', '2025-10-19', 3, FALSE, 1, 106),
(230, 'Task 230', 'Description for Task 230', '2025-10-17', 1, FALSE, 1, 107),
(231, 'Task 231', 'Description for Task 231', '2025-10-19', 3, FALSE, 1, 106),
(232, 'Task 232', 'Description for Task 232', '2025-10-17', 1, FALSE, 1, 107) ON CONFLICT (id) DO NOTHING;


INSERT INTO fracttaldb.etiquetas (id, nombre, usuario_id) VALUES
(301, 'Urgent', 1),
(302, 'Shopping', 1),
(303, 'Tag 3', 1),
(304, 'Tag 4', 1),
(305, 'Tag 5', 1),
(306, 'Tag 6', 1),
(307, 'Tag 7', 1),
(308, 'Tag 8', 1),
(309, 'Tag 9', 1) ON CONFLICT (id) DO NOTHING;


INSERT INTO fracttaldb.tarea_etiquetas (tarea_id, etiqueta_id) VALUES
(201, 301),
(202, 302),
(203, 307),
(203, 308),
(203, 309),
(204, 301),
(204, 302),
(205, 303),
(205, 304),
(206, 305),
(206, 306),
(207, 307),
(207, 308),
(207, 309),
(208, 301),
(208, 302),
(209, 303),
(209, 304),
(210, 305),
(210, 306),
(211, 307),
(211, 308),
(211, 309),
(212, 301),
(212, 302),
(213, 303),
(213, 304),
(214, 305),
(214, 306),
(215, 307),
(215, 308),
(215, 309),
(216, 301),
(216, 302),
(217, 303),
(217, 304),
(218, 305),
(218, 306),
(219, 307),
(219, 308),
(219, 309),
(220, 301),
(220, 302),
(221, 303),
(221, 304),
(222, 305),
(222, 306),
(223, 307),
(223, 308),
(223, 309),
(224, 301),
(224, 302),
(225, 303),
(225, 304),
(226, 305),
(226, 306),
(227, 307),
(227, 308),
(227, 309),
(228, 301),
(228, 302),
(229, 303),
(229, 304),
(230, 305),
(230, 306),
(231, 307),
(231, 308),
(231, 309),
(232, 301),
(232, 302) ON CONFLICT (tarea_id, etiqueta_id) DO NOTHING;

INSERT INTO fracttaldb.usuarios (id, nombre, email, password) VALUES (2, 'Test User 2', 'test2@example.com', '$2b$10$JyxmcQedNsG/GnlvMaYR5OyDjQD86ctG1awEQgC9soe51rAggzwwC') ON CONFLICT (id) DO NOTHING;
INSERT INTO fracttaldb.categorias (id, nombre, usuario_id) VALUES (201, 'Category 1 User 2', 2) ON CONFLICT (id) DO NOTHING;
INSERT INTO fracttaldb.categorias (id, nombre, usuario_id) VALUES (202, 'Category 2 User 2', 2) ON CONFLICT (id) DO NOTHING;
INSERT INTO fracttaldb.categorias (id, nombre, usuario_id) VALUES (203, 'Category 3 User 2', 2) ON CONFLICT (id) DO NOTHING;
INSERT INTO fracttaldb.categorias (id, nombre, usuario_id) VALUES (204, 'Category 4 User 2', 2) ON CONFLICT (id) DO NOTHING;
INSERT INTO fracttaldb.categorias (id, nombre, usuario_id) VALUES (205, 'Category 5 User 2', 2) ON CONFLICT (id) DO NOTHING;
INSERT INTO fracttaldb.categorias (id, nombre, usuario_id) VALUES (206, 'Category 6 User 2', 2) ON CONFLICT (id) DO NOTHING;
INSERT INTO fracttaldb.categorias (id, nombre, usuario_id) VALUES (207, 'Category 7 User 2', 2) ON CONFLICT (id) DO NOTHING;
INSERT INTO fracttaldb.etiquetas (id, nombre, usuario_id) VALUES (401, 'Tag 1 User 2', 2) ON CONFLICT (id) DO NOTHING;
INSERT INTO fracttaldb.etiquetas (id, nombre, usuario_id) VALUES (402, 'Tag 2 User 2', 2) ON CONFLICT (id) DO NOTHING;
INSERT INTO fracttaldb.etiquetas (id, nombre, usuario_id) VALUES (403, 'Tag 3 User 2', 2) ON CONFLICT (id) DO NOTHING;
INSERT INTO fracttaldb.etiquetas (id, nombre, usuario_id) VALUES (404, 'Tag 4 User 2', 2) ON CONFLICT (id) DO NOTHING;
INSERT INTO fracttaldb.etiquetas (id, nombre, usuario_id) VALUES (405, 'Tag 5 User 2', 2) ON CONFLICT (id) DO NOTHING;
INSERT INTO fracttaldb.etiquetas (id, nombre, usuario_id) VALUES (406, 'Tag 6 User 2', 2) ON CONFLICT (id) DO NOTHING;
INSERT INTO fracttaldb.etiquetas (id, nombre, usuario_id) VALUES (407, 'Tag 7 User 2', 2) ON CONFLICT (id) DO NOTHING;
INSERT INTO fracttaldb.etiquetas (id, nombre, usuario_id) VALUES (408, 'Tag 8 User 2', 2) ON CONFLICT (id) DO NOTHING;
INSERT INTO fracttaldb.etiquetas (id, nombre, usuario_id) VALUES (409, 'Tag 9 User 2', 2) ON CONFLICT (id) DO NOTHING;
INSERT INTO fracttaldb.tareas (id, titulo, descripcion, fecha_vencimiento, prioridad, completada, usuario_id, categoria_id, lote) VALUES (300, 'Task 1 for user 1', 'Description for task 1', '2025-11-1', 2, TRUE, 1, 104, 'lote-1') ON CONFLICT(id) DO NOTHING;
INSERT INTO fracttaldb.tarea_etiquetas (tarea_id, etiqueta_id) VALUES (300, 307) ON CONFLICT (tarea_id, etiqueta_id) DO NOTHING;
INSERT INTO fracttaldb.tarea_etiquetas (tarea_id, etiqueta_id) VALUES (300, 303) ON CONFLICT (tarea_id, etiqueta_id) DO NOTHING;
INSERT INTO fracttaldb.tarea_etiquetas (tarea_id, etiqueta_id) VALUES (300, 306) ON CONFLICT (tarea_id, etiqueta_id) DO NOTHING;
INSERT INTO fracttaldb.tareas (id, titulo, descripcion, fecha_vencimiento, prioridad, completada, usuario_id, categoria_id, lote) VALUES (301, 'Task 2 for user 1', 'Description for task 2', '2025-11-23', 2, FALSE, 1, 105, 'lote-1') ON CONFLICT(id) DO NOTHING;
INSERT INTO fracttaldb.tarea_etiquetas (tarea_id, etiqueta_id) VALUES (301, 302) ON CONFLICT (tarea_id, etiqueta_id) DO NOTHING;
INSERT INTO fracttaldb.tareas (id, titulo, descripcion, fecha_vencimiento, prioridad, completada, usuario_id, categoria_id, lote) VALUES (302, 'Task 3 for user 1', 'Description for task 3', '2025-10-14', 3, TRUE, 1, 105, 'lote-1') ON CONFLICT(id) DO NOTHING;
INSERT INTO fracttaldb.tarea_etiquetas (tarea_id, etiqueta_id) VALUES (302, 305) ON CONFLICT (tarea_id, etiqueta_id) DO NOTHING;
INSERT INTO fracttaldb.tarea_etiquetas (tarea_id, etiqueta_id) VALUES (302, 302) ON CONFLICT (tarea_id, etiqueta_id) DO NOTHING;
INSERT INTO fracttaldb.tarea_etiquetas (tarea_id, etiqueta_id) VALUES (302, 308) ON CONFLICT (tarea_id, etiqueta_id) DO NOTHING;
INSERT INTO fracttaldb.tareas (id, titulo, descripcion, fecha_vencimiento, prioridad, completada, usuario_id, categoria_id, lote) VALUES (303, 'Task 4 for user 1', 'Description for task 4', '2025-12-1', 2, FALSE, 1, 107, 'lote-1') ON CONFLICT(id) DO NOTHING;
INSERT INTO fracttaldb.tarea_etiquetas (tarea_id, etiqueta_id) VALUES (303, 306) ON CONFLICT (tarea_id, etiqueta_id) DO NOTHING;
INSERT INTO fracttaldb.tarea_etiquetas (tarea_id, etiqueta_id) VALUES (303, 304) ON CONFLICT (tarea_id, etiqueta_id) DO NOTHING;
INSERT INTO fracttaldb.tarea_etiquetas (tarea_id, etiqueta_id) VALUES (303, 301) ON CONFLICT (tarea_id, etiqueta_id) DO NOTHING;
INSERT INTO fracttaldb.tareas (id, titulo, descripcion, fecha_vencimiento, prioridad, completada, usuario_id, categoria_id, lote) VALUES (304, 'Task 5 for user 1', 'Description for task 5', '2025-10-28', 3, TRUE, 1, 102, 'lote-1') ON CONFLICT(id) DO NOTHING;
INSERT INTO fracttaldb.tarea_etiquetas (tarea_id, etiqueta_id) VALUES (304, 301) ON CONFLICT (tarea_id, etiqueta_id) DO NOTHING;
INSERT INTO fracttaldb.tareas (id, titulo, descripcion, fecha_vencimiento, prioridad, completada, usuario_id, categoria_id, lote) VALUES (305, 'Task 6 for user 1', 'Description for task 6', '2025-12-14', 3, TRUE, 1, 101, 'lote-1') ON CONFLICT(id) DO NOTHING;
INSERT INTO fracttaldb.tarea_etiquetas (tarea_id, etiqueta_id) VALUES (305, 304) ON CONFLICT (tarea_id, etiqueta_id) DO NOTHING;
INSERT INTO fracttaldb.tareas (id, titulo, descripcion, fecha_vencimiento, prioridad, completada, usuario_id, categoria_id, lote) VALUES (306, 'Task 7 for user 1', 'Description for task 7', '2025-12-19', 3, TRUE, 1, 101, 'lote-1') ON CONFLICT(id) DO NOTHING;
INSERT INTO fracttaldb.tarea_etiquetas (tarea_id, etiqueta_id) VALUES (306, 309) ON CONFLICT (tarea_id, etiqueta_id) DO NOTHING;
INSERT INTO fracttaldb.tarea_etiquetas (tarea_id, etiqueta_id) VALUES (306, 302) ON CONFLICT (tarea_id, etiqueta_id) DO NOTHING;
INSERT INTO fracttaldb.tarea_etiquetas (tarea_id, etiqueta_id) VALUES (306, 303) ON CONFLICT (tarea_id, etiqueta_id) DO NOTHING;
INSERT INTO fracttaldb.tareas (id, titulo, descripcion, fecha_vencimiento, prioridad, completada, usuario_id, categoria_id, lote) VALUES (307, 'Task 8 for user 1', 'Description for task 8', '2025-11-20', 2, FALSE, 1, 105, 'lote-1') ON CONFLICT(id) DO NOTHING;
INSERT INTO fracttaldb.tarea_etiquetas (tarea_id, etiqueta_id) VALUES (307, 307) ON CONFLICT (tarea_id, etiqueta_id) DO NOTHING;
INSERT INTO fracttaldb.tarea_etiquetas (tarea_id, etiqueta_id) VALUES (307, 305) ON CONFLICT (tarea_id, etiqueta_id) DO NOTHING;
INSERT INTO fracttaldb.tareas (id, titulo, descripcion, fecha_vencimiento, prioridad, completada, usuario_id, categoria_id, lote) VALUES (308, 'Task 9 for user 1', 'Description for task 9', '2025-10-8', 3, TRUE, 1, 104, 'lote-1') ON CONFLICT(id) DO NOTHING;
INSERT INTO fracttaldb.tarea_etiquetas (tarea_id, etiqueta_id) VALUES (308, 303) ON CONFLICT (tarea_id, etiqueta_id) DO NOTHING;
INSERT INTO fracttaldb.tarea_etiquetas (tarea_id, etiqueta_id) VALUES (308, 304) ON CONFLICT (tarea_id, etiqueta_id) DO NOTHING;
INSERT INTO fracttaldb.tareas (id, titulo, descripcion, fecha_vencimiento, prioridad, completada, usuario_id, categoria_id, lote) VALUES (309, 'Task 10 for user 1', 'Description for task 10', '2025-11-18', 1, TRUE, 1, 104, 'lote-1') ON CONFLICT(id) DO NOTHING;
INSERT INTO fracttaldb.tarea_etiquetas (tarea_id, etiqueta_id) VALUES (309, 309) ON CONFLICT (tarea_id, etiqueta_id) DO NOTHING;
INSERT INTO fracttaldb.tarea_etiquetas (tarea_id, etiqueta_id) VALUES (309, 308) ON CONFLICT (tarea_id, etiqueta_id) DO NOTHING;
INSERT INTO fracttaldb.tarea_etiquetas (tarea_id, etiqueta_id) VALUES (309, 302) ON CONFLICT (tarea_id, etiqueta_id) DO NOTHING;
INSERT INTO fracttaldb.tareas (id, titulo, descripcion, fecha_vencimiento, prioridad, completada, usuario_id, categoria_id, lote) VALUES (310, 'Task 11 for user 1', 'Description for task 11', '2025-11-19', 1, FALSE, 1, 107, 'lote-1') ON CONFLICT(id) DO NOTHING;
INSERT INTO fracttaldb.tarea_etiquetas (tarea_id, etiqueta_id) VALUES (310, 301) ON CONFLICT (tarea_id, etiqueta_id) DO NOTHING;
INSERT INTO fracttaldb.tareas (id, titulo, descripcion, fecha_vencimiento, prioridad, completada, usuario_id, categoria_id, lote) VALUES (311, 'Task 12 for user 1', 'Description for task 12', '2025-11-15', 1, TRUE, 1, 102, 'lote-1') ON CONFLICT(id) DO NOTHING;
INSERT INTO fracttaldb.tarea_etiquetas (tarea_id, etiqueta_id) VALUES (311, 305) ON CONFLICT (tarea_id, etiqueta_id) DO NOTHING;
INSERT INTO fracttaldb.tarea_etiquetas (tarea_id, etiqueta_id) VALUES (311, 309) ON CONFLICT (tarea_id, etiqueta_id) DO NOTHING;
INSERT INTO fracttaldb.tarea_etiquetas (tarea_id, etiqueta_id) VALUES (311, 308) ON CONFLICT (tarea_id, etiqueta_id) DO NOTHING;
INSERT INTO fracttaldb.tareas (id, titulo, descripcion, fecha_vencimiento, prioridad, completada, usuario_id, categoria_id, lote) VALUES (312, 'Task 13 for user 1', 'Description for task 13', '2025-11-25', 1, TRUE, 1, 106, 'lote-1') ON CONFLICT(id) DO NOTHING;
INSERT INTO fracttaldb.tarea_etiquetas (tarea_id, etiqueta_id) VALUES (312, 301) ON CONFLICT (tarea_id, etiqueta_id) DO NOTHING;
INSERT INTO fracttaldb.tarea_etiquetas (tarea_id, etiqueta_id) VALUES (312, 309) ON CONFLICT (tarea_id, etiqueta_id) DO NOTHING;
INSERT INTO fracttaldb.tarea_etiquetas (tarea_id, etiqueta_id) VALUES (312, 302) ON CONFLICT (tarea_id, etiqueta_id) DO NOTHING;
INSERT INTO fracttaldb.tareas (id, titulo, descripcion, fecha_vencimiento, prioridad, completada, usuario_id, categoria_id, lote) VALUES (313, 'Task 14 for user 1', 'Description for task 14', '2025-12-20', 1, TRUE, 1, 102, 'lote-1') ON CONFLICT(id) DO NOTHING;
INSERT INTO fracttaldb.tarea_etiquetas (tarea_id, etiqueta_id) VALUES (313, 301) ON CONFLICT (tarea_id, etiqueta_id) DO NOTHING;
INSERT INTO fracttaldb.tareas (id, titulo, descripcion, fecha_vencimiento, prioridad, completada, usuario_id, categoria_id, lote) VALUES (314, 'Task 15 for user 1', 'Description for task 15', '2025-12-16', 1, TRUE, 1, 104, 'lote-1') ON CONFLICT(id) DO NOTHING;
INSERT INTO fracttaldb.tarea_etiquetas (tarea_id, etiqueta_id) VALUES (314, 301) ON CONFLICT (tarea_id, etiqueta_id) DO NOTHING;
INSERT INTO fracttaldb.tareas (id, titulo, descripcion, fecha_vencimiento, prioridad, completada, usuario_id, categoria_id, lote) VALUES (315, 'Task 16 for user 1', 'Description for task 16', '2025-10-18', 1, TRUE, 1, 104, 'lote-1') ON CONFLICT(id) DO NOTHING;
INSERT INTO fracttaldb.tarea_etiquetas (tarea_id, etiqueta_id) VALUES (315, 304) ON CONFLICT (tarea_id, etiqueta_id) DO NOTHING;
INSERT INTO fracttaldb.tarea_etiquetas (tarea_id, etiqueta_id) VALUES (315, 306) ON CONFLICT (tarea_id, etiqueta_id) DO NOTHING;
INSERT INTO fracttaldb.tareas (id, titulo, descripcion, fecha_vencimiento, prioridad, completada, usuario_id, categoria_id, lote) VALUES (316, 'Task 17 for user 1', 'Description for task 17', '2025-12-24', 2, FALSE, 1, 106, 'lote-1') ON CONFLICT(id) DO NOTHING;
INSERT INTO fracttaldb.tarea_etiquetas (tarea_id, etiqueta_id) VALUES (316, 309) ON CONFLICT (tarea_id, etiqueta_id) DO NOTHING;
INSERT INTO fracttaldb.tareas (id, titulo, descripcion, fecha_vencimiento, prioridad, completada, usuario_id, categoria_id, lote) VALUES (317, 'Task 18 for user 1', 'Description for task 18', '2025-12-28', 1, TRUE, 1, 105, 'lote-1') ON CONFLICT(id) DO NOTHING;
INSERT INTO fracttaldb.tarea_etiquetas (tarea_id, etiqueta_id) VALUES (317, 303) ON CONFLICT (tarea_id, etiqueta_id) DO NOTHING;
INSERT INTO fracttaldb.tarea_etiquetas (tarea_id, etiqueta_id) VALUES (317, 301) ON CONFLICT (tarea_id, etiqueta_id) DO NOTHING;
INSERT INTO fracttaldb.tareas (id, titulo, descripcion, fecha_vencimiento, prioridad, completada, usuario_id, categoria_id, lote) VALUES (318, 'Task 19 for user 1', 'Description for task 19', '2025-11-13', 3, FALSE, 1, 101, 'lote-1') ON CONFLICT(id) DO NOTHING;
INSERT INTO fracttaldb.tarea_etiquetas (tarea_id, etiqueta_id) VALUES (318, 304) ON CONFLICT (tarea_id, etiqueta_id) DO NOTHING;
INSERT INTO fracttaldb.tarea_etiquetas (tarea_id, etiqueta_id) VALUES (318, 306) ON CONFLICT (tarea_id, etiqueta_id) DO NOTHING;
INSERT INTO fracttaldb.tarea_etiquetas (tarea_id, etiqueta_id) VALUES (318, 307) ON CONFLICT (tarea_id, etiqueta_id) DO NOTHING;
INSERT INTO fracttaldb.tareas (id, titulo, descripcion, fecha_vencimiento, prioridad, completada, usuario_id, categoria_id, lote) VALUES (319, 'Task 20 for user 1', 'Description for task 20', '2025-12-26', 2, FALSE, 1, 103, 'lote-1') ON CONFLICT(id) DO NOTHING;
INSERT INTO fracttaldb.tarea_etiquetas (tarea_id, etiqueta_id) VALUES (319, 305) ON CONFLICT (tarea_id, etiqueta_id) DO NOTHING;
INSERT INTO fracttaldb.tarea_etiquetas (tarea_id, etiqueta_id) VALUES (319, 307) ON CONFLICT (tarea_id, etiqueta_id) DO NOTHING;
INSERT INTO fracttaldb.tarea_etiquetas (tarea_id, etiqueta_id) VALUES (319, 306) ON CONFLICT (tarea_id, etiqueta_id) DO NOTHING;
INSERT INTO fracttaldb.tareas (id, titulo, descripcion, fecha_vencimiento, prioridad, completada, usuario_id, categoria_id, lote) VALUES (320, 'Task 21 for user 1', 'Description for task 21', '2025-10-16', 3, FALSE, 1, 103, 'lote-1') ON CONFLICT(id) DO NOTHING;
INSERT INTO fracttaldb.tarea_etiquetas (tarea_id, etiqueta_id) VALUES (320, 303) ON CONFLICT (tarea_id, etiqueta_id) DO NOTHING;
INSERT INTO fracttaldb.tarea_etiquetas (tarea_id, etiqueta_id) VALUES (320, 302) ON CONFLICT (tarea_id, etiqueta_id) DO NOTHING;
INSERT INTO fracttaldb.tareas (id, titulo, descripcion, fecha_vencimiento, prioridad, completada, usuario_id, categoria_id, lote) VALUES (321, 'Task 22 for user 1', 'Description for task 22', '2025-11-13', 2, TRUE, 1, 105, 'lote-1') ON CONFLICT(id) DO NOTHING;
INSERT INTO fracttaldb.tarea_etiquetas (tarea_id, etiqueta_id) VALUES (321, 301) ON CONFLICT (tarea_id, etiqueta_id) DO NOTHING;
INSERT INTO fracttaldb.tarea_etiquetas (tarea_id, etiqueta_id) VALUES (321, 304) ON CONFLICT (tarea_id, etiqueta_id) DO NOTHING;
INSERT INTO fracttaldb.tareas (id, titulo, descripcion, fecha_vencimiento, prioridad, completada, usuario_id, categoria_id, lote) VALUES (322, 'Task 23 for user 1', 'Description for task 23', '2025-10-11', 1, TRUE, 1, 105, 'lote-1') ON CONFLICT(id) DO NOTHING;
INSERT INTO fracttaldb.tarea_etiquetas (tarea_id, etiqueta_id) VALUES (322, 304) ON CONFLICT (tarea_id, etiqueta_id) DO NOTHING;
INSERT INTO fracttaldb.tarea_etiquetas (tarea_id, etiqueta_id) VALUES (322, 303) ON CONFLICT (tarea_id, etiqueta_id) DO NOTHING;
INSERT INTO fracttaldb.tareas (id, titulo, descripcion, fecha_vencimiento, prioridad, completada, usuario_id, categoria_id, lote) VALUES (323, 'Task 24 for user 1', 'Description for task 24', '2025-12-2', 1, TRUE, 1, 103, 'lote-1') ON CONFLICT(id) DO NOTHING;
INSERT INTO fracttaldb.tarea_etiquetas (tarea_id, etiqueta_id) VALUES (323, 304) ON CONFLICT (tarea_id, etiqueta_id) DO NOTHING;
INSERT INTO fracttaldb.tareas (id, titulo, descripcion, fecha_vencimiento, prioridad, completada, usuario_id, categoria_id, lote) VALUES (324, 'Task 25 for user 1', 'Description for task 25', '2025-10-7', 1, FALSE, 1, 102, 'lote-1') ON CONFLICT(id) DO NOTHING;
INSERT INTO fracttaldb.tarea_etiquetas (tarea_id, etiqueta_id) VALUES (324, 304) ON CONFLICT (tarea_id, etiqueta_id) DO NOTHING;
INSERT INTO fracttaldb.tarea_etiquetas (tarea_id, etiqueta_id) VALUES (324, 305) ON CONFLICT (tarea_id, etiqueta_id) DO NOTHING;
INSERT INTO fracttaldb.tarea_etiquetas (tarea_id, etiqueta_id) VALUES (324, 301) ON CONFLICT (tarea_id, etiqueta_id) DO NOTHING;
INSERT INTO fracttaldb.tareas (id, titulo, descripcion, fecha_vencimiento, prioridad, completada, usuario_id, categoria_id, lote) VALUES (325, 'Task 26 for user 1', 'Description for task 26', '2025-12-28', 3, TRUE, 1, 105, 'lote-1') ON CONFLICT(id) DO NOTHING;
INSERT INTO fracttaldb.tarea_etiquetas (tarea_id, etiqueta_id) VALUES (325, 302) ON CONFLICT (tarea_id, etiqueta_id) DO NOTHING;
INSERT INTO fracttaldb.tareas (id, titulo, descripcion, fecha_vencimiento, prioridad, completada, usuario_id, categoria_id, lote) VALUES (326, 'Task 27 for user 1', 'Description for task 27', '2025-10-14', 2, FALSE, 1, 105, 'lote-1') ON CONFLICT(id) DO NOTHING;
INSERT INTO fracttaldb.tarea_etiquetas (tarea_id, etiqueta_id) VALUES (326, 302) ON CONFLICT (tarea_id, etiqueta_id) DO NOTHING;
INSERT INTO fracttaldb.tarea_etiquetas (tarea_id, etiqueta_id) VALUES (326, 309) ON CONFLICT (tarea_id, etiqueta_id) DO NOTHING;
INSERT INTO fracttaldb.tarea_etiquetas (tarea_id, etiqueta_id) VALUES (326, 307) ON CONFLICT (tarea_id, etiqueta_id) DO NOTHING;
INSERT INTO fracttaldb.tareas (id, titulo, descripcion, fecha_vencimiento, prioridad, completada, usuario_id, categoria_id, lote) VALUES (327, 'Task 28 for user 1', 'Description for task 28', '2025-10-18', 2, TRUE, 1, 103, 'lote-1') ON CONFLICT(id) DO NOTHING;
INSERT INTO fracttaldb.tarea_etiquetas (tarea_id, etiqueta_id) VALUES (327, 308) ON CONFLICT (tarea_id, etiqueta_id) DO NOTHING;
INSERT INTO fracttaldb.tareas (id, titulo, descripcion, fecha_vencimiento, prioridad, completada, usuario_id, categoria_id, lote) VALUES (328, 'Task 29 for user 1', 'Description for task 29', '2025-12-23', 3, TRUE, 1, 104, 'lote-1') ON CONFLICT(id) DO NOTHING;
INSERT INTO fracttaldb.tarea_etiquetas (tarea_id, etiqueta_id) VALUES (328, 307) ON CONFLICT (tarea_id, etiqueta_id) DO NOTHING;
INSERT INTO fracttaldb.tarea_etiquetas (tarea_id, etiqueta_id) VALUES (328, 309) ON CONFLICT (tarea_id, etiqueta_id) DO NOTHING;
INSERT INTO fracttaldb.tarea_etiquetas (tarea_id, etiqueta_id) VALUES (328, 301) ON CONFLICT (tarea_id, etiqueta_id) DO NOTHING;
INSERT INTO fracttaldb.tareas (id, titulo, descripcion, fecha_vencimiento, prioridad, completada, usuario_id, categoria_id, lote) VALUES (329, 'Task 30 for user 1', 'Description for task 30', '2025-11-15', 1, FALSE, 1, 104, 'lote-1') ON CONFLICT(id) DO NOTHING;
INSERT INTO fracttaldb.tarea_etiquetas (tarea_id, etiqueta_id) VALUES (329, 304) ON CONFLICT (tarea_id, etiqueta_id) DO NOTHING;
INSERT INTO fracttaldb.tareas (id, titulo, descripcion, fecha_vencimiento, prioridad, completada, usuario_id, categoria_id, lote) VALUES (330, 'Task 31 for user 1', 'Description for task 31', '2025-10-4', 2, TRUE, 1, 101, 'lote-1') ON CONFLICT(id) DO NOTHING;
INSERT INTO fracttaldb.tarea_etiquetas (tarea_id, etiqueta_id) VALUES (330, 305) ON CONFLICT (tarea_id, etiqueta_id) DO NOTHING;
INSERT INTO fracttaldb.tareas (id, titulo, descripcion, fecha_vencimiento, prioridad, completada, usuario_id, categoria_id, lote) VALUES (331, 'Task 32 for user 1', 'Description for task 32', '2025-11-11', 1, TRUE, 1, 106, 'lote-1') ON CONFLICT(id) DO NOTHING;
INSERT INTO fracttaldb.tarea_etiquetas (tarea_id, etiqueta_id) VALUES (331, 305) ON CONFLICT (tarea_id, etiqueta_id) DO NOTHING;
INSERT INTO fracttaldb.tareas (id, titulo, descripcion, fecha_vencimiento, prioridad, completada, usuario_id, categoria_id, lote) VALUES (332, 'Task 33 for user 1', 'Description for task 33', '2025-12-20', 3, TRUE, 1, 102, 'lote-1') ON CONFLICT(id) DO NOTHING;
INSERT INTO fracttaldb.tarea_etiquetas (tarea_id, etiqueta_id) VALUES (332, 307) ON CONFLICT (tarea_id, etiqueta_id) DO NOTHING;
INSERT INTO fracttaldb.tarea_etiquetas (tarea_id, etiqueta_id) VALUES (332, 301) ON CONFLICT (tarea_id, etiqueta_id) DO NOTHING;
INSERT INTO fracttaldb.tareas (id, titulo, descripcion, fecha_vencimiento, prioridad, completada, usuario_id, categoria_id, lote) VALUES (333, 'Task 34 for user 1', 'Description for task 34', '2025-10-6', 1, FALSE, 1, 103, 'lote-1') ON CONFLICT(id) DO NOTHING;
INSERT INTO fracttaldb.tarea_etiquetas (tarea_id, etiqueta_id) VALUES (333, 303) ON CONFLICT (tarea_id, etiqueta_id) DO NOTHING;
INSERT INTO fracttaldb.tarea_etiquetas (tarea_id, etiqueta_id) VALUES (333, 307) ON CONFLICT (tarea_id, etiqueta_id) DO NOTHING;
INSERT INTO fracttaldb.tarea_etiquetas (tarea_id, etiqueta_id) VALUES (333, 308) ON CONFLICT (tarea_id, etiqueta_id) DO NOTHING;
INSERT INTO fracttaldb.tareas (id, titulo, descripcion, fecha_vencimiento, prioridad, completada, usuario_id, categoria_id, lote) VALUES (334, 'Task 35 for user 1', 'Description for task 35', '2025-12-23', 1, TRUE, 1, 103, 'lote-1') ON CONFLICT(id) DO NOTHING;
INSERT INTO fracttaldb.tarea_etiquetas (tarea_id, etiqueta_id) VALUES (334, 308) ON CONFLICT (tarea_id, etiqueta_id) DO NOTHING;
INSERT INTO fracttaldb.tarea_etiquetas (tarea_id, etiqueta_id) VALUES (334, 303) ON CONFLICT (tarea_id, etiqueta_id) DO NOTHING;
INSERT INTO fracttaldb.tareas (id, titulo, descripcion, fecha_vencimiento, prioridad, completada, usuario_id, categoria_id, lote) VALUES (335, 'Task 36 for user 1', 'Description for task 36', '2025-10-16', 1, FALSE, 1, 104, 'lote-1') ON CONFLICT(id) DO NOTHING;
INSERT INTO fracttaldb.tarea_etiquetas (tarea_id, etiqueta_id) VALUES (335, 304) ON CONFLICT (tarea_id, etiqueta_id) DO NOTHING;
INSERT INTO fracttaldb.tareas (id, titulo, descripcion, fecha_vencimiento, prioridad, completada, usuario_id, categoria_id, lote) VALUES (336, 'Task 37 for user 1', 'Description for task 37', '2025-12-26', 3, FALSE, 1, 106, 'lote-1') ON CONFLICT(id) DO NOTHING;
INSERT INTO fracttaldb.tarea_etiquetas (tarea_id, etiqueta_id) VALUES (336, 301) ON CONFLICT (tarea_id, etiqueta_id) DO NOTHING;
INSERT INTO fracttaldb.tarea_etiquetas (tarea_id, etiqueta_id) VALUES (336, 305) ON CONFLICT (tarea_id, etiqueta_id) DO NOTHING;
INSERT INTO fracttaldb.tareas (id, titulo, descripcion, fecha_vencimiento, prioridad, completada, usuario_id, categoria_id, lote) VALUES (337, 'Task 38 for user 1', 'Description for task 38', '2025-11-23', 3, TRUE, 1, 105, 'lote-1') ON CONFLICT(id) DO NOTHING;
INSERT INTO fracttaldb.tarea_etiquetas (tarea_id, etiqueta_id) VALUES (337, 309) ON CONFLICT (tarea_id, etiqueta_id) DO NOTHING;
INSERT INTO fracttaldb.tarea_etiquetas (tarea_id, etiqueta_id) VALUES (337, 307) ON CONFLICT (tarea_id, etiqueta_id) DO NOTHING;
INSERT INTO fracttaldb.tareas (id, titulo, descripcion, fecha_vencimiento, prioridad, completada, usuario_id, categoria_id, lote) VALUES (338, 'Task 39 for user 1', 'Description for task 39', '2025-10-28', 2, FALSE, 1, 102, 'lote-1') ON CONFLICT(id) DO NOTHING;
INSERT INTO fracttaldb.tarea_etiquetas (tarea_id, etiqueta_id) VALUES (338, 307) ON CONFLICT (tarea_id, etiqueta_id) DO NOTHING;
INSERT INTO fracttaldb.tareas (id, titulo, descripcion, fecha_vencimiento, prioridad, completada, usuario_id, categoria_id, lote) VALUES (339, 'Task 40 for user 1', 'Description for task 40', '2025-11-1', 3, TRUE, 1, 105, 'lote-1') ON CONFLICT(id) DO NOTHING;
INSERT INTO fracttaldb.tarea_etiquetas (tarea_id, etiqueta_id) VALUES (339, 303) ON CONFLICT (tarea_id, etiqueta_id) DO NOTHING;
INSERT INTO fracttaldb.tareas (id, titulo, descripcion, fecha_vencimiento, prioridad, completada, usuario_id, categoria_id, lote) VALUES (340, 'Task 41 for user 1', 'Description for task 41', '2025-10-3', 2, FALSE, 1, 104, 'lote-1') ON CONFLICT(id) DO NOTHING;
INSERT INTO fracttaldb.tarea_etiquetas (tarea_id, etiqueta_id) VALUES (340, 308) ON CONFLICT (tarea_id, etiqueta_id) DO NOTHING;
INSERT INTO fracttaldb.tarea_etiquetas (tarea_id, etiqueta_id) VALUES (340, 304) ON CONFLICT (tarea_id, etiqueta_id) DO NOTHING;
INSERT INTO fracttaldb.tarea_etiquetas (tarea_id, etiqueta_id) VALUES (340, 303) ON CONFLICT (tarea_id, etiqueta_id) DO NOTHING;
INSERT INTO fracttaldb.tareas (id, titulo, descripcion, fecha_vencimiento, prioridad, completada, usuario_id, categoria_id, lote) VALUES (341, 'Task 42 for user 1', 'Description for task 42', '2025-11-14', 3, FALSE, 1, 102, 'lote-1') ON CONFLICT(id) DO NOTHING;
INSERT INTO fracttaldb.tarea_etiquetas (tarea_id, etiqueta_id) VALUES (341, 308) ON CONFLICT (tarea_id, etiqueta_id) DO NOTHING;
INSERT INTO fracttaldb.tarea_etiquetas (tarea_id, etiqueta_id) VALUES (341, 307) ON CONFLICT (tarea_id, etiqueta_id) DO NOTHING;
INSERT INTO fracttaldb.tareas (id, titulo, descripcion, fecha_vencimiento, prioridad, completada, usuario_id, categoria_id, lote) VALUES (342, 'Task 43 for user 1', 'Description for task 43', '2025-10-21', 2, FALSE, 1, 106, 'lote-1') ON CONFLICT(id) DO NOTHING;
INSERT INTO fracttaldb.tarea_etiquetas (tarea_id, etiqueta_id) VALUES (342, 307) ON CONFLICT (tarea_id, etiqueta_id) DO NOTHING;
INSERT INTO fracttaldb.tarea_etiquetas (tarea_id, etiqueta_id) VALUES (342, 305) ON CONFLICT (tarea_id, etiqueta_id) DO NOTHING;
INSERT INTO fracttaldb.tareas (id, titulo, descripcion, fecha_vencimiento, prioridad, completada, usuario_id, categoria_id, lote) VALUES (343, 'Task 44 for user 1', 'Description for task 44', '2025-10-12', 2, TRUE, 1, 102, 'lote-1') ON CONFLICT(id) DO NOTHING;
INSERT INTO fracttaldb.tarea_etiquetas (tarea_id, etiqueta_id) VALUES (343, 309) ON CONFLICT (tarea_id, etiqueta_id) DO NOTHING;
INSERT INTO fracttaldb.tarea_etiquetas (tarea_id, etiqueta_id) VALUES (343, 303) ON CONFLICT (tarea_id, etiqueta_id) DO NOTHING;
INSERT INTO fracttaldb.tareas (id, titulo, descripcion, fecha_vencimiento, prioridad, completada, usuario_id, categoria_id, lote) VALUES (344, 'Task 45 for user 1', 'Description for task 45', '2025-12-18', 2, TRUE, 1, 107, 'lote-1') ON CONFLICT(id) DO NOTHING;
INSERT INTO fracttaldb.tarea_etiquetas (tarea_id, etiqueta_id) VALUES (344, 304) ON CONFLICT (tarea_id, etiqueta_id) DO NOTHING;
INSERT INTO fracttaldb.tareas (id, titulo, descripcion, fecha_vencimiento, prioridad, completada, usuario_id, categoria_id, lote) VALUES (345, 'Task 46 for user 1', 'Description for task 46', '2025-11-17', 2, FALSE, 1, 106, 'lote-1') ON CONFLICT(id) DO NOTHING;
INSERT INTO fracttaldb.tarea_etiquetas (tarea_id, etiqueta_id) VALUES (345, 305) ON CONFLICT (tarea_id, etiqueta_id) DO NOTHING;
INSERT INTO fracttaldb.tarea_etiquetas (tarea_id, etiqueta_id) VALUES (345, 309) ON CONFLICT (tarea_id, etiqueta_id) DO NOTHING;
INSERT INTO fracttaldb.tarea_etiquetas (tarea_id, etiqueta_id) VALUES (345, 301) ON CONFLICT (tarea_id, etiqueta_id) DO NOTHING;
INSERT INTO fracttaldb.tareas (id, titulo, descripcion, fecha_vencimiento, prioridad, completada, usuario_id, categoria_id, lote) VALUES (346, 'Task 47 for user 1', 'Description for task 47', '2025-10-3', 2, TRUE, 1, 102, 'lote-1') ON CONFLICT(id) DO NOTHING;
INSERT INTO fracttaldb.tarea_etiquetas (tarea_id, etiqueta_id) VALUES (346, 305) ON CONFLICT (tarea_id, etiqueta_id) DO NOTHING;
INSERT INTO fracttaldb.tareas (id, titulo, descripcion, fecha_vencimiento, prioridad, completada, usuario_id, categoria_id, lote) VALUES (347, 'Task 48 for user 1', 'Description for task 48', '2025-12-2', 3, FALSE, 1, 103, 'lote-1') ON CONFLICT(id) DO NOTHING;
INSERT INTO fracttaldb.tarea_etiquetas (tarea_id, etiqueta_id) VALUES (347, 302) ON CONFLICT (tarea_id, etiqueta_id) DO NOTHING;
INSERT INTO fracttaldb.tarea_etiquetas (tarea_id, etiqueta_id) VALUES (347, 309) ON CONFLICT (tarea_id, etiqueta_id) DO NOTHING;
INSERT INTO fracttaldb.tareas (id, titulo, descripcion, fecha_vencimiento, prioridad, completada, usuario_id, categoria_id, lote) VALUES (348, 'Task 49 for user 1', 'Description for task 49', '2025-10-14', 1, FALSE, 1, 107, 'lote-1') ON CONFLICT(id) DO NOTHING;
INSERT INTO fracttaldb.tarea_etiquetas (tarea_id, etiqueta_id) VALUES (348, 308) ON CONFLICT (tarea_id, etiqueta_id) DO NOTHING;
INSERT INTO fracttaldb.tareas (id, titulo, descripcion, fecha_vencimiento, prioridad, completada, usuario_id, categoria_id, lote) VALUES (349, 'Task 50 for user 1', 'Description for task 50', '2025-11-12', 1, FALSE, 1, 106, 'lote-1') ON CONFLICT(id) DO NOTHING;
INSERT INTO fracttaldb.tarea_etiquetas (tarea_id, etiqueta_id) VALUES (349, 309) ON CONFLICT (tarea_id, etiqueta_id) DO NOTHING;
INSERT INTO fracttaldb.tarea_etiquetas (tarea_id, etiqueta_id) VALUES (349, 301) ON CONFLICT (tarea_id, etiqueta_id) DO NOTHING;
INSERT INTO fracttaldb.tareas (id, titulo, descripcion, fecha_vencimiento, prioridad, completada, usuario_id, categoria_id, lote) VALUES (350, 'Task 51 for user 1', 'Description for task 51', '2025-12-15', 1, FALSE, 1, 101, 'lote-1') ON CONFLICT(id) DO NOTHING;
INSERT INTO fracttaldb.tarea_etiquetas (tarea_id, etiqueta_id) VALUES (350, 305) ON CONFLICT (tarea_id, etiqueta_id) DO NOTHING;
INSERT INTO fracttaldb.tarea_etiquetas (tarea_id, etiqueta_id) VALUES (350, 301) ON CONFLICT (tarea_id, etiqueta_id) DO NOTHING;
INSERT INTO fracttaldb.tareas (id, titulo, descripcion, fecha_vencimiento, prioridad, completada, usuario_id, categoria_id, lote) VALUES (351, 'Task 52 for user 1', 'Description for task 52', '2025-12-3', 3, TRUE, 1, 101, 'lote-1') ON CONFLICT(id) DO NOTHING;
INSERT INTO fracttaldb.tarea_etiquetas (tarea_id, etiqueta_id) VALUES (351, 308) ON CONFLICT (tarea_id, etiqueta_id) DO NOTHING;
INSERT INTO fracttaldb.tareas (id, titulo, descripcion, fecha_vencimiento, prioridad, completada, usuario_id, categoria_id, lote) VALUES (352, 'Task 53 for user 1', 'Description for task 53', '2025-11-25', 2, TRUE, 1, 105, 'lote-1') ON CONFLICT(id) DO NOTHING;
INSERT INTO fracttaldb.tarea_etiquetas (tarea_id, etiqueta_id) VALUES (352, 309) ON CONFLICT (tarea_id, etiqueta_id) DO NOTHING;
INSERT INTO fracttaldb.tarea_etiquetas (tarea_id, etiqueta_id) VALUES (352, 303) ON CONFLICT (tarea_id, etiqueta_id) DO NOTHING;
INSERT INTO fracttaldb.tareas (id, titulo, descripcion, fecha_vencimiento, prioridad, completada, usuario_id, categoria_id, lote) VALUES (353, 'Task 54 for user 1', 'Description for task 54', '2025-10-23', 2, FALSE, 1, 107, 'lote-1') ON CONFLICT(id) DO NOTHING;
INSERT INTO fracttaldb.tarea_etiquetas (tarea_id, etiqueta_id) VALUES (353, 307) ON CONFLICT (tarea_id, etiqueta_id) DO NOTHING;
INSERT INTO fracttaldb.tarea_etiquetas (tarea_id, etiqueta_id) VALUES (353, 301) ON CONFLICT (tarea_id, etiqueta_id) DO NOTHING;
INSERT INTO fracttaldb.tarea_etiquetas (tarea_id, etiqueta_id) VALUES (353, 304) ON CONFLICT (tarea_id, etiqueta_id) DO NOTHING;
INSERT INTO fracttaldb.tareas (id, titulo, descripcion, fecha_vencimiento, prioridad, completada, usuario_id, categoria_id, lote) VALUES (354, 'Task 55 for user 1', 'Description for task 55', '2025-11-19', 1, FALSE, 1, 101, 'lote-1') ON CONFLICT(id) DO NOTHING;
INSERT INTO fracttaldb.tarea_etiquetas (tarea_id, etiqueta_id) VALUES (354, 306) ON CONFLICT (tarea_id, etiqueta_id) DO NOTHING;
INSERT INTO fracttaldb.tareas (id, titulo, descripcion, fecha_vencimiento, prioridad, completada, usuario_id, categoria_id, lote) VALUES (355, 'Task 56 for user 1', 'Description for task 56', '2025-12-20', 1, TRUE, 1, 102, 'lote-1') ON CONFLICT(id) DO NOTHING;
INSERT INTO fracttaldb.tarea_etiquetas (tarea_id, etiqueta_id) VALUES (355, 309) ON CONFLICT (tarea_id, etiqueta_id) DO NOTHING;
INSERT INTO fracttaldb.tareas (id, titulo, descripcion, fecha_vencimiento, prioridad, completada, usuario_id, categoria_id, lote) VALUES (356, 'Task 57 for user 1', 'Description for task 57', '2025-11-12', 3, TRUE, 1, 102, 'lote-1') ON CONFLICT(id) DO NOTHING;
INSERT INTO fracttaldb.tarea_etiquetas (tarea_id, etiqueta_id) VALUES (356, 305) ON CONFLICT (tarea_id, etiqueta_id) DO NOTHING;
INSERT INTO fracttaldb.tarea_etiquetas (tarea_id, etiqueta_id) VALUES (356, 301) ON CONFLICT (tarea_id, etiqueta_id) DO NOTHING;
INSERT INTO fracttaldb.tarea_etiquetas (tarea_id, etiqueta_id) VALUES (356, 302) ON CONFLICT (tarea_id, etiqueta_id) DO NOTHING;
INSERT INTO fracttaldb.tareas (id, titulo, descripcion, fecha_vencimiento, prioridad, completada, usuario_id, categoria_id, lote) VALUES (357, 'Task 58 for user 1', 'Description for task 58', '2025-12-15', 2, FALSE, 1, 104, 'lote-1') ON CONFLICT(id) DO NOTHING;
INSERT INTO fracttaldb.tarea_etiquetas (tarea_id, etiqueta_id) VALUES (357, 301) ON CONFLICT (tarea_id, etiqueta_id) DO NOTHING;
INSERT INTO fracttaldb.tarea_etiquetas (tarea_id, etiqueta_id) VALUES (357, 308) ON CONFLICT (tarea_id, etiqueta_id) DO NOTHING;
INSERT INTO fracttaldb.tarea_etiquetas (tarea_id, etiqueta_id) VALUES (357, 304) ON CONFLICT (tarea_id, etiqueta_id) DO NOTHING;
INSERT INTO fracttaldb.tareas (id, titulo, descripcion, fecha_vencimiento, prioridad, completada, usuario_id, categoria_id, lote) VALUES (358, 'Task 59 for user 1', 'Description for task 59', '2025-12-10', 3, FALSE, 1, 105, 'lote-1') ON CONFLICT(id) DO NOTHING;
INSERT INTO fracttaldb.tarea_etiquetas (tarea_id, etiqueta_id) VALUES (358, 307) ON CONFLICT (tarea_id, etiqueta_id) DO NOTHING;
INSERT INTO fracttaldb.tarea_etiquetas (tarea_id, etiqueta_id) VALUES (358, 306) ON CONFLICT (tarea_id, etiqueta_id) DO NOTHING;
INSERT INTO fracttaldb.tareas (id, titulo, descripcion, fecha_vencimiento, prioridad, completada, usuario_id, categoria_id, lote) VALUES (359, 'Task 60 for user 1', 'Description for task 60', '2025-12-21', 2, FALSE, 1, 103, 'lote-1') ON CONFLICT(id) DO NOTHING;
INSERT INTO fracttaldb.tarea_etiquetas (tarea_id, etiqueta_id) VALUES (359, 303) ON CONFLICT (tarea_id, etiqueta_id) DO NOTHING;
INSERT INTO fracttaldb.tarea_etiquetas (tarea_id, etiqueta_id) VALUES (359, 304) ON CONFLICT (tarea_id, etiqueta_id) DO NOTHING;
INSERT INTO fracttaldb.tareas (id, titulo, descripcion, fecha_vencimiento, prioridad, completada, usuario_id, categoria_id, lote) VALUES (360, 'Task 61 for user 1', 'Description for task 61', '2025-11-11', 1, TRUE, 1, 106, 'lote-1') ON CONFLICT(id) DO NOTHING;
INSERT INTO fracttaldb.tarea_etiquetas (tarea_id, etiqueta_id) VALUES (360, 304) ON CONFLICT (tarea_id, etiqueta_id) DO NOTHING;
INSERT INTO fracttaldb.tarea_etiquetas (tarea_id, etiqueta_id) VALUES (360, 308) ON CONFLICT (tarea_id, etiqueta_id) DO NOTHING;
INSERT INTO fracttaldb.tarea_etiquetas (tarea_id, etiqueta_id) VALUES (360, 306) ON CONFLICT (tarea_id, etiqueta_id) DO NOTHING;
INSERT INTO fracttaldb.tareas (id, titulo, descripcion, fecha_vencimiento, prioridad, completada, usuario_id, categoria_id, lote) VALUES (361, 'Task 62 for user 1', 'Description for task 62', '2025-12-14', 1, TRUE, 1, 106, 'lote-1') ON CONFLICT(id) DO NOTHING;
INSERT INTO fracttaldb.tarea_etiquetas (tarea_id, etiqueta_id) VALUES (361, 308) ON CONFLICT (tarea_id, etiqueta_id) DO NOTHING;
INSERT INTO fracttaldb.tarea_etiquetas (tarea_id, etiqueta_id) VALUES (361, 301) ON CONFLICT (tarea_id, etiqueta_id) DO NOTHING;
INSERT INTO fracttaldb.tareas (id, titulo, descripcion, fecha_vencimiento, prioridad, completada, usuario_id, categoria_id, lote) VALUES (362, 'Task 63 for user 1', 'Description for task 63', '2025-10-18', 3, TRUE, 1, 104, 'lote-1') ON CONFLICT(id) DO NOTHING;
INSERT INTO fracttaldb.tarea_etiquetas (tarea_id, etiqueta_id) VALUES (362, 307) ON CONFLICT (tarea_id, etiqueta_id) DO NOTHING;
INSERT INTO fracttaldb.tareas (id, titulo, descripcion, fecha_vencimiento, prioridad, completada, usuario_id, categoria_id, lote) VALUES (363, 'Task 64 for user 1', 'Description for task 64', '2025-10-7', 1, FALSE, 1, 104, 'lote-1') ON CONFLICT(id) DO NOTHING;
INSERT INTO fracttaldb.tarea_etiquetas (tarea_id, etiqueta_id) VALUES (363, 309) ON CONFLICT (tarea_id, etiqueta_id) DO NOTHING;
INSERT INTO fracttaldb.tarea_etiquetas (tarea_id, etiqueta_id) VALUES (363, 308) ON CONFLICT (tarea_id, etiqueta_id) DO NOTHING;
INSERT INTO fracttaldb.tarea_etiquetas (tarea_id, etiqueta_id) VALUES (363, 304) ON CONFLICT (tarea_id, etiqueta_id) DO NOTHING;
INSERT INTO fracttaldb.tareas (id, titulo, descripcion, fecha_vencimiento, prioridad, completada, usuario_id, categoria_id, lote) VALUES (364, 'Task 65 for user 1', 'Description for task 65', '2025-11-19', 2, FALSE, 1, 105, 'lote-1') ON CONFLICT(id) DO NOTHING;
INSERT INTO fracttaldb.tarea_etiquetas (tarea_id, etiqueta_id) VALUES (364, 309) ON CONFLICT (tarea_id, etiqueta_id) DO NOTHING;
INSERT INTO fracttaldb.tarea_etiquetas (tarea_id, etiqueta_id) VALUES (364, 306) ON CONFLICT (tarea_id, etiqueta_id) DO NOTHING;
INSERT INTO fracttaldb.tareas (id, titulo, descripcion, fecha_vencimiento, prioridad, completada, usuario_id, categoria_id, lote) VALUES (365, 'Task 66 for user 1', 'Description for task 66', '2025-11-18', 1, FALSE, 1, 103, 'lote-1') ON CONFLICT(id) DO NOTHING;
INSERT INTO fracttaldb.tarea_etiquetas (tarea_id, etiqueta_id) VALUES (365, 308) ON CONFLICT (tarea_id, etiqueta_id) DO NOTHING;
INSERT INTO fracttaldb.tareas (id, titulo, descripcion, fecha_vencimiento, prioridad, completada, usuario_id, categoria_id, lote) VALUES (366, 'Task 67 for user 1', 'Description for task 67', '2025-11-17', 1, TRUE, 1, 103, 'lote-1') ON CONFLICT(id) DO NOTHING;
INSERT INTO fracttaldb.tarea_etiquetas (tarea_id, etiqueta_id) VALUES (366, 308) ON CONFLICT (tarea_id, etiqueta_id) DO NOTHING;
INSERT INTO fracttaldb.tareas (id, titulo, descripcion, fecha_vencimiento, prioridad, completada, usuario_id, categoria_id, lote) VALUES (367, 'Task 68 for user 1', 'Description for task 68', '2025-12-15', 3, TRUE, 1, 101, 'lote-1') ON CONFLICT(id) DO NOTHING;
INSERT INTO fracttaldb.tarea_etiquetas (tarea_id, etiqueta_id) VALUES (367, 308) ON CONFLICT (tarea_id, etiqueta_id) DO NOTHING;
INSERT INTO fracttaldb.tarea_etiquetas (tarea_id, etiqueta_id) VALUES (367, 307) ON CONFLICT (tarea_id, etiqueta_id) DO NOTHING;
INSERT INTO fracttaldb.tarea_etiquetas (tarea_id, etiqueta_id) VALUES (367, 309) ON CONFLICT (tarea_id, etiqueta_id) DO NOTHING;
INSERT INTO fracttaldb.tareas (id, titulo, descripcion, fecha_vencimiento, prioridad, completada, usuario_id, categoria_id, lote) VALUES (368, 'Task 69 for user 1', 'Description for task 69', '2025-12-22', 2, TRUE, 1, 104, 'lote-1') ON CONFLICT(id) DO NOTHING;
INSERT INTO fracttaldb.tarea_etiquetas (tarea_id, etiqueta_id) VALUES (368, 309) ON CONFLICT (tarea_id, etiqueta_id) DO NOTHING;
INSERT INTO fracttaldb.tarea_etiquetas (tarea_id, etiqueta_id) VALUES (368, 308) ON CONFLICT (tarea_id, etiqueta_id) DO NOTHING;
INSERT INTO fracttaldb.tareas (id, titulo, descripcion, fecha_vencimiento, prioridad, completada, usuario_id, categoria_id, lote) VALUES (369, 'Task 70 for user 1', 'Description for task 70', '2025-10-15', 1, FALSE, 1, 103, 'lote-1') ON CONFLICT(id) DO NOTHING;
INSERT INTO fracttaldb.tarea_etiquetas (tarea_id, etiqueta_id) VALUES (369, 308) ON CONFLICT (tarea_id, etiqueta_id) DO NOTHING;
INSERT INTO fracttaldb.tarea_etiquetas (tarea_id, etiqueta_id) VALUES (369, 307) ON CONFLICT (tarea_id, etiqueta_id) DO NOTHING;
INSERT INTO fracttaldb.tarea_etiquetas (tarea_id, etiqueta_id) VALUES (369, 309) ON CONFLICT (tarea_id, etiqueta_id) DO NOTHING;
INSERT INTO fracttaldb.tareas (id, titulo, descripcion, fecha_vencimiento, prioridad, completada, usuario_id, categoria_id, lote) VALUES (370, 'Task 71 for user 1', 'Description for task 71', '2025-10-21', 2, TRUE, 1, 101, 'lote-1') ON CONFLICT(id) DO NOTHING;
INSERT INTO fracttaldb.tarea_etiquetas (tarea_id, etiqueta_id) VALUES (370, 309) ON CONFLICT (tarea_id, etiqueta_id) DO NOTHING;
INSERT INTO fracttaldb.tarea_etiquetas (tarea_id, etiqueta_id) VALUES (370, 307) ON CONFLICT (tarea_id, etiqueta_id) DO NOTHING;
INSERT INTO fracttaldb.tareas (id, titulo, descripcion, fecha_vencimiento, prioridad, completada, usuario_id, categoria_id, lote) VALUES (371, 'Task 72 for user 1', 'Description for task 72', '2025-11-5', 3, FALSE, 1, 106, 'lote-1') ON CONFLICT(id) DO NOTHING;
INSERT INTO fracttaldb.tarea_etiquetas (tarea_id, etiqueta_id) VALUES (371, 304) ON CONFLICT (tarea_id, etiqueta_id) DO NOTHING;
INSERT INTO fracttaldb.tarea_etiquetas (tarea_id, etiqueta_id) VALUES (371, 308) ON CONFLICT (tarea_id, etiqueta_id) DO NOTHING;
INSERT INTO fracttaldb.tarea_etiquetas (tarea_id, etiqueta_id) VALUES (371, 303) ON CONFLICT (tarea_id, etiqueta_id) DO NOTHING;
INSERT INTO fracttaldb.tareas (id, titulo, descripcion, fecha_vencimiento, prioridad, completada, usuario_id, categoria_id, lote) VALUES (372, 'Task 73 for user 1', 'Description for task 73', '2025-10-20', 2, FALSE, 1, 107, 'lote-1') ON CONFLICT(id) DO NOTHING;
INSERT INTO fracttaldb.tarea_etiquetas (tarea_id, etiqueta_id) VALUES (372, 307) ON CONFLICT (tarea_id, etiqueta_id) DO NOTHING;
INSERT INTO fracttaldb.tareas (id, titulo, descripcion, fecha_vencimiento, prioridad, completada, usuario_id, categoria_id, lote) VALUES (373, 'Task 74 for user 1', 'Description for task 74', '2025-10-1', 3, FALSE, 1, 105, 'lote-1') ON CONFLICT(id) DO NOTHING;
INSERT INTO fracttaldb.tarea_etiquetas (tarea_id, etiqueta_id) VALUES (373, 303) ON CONFLICT (tarea_id, etiqueta_id) DO NOTHING;
INSERT INTO fracttaldb.tarea_etiquetas (tarea_id, etiqueta_id) VALUES (373, 302) ON CONFLICT (tarea_id, etiqueta_id) DO NOTHING;
INSERT INTO fracttaldb.tareas (id, titulo, descripcion, fecha_vencimiento, prioridad, completada, usuario_id, categoria_id, lote) VALUES (374, 'Task 75 for user 1', 'Description for task 75', '2025-11-12', 3, TRUE, 1, 103, 'lote-1') ON CONFLICT(id) DO NOTHING;
INSERT INTO fracttaldb.tarea_etiquetas (tarea_id, etiqueta_id) VALUES (374, 301) ON CONFLICT (tarea_id, etiqueta_id) DO NOTHING;
INSERT INTO fracttaldb.tareas (id, titulo, descripcion, fecha_vencimiento, prioridad, completada, usuario_id, categoria_id, lote) VALUES (375, 'Task 76 for user 1', 'Description for task 76', '2025-12-4', 3, TRUE, 1, 107, 'lote-1') ON CONFLICT(id) DO NOTHING;
INSERT INTO fracttaldb.tarea_etiquetas (tarea_id, etiqueta_id) VALUES (375, 309) ON CONFLICT (tarea_id, etiqueta_id) DO NOTHING;
INSERT INTO fracttaldb.tareas (id, titulo, descripcion, fecha_vencimiento, prioridad, completada, usuario_id, categoria_id, lote) VALUES (376, 'Task 77 for user 1', 'Description for task 77', '2025-11-5', 3, FALSE, 1, 101, 'lote-1') ON CONFLICT(id) DO NOTHING;
INSERT INTO fracttaldb.tarea_etiquetas (tarea_id, etiqueta_id) VALUES (376, 305) ON CONFLICT (tarea_id, etiqueta_id) DO NOTHING;
INSERT INTO fracttaldb.tarea_etiquetas (tarea_id, etiqueta_id) VALUES (376, 304) ON CONFLICT (tarea_id, etiqueta_id) DO NOTHING;
INSERT INTO fracttaldb.tareas (id, titulo, descripcion, fecha_vencimiento, prioridad, completada, usuario_id, categoria_id, lote) VALUES (377, 'Task 78 for user 1', 'Description for task 78', '2025-11-13', 3, TRUE, 1, 107, 'lote-1') ON CONFLICT(id) DO NOTHING;
INSERT INTO fracttaldb.tarea_etiquetas (tarea_id, etiqueta_id) VALUES (377, 307) ON CONFLICT (tarea_id, etiqueta_id) DO NOTHING;
INSERT INTO fracttaldb.tarea_etiquetas (tarea_id, etiqueta_id) VALUES (377, 305) ON CONFLICT (tarea_id, etiqueta_id) DO NOTHING;
INSERT INTO fracttaldb.tarea_etiquetas (tarea_id, etiqueta_id) VALUES (377, 302) ON CONFLICT (tarea_id, etiqueta_id) DO NOTHING;
INSERT INTO fracttaldb.tareas (id, titulo, descripcion, fecha_vencimiento, prioridad, completada, usuario_id, categoria_id, lote) VALUES (378, 'Task 79 for user 1', 'Description for task 79', '2025-12-17', 1, FALSE, 1, 106, 'lote-1') ON CONFLICT(id) DO NOTHING;
INSERT INTO fracttaldb.tarea_etiquetas (tarea_id, etiqueta_id) VALUES (378, 301) ON CONFLICT (tarea_id, etiqueta_id) DO NOTHING;
INSERT INTO fracttaldb.tarea_etiquetas (tarea_id, etiqueta_id) VALUES (378, 309) ON CONFLICT (tarea_id, etiqueta_id) DO NOTHING;
INSERT INTO fracttaldb.tareas (id, titulo, descripcion, fecha_vencimiento, prioridad, completada, usuario_id, categoria_id, lote) VALUES (379, 'Task 80 for user 1', 'Description for task 80', '2025-11-16', 1, FALSE, 1, 103, 'lote-1') ON CONFLICT(id) DO NOTHING;
INSERT INTO fracttaldb.tarea_etiquetas (tarea_id, etiqueta_id) VALUES (379, 308) ON CONFLICT (tarea_id, etiqueta_id) DO NOTHING;
INSERT INTO fracttaldb.tarea_etiquetas (tarea_id, etiqueta_id) VALUES (379, 302) ON CONFLICT (tarea_id, etiqueta_id) DO NOTHING;
INSERT INTO fracttaldb.tarea_etiquetas (tarea_id, etiqueta_id) VALUES (379, 307) ON CONFLICT (tarea_id, etiqueta_id) DO NOTHING;
INSERT INTO fracttaldb.tareas (id, titulo, descripcion, fecha_vencimiento, prioridad, completada, usuario_id, categoria_id, lote) VALUES (380, 'Task 81 for user 1', 'Description for task 81', '2025-10-4', 3, TRUE, 1, 102, 'lote-1') ON CONFLICT(id) DO NOTHING;
INSERT INTO fracttaldb.tarea_etiquetas (tarea_id, etiqueta_id) VALUES (380, 301) ON CONFLICT (tarea_id, etiqueta_id) DO NOTHING;
INSERT INTO fracttaldb.tarea_etiquetas (tarea_id, etiqueta_id) VALUES (380, 304) ON CONFLICT (tarea_id, etiqueta_id) DO NOTHING;
INSERT INTO fracttaldb.tarea_etiquetas (tarea_id, etiqueta_id) VALUES (380, 305) ON CONFLICT (tarea_id, etiqueta_id) DO NOTHING;
INSERT INTO fracttaldb.tareas (id, titulo, descripcion, fecha_vencimiento, prioridad, completada, usuario_id, categoria_id, lote) VALUES (381, 'Task 82 for user 1', 'Description for task 82', '2025-10-13', 1, FALSE, 1, 106, 'lote-1') ON CONFLICT(id) DO NOTHING;
INSERT INTO fracttaldb.tarea_etiquetas (tarea_id, etiqueta_id) VALUES (381, 307) ON CONFLICT (tarea_id, etiqueta_id) DO NOTHING;
INSERT INTO fracttaldb.tarea_etiquetas (tarea_id, etiqueta_id) VALUES (381, 301) ON CONFLICT (tarea_id, etiqueta_id) DO NOTHING;
INSERT INTO fracttaldb.tarea_etiquetas (tarea_id, etiqueta_id) VALUES (381, 309) ON CONFLICT (tarea_id, etiqueta_id) DO NOTHING;
INSERT INTO fracttaldb.tareas (id, titulo, descripcion, fecha_vencimiento, prioridad, completada, usuario_id, categoria_id, lote) VALUES (382, 'Task 83 for user 1', 'Description for task 83', '2025-10-3', 3, TRUE, 1, 107, 'lote-1') ON CONFLICT(id) DO NOTHING;
INSERT INTO fracttaldb.tarea_etiquetas (tarea_id, etiqueta_id) VALUES (382, 301) ON CONFLICT (tarea_id, etiqueta_id) DO NOTHING;
INSERT INTO fracttaldb.tarea_etiquetas (tarea_id, etiqueta_id) VALUES (382, 307) ON CONFLICT (tarea_id, etiqueta_id) DO NOTHING;
INSERT INTO fracttaldb.tareas (id, titulo, descripcion, fecha_vencimiento, prioridad, completada, usuario_id, categoria_id, lote) VALUES (383, 'Task 84 for user 1', 'Description for task 84', '2025-10-12', 3, TRUE, 1, 101, 'lote-1') ON CONFLICT(id) DO NOTHING;
INSERT INTO fracttaldb.tarea_etiquetas (tarea_id, etiqueta_id) VALUES (383, 305) ON CONFLICT (tarea_id, etiqueta_id) DO NOTHING;
INSERT INTO fracttaldb.tarea_etiquetas (tarea_id, etiqueta_id) VALUES (383, 306) ON CONFLICT (tarea_id, etiqueta_id) DO NOTHING;
INSERT INTO fracttaldb.tarea_etiquetas (tarea_id, etiqueta_id) VALUES (383, 301) ON CONFLICT (tarea_id, etiqueta_id) DO NOTHING;
INSERT INTO fracttaldb.tareas (id, titulo, descripcion, fecha_vencimiento, prioridad, completada, usuario_id, categoria_id, lote) VALUES (384, 'Task 85 for user 1', 'Description for task 85', '2025-11-23', 1, TRUE, 1, 104, 'lote-1') ON CONFLICT(id) DO NOTHING;
INSERT INTO fracttaldb.tarea_etiquetas (tarea_id, etiqueta_id) VALUES (384, 308) ON CONFLICT (tarea_id, etiqueta_id) DO NOTHING;
INSERT INTO fracttaldb.tarea_etiquetas (tarea_id, etiqueta_id) VALUES (384, 304) ON CONFLICT (tarea_id, etiqueta_id) DO NOTHING;
INSERT INTO fracttaldb.tareas (id, titulo, descripcion, fecha_vencimiento, prioridad, completada, usuario_id, categoria_id, lote) VALUES (385, 'Task 86 for user 1', 'Description for task 86', '2025-10-12', 3, TRUE, 1, 106, 'lote-1') ON CONFLICT(id) DO NOTHING;
INSERT INTO fracttaldb.tarea_etiquetas (tarea_id, etiqueta_id) VALUES (385, 309) ON CONFLICT (tarea_id, etiqueta_id) DO NOTHING;
INSERT INTO fracttaldb.tarea_etiquetas (tarea_id, etiqueta_id) VALUES (385, 302) ON CONFLICT (tarea_id, etiqueta_id) DO NOTHING;
INSERT INTO fracttaldb.tarea_etiquetas (tarea_id, etiqueta_id) VALUES (385, 304) ON CONFLICT (tarea_id, etiqueta_id) DO NOTHING;
INSERT INTO fracttaldb.tareas (id, titulo, descripcion, fecha_vencimiento, prioridad, completada, usuario_id, categoria_id, lote) VALUES (386, 'Task 87 for user 1', 'Description for task 87', '2025-10-13', 1, TRUE, 1, 101, 'lote-1') ON CONFLICT(id) DO NOTHING;
INSERT INTO fracttaldb.tarea_etiquetas (tarea_id, etiqueta_id) VALUES (386, 309) ON CONFLICT (tarea_id, etiqueta_id) DO NOTHING;
INSERT INTO fracttaldb.tarea_etiquetas (tarea_id, etiqueta_id) VALUES (386, 304) ON CONFLICT (tarea_id, etiqueta_id) DO NOTHING;
INSERT INTO fracttaldb.tarea_etiquetas (tarea_id, etiqueta_id) VALUES (386, 303) ON CONFLICT (tarea_id, etiqueta_id) DO NOTHING;
INSERT INTO fracttaldb.tareas (id, titulo, descripcion, fecha_vencimiento, prioridad, completada, usuario_id, categoria_id, lote) VALUES (387, 'Task 88 for user 1', 'Description for task 88', '2025-11-5', 2, FALSE, 1, 103, 'lote-1') ON CONFLICT(id) DO NOTHING;
INSERT INTO fracttaldb.tarea_etiquetas (tarea_id, etiqueta_id) VALUES (387, 303) ON CONFLICT (tarea_id, etiqueta_id) DO NOTHING;
INSERT INTO fracttaldb.tareas (id, titulo, descripcion, fecha_vencimiento, prioridad, completada, usuario_id, categoria_id, lote) VALUES (388, 'Task 89 for user 1', 'Description for task 89', '2025-10-27', 1, FALSE, 1, 104, 'lote-1') ON CONFLICT(id) DO NOTHING;
INSERT INTO fracttaldb.tarea_etiquetas (tarea_id, etiqueta_id) VALUES (388, 306) ON CONFLICT (tarea_id, etiqueta_id) DO NOTHING;
INSERT INTO fracttaldb.tareas (id, titulo, descripcion, fecha_vencimiento, prioridad, completada, usuario_id, categoria_id, lote) VALUES (389, 'Task 90 for user 1', 'Description for task 90', '2025-10-10', 2, TRUE, 1, 102, 'lote-1') ON CONFLICT(id) DO NOTHING;
INSERT INTO fracttaldb.tarea_etiquetas (tarea_id, etiqueta_id) VALUES (389, 305) ON CONFLICT (tarea_id, etiqueta_id) DO NOTHING;
INSERT INTO fracttaldb.tareas (id, titulo, descripcion, fecha_vencimiento, prioridad, completada, usuario_id, categoria_id, lote) VALUES (390, 'Task 91 for user 1', 'Description for task 91', '2025-12-24', 3, FALSE, 1, 103, 'lote-1') ON CONFLICT(id) DO NOTHING;
INSERT INTO fracttaldb.tarea_etiquetas (tarea_id, etiqueta_id) VALUES (390, 304) ON CONFLICT (tarea_id, etiqueta_id) DO NOTHING;
INSERT INTO fracttaldb.tarea_etiquetas (tarea_id, etiqueta_id) VALUES (390, 307) ON CONFLICT (tarea_id, etiqueta_id) DO NOTHING;
INSERT INTO fracttaldb.tarea_etiquetas (tarea_id, etiqueta_id) VALUES (390, 305) ON CONFLICT (tarea_id, etiqueta_id) DO NOTHING;
INSERT INTO fracttaldb.tareas (id, titulo, descripcion, fecha_vencimiento, prioridad, completada, usuario_id, categoria_id, lote) VALUES (391, 'Task 92 for user 1', 'Description for task 92', '2025-12-8', 1, FALSE, 1, 105, 'lote-1') ON CONFLICT(id) DO NOTHING;
INSERT INTO fracttaldb.tarea_etiquetas (tarea_id, etiqueta_id) VALUES (391, 306) ON CONFLICT (tarea_id, etiqueta_id) DO NOTHING;
INSERT INTO fracttaldb.tarea_etiquetas (tarea_id, etiqueta_id) VALUES (391, 308) ON CONFLICT (tarea_id, etiqueta_id) DO NOTHING;
INSERT INTO fracttaldb.tarea_etiquetas (tarea_id, etiqueta_id) VALUES (391, 305) ON CONFLICT (tarea_id, etiqueta_id) DO NOTHING;
INSERT INTO fracttaldb.tareas (id, titulo, descripcion, fecha_vencimiento, prioridad, completada, usuario_id, categoria_id, lote) VALUES (392, 'Task 93 for user 1', 'Description for task 93', '2025-11-11', 2, FALSE, 1, 107, 'lote-1') ON CONFLICT(id) DO NOTHING;
INSERT INTO fracttaldb.tarea_etiquetas (tarea_id, etiqueta_id) VALUES (392, 302) ON CONFLICT (tarea_id, etiqueta_id) DO NOTHING;
INSERT INTO fracttaldb.tarea_etiquetas (tarea_id, etiqueta_id) VALUES (392, 303) ON CONFLICT (tarea_id, etiqueta_id) DO NOTHING;
INSERT INTO fracttaldb.tareas (id, titulo, descripcion, fecha_vencimiento, prioridad, completada, usuario_id, categoria_id, lote) VALUES (393, 'Task 94 for user 1', 'Description for task 94', '2025-12-10', 3, TRUE, 1, 102, 'lote-1') ON CONFLICT(id) DO NOTHING;
INSERT INTO fracttaldb.tarea_etiquetas (tarea_id, etiqueta_id) VALUES (393, 303) ON CONFLICT (tarea_id, etiqueta_id) DO NOTHING;
INSERT INTO fracttaldb.tarea_etiquetas (tarea_id, etiqueta_id) VALUES (393, 305) ON CONFLICT (tarea_id, etiqueta_id) DO NOTHING;
INSERT INTO fracttaldb.tareas (id, titulo, descripcion, fecha_vencimiento, prioridad, completada, usuario_id, categoria_id, lote) VALUES (394, 'Task 95 for user 1', 'Description for task 95', '2025-11-12', 3, FALSE, 1, 107, 'lote-1') ON CONFLICT(id) DO NOTHING;
INSERT INTO fracttaldb.tarea_etiquetas (tarea_id, etiqueta_id) VALUES (394, 301) ON CONFLICT (tarea_id, etiqueta_id) DO NOTHING;
INSERT INTO fracttaldb.tareas (id, titulo, descripcion, fecha_vencimiento, prioridad, completada, usuario_id, categoria_id, lote) VALUES (395, 'Task 96 for user 1', 'Description for task 96', '2025-10-18', 1, FALSE, 1, 104, 'lote-1') ON CONFLICT(id) DO NOTHING;
INSERT INTO fracttaldb.tarea_etiquetas (tarea_id, etiqueta_id) VALUES (395, 304) ON CONFLICT (tarea_id, etiqueta_id) DO NOTHING;
INSERT INTO fracttaldb.tarea_etiquetas (tarea_id, etiqueta_id) VALUES (395, 309) ON CONFLICT (tarea_id, etiqueta_id) DO NOTHING;
INSERT INTO fracttaldb.tarea_etiquetas (tarea_id, etiqueta_id) VALUES (395, 301) ON CONFLICT (tarea_id, etiqueta_id) DO NOTHING;
INSERT INTO fracttaldb.tareas (id, titulo, descripcion, fecha_vencimiento, prioridad, completada, usuario_id, categoria_id, lote) VALUES (396, 'Task 97 for user 1', 'Description for task 97', '2025-12-21', 2, TRUE, 1, 102, 'lote-1') ON CONFLICT(id) DO NOTHING;
INSERT INTO fracttaldb.tarea_etiquetas (tarea_id, etiqueta_id) VALUES (396, 301) ON CONFLICT (tarea_id, etiqueta_id) DO NOTHING;
INSERT INTO fracttaldb.tarea_etiquetas (tarea_id, etiqueta_id) VALUES (396, 308) ON CONFLICT (tarea_id, etiqueta_id) DO NOTHING;
INSERT INTO fracttaldb.tareas (id, titulo, descripcion, fecha_vencimiento, prioridad, completada, usuario_id, categoria_id, lote) VALUES (397, 'Task 98 for user 1', 'Description for task 98', '2025-12-5', 2, TRUE, 1, 107, 'lote-1') ON CONFLICT(id) DO NOTHING;
INSERT INTO fracttaldb.tarea_etiquetas (tarea_id, etiqueta_id) VALUES (397, 301) ON CONFLICT (tarea_id, etiqueta_id) DO NOTHING;
INSERT INTO fracttaldb.tareas (id, titulo, descripcion, fecha_vencimiento, prioridad, completada, usuario_id, categoria_id, lote) VALUES (398, 'Task 99 for user 1', 'Description for task 99', '2025-11-3', 3, TRUE, 1, 102, 'lote-1') ON CONFLICT(id) DO NOTHING;
INSERT INTO fracttaldb.tarea_etiquetas (tarea_id, etiqueta_id) VALUES (398, 304) ON CONFLICT (tarea_id, etiqueta_id) DO NOTHING;
INSERT INTO fracttaldb.tarea_etiquetas (tarea_id, etiqueta_id) VALUES (398, 307) ON CONFLICT (tarea_id, etiqueta_id) DO NOTHING;
INSERT INTO fracttaldb.tareas (id, titulo, descripcion, fecha_vencimiento, prioridad, completada, usuario_id, categoria_id, lote) VALUES (399, 'Task 100 for user 1', 'Description for task 100', '2025-10-9', 1, TRUE, 1, 106, 'lote-1') ON CONFLICT(id) DO NOTHING;
INSERT INTO fracttaldb.tarea_etiquetas (tarea_id, etiqueta_id) VALUES (399, 301) ON CONFLICT (tarea_id, etiqueta_id) DO NOTHING;
INSERT INTO fracttaldb.tarea_etiquetas (tarea_id, etiqueta_id) VALUES (399, 308) ON CONFLICT (tarea_id, etiqueta_id) DO NOTHING;
INSERT INTO fracttaldb.tarea_etiquetas (tarea_id, etiqueta_id) VALUES (399, 306) ON CONFLICT (tarea_id, etiqueta_id) DO NOTHING;
INSERT INTO fracttaldb.tareas (id, titulo, descripcion, fecha_vencimiento, prioridad, completada, usuario_id, categoria_id, lote) VALUES (400, 'Task 101 for user 1', 'Description for task 101', '2025-11-6', 2, FALSE, 1, 102, 'lote-1') ON CONFLICT(id) DO NOTHING;
INSERT INTO fracttaldb.tarea_etiquetas (tarea_id, etiqueta_id) VALUES (400, 306) ON CONFLICT (tarea_id, etiqueta_id) DO NOTHING;
INSERT INTO fracttaldb.tareas (id, titulo, descripcion, fecha_vencimiento, prioridad, completada, usuario_id, categoria_id, lote) VALUES (401, 'Task 102 for user 1', 'Description for task 102', '2025-10-15', 2, TRUE, 1, 101, 'lote-1') ON CONFLICT(id) DO NOTHING;
INSERT INTO fracttaldb.tarea_etiquetas (tarea_id, etiqueta_id) VALUES (401, 307) ON CONFLICT (tarea_id, etiqueta_id) DO NOTHING;
INSERT INTO fracttaldb.tarea_etiquetas (tarea_id, etiqueta_id) VALUES (401, 303) ON CONFLICT (tarea_id, etiqueta_id) DO NOTHING;
INSERT INTO fracttaldb.tarea_etiquetas (tarea_id, etiqueta_id) VALUES (401, 309) ON CONFLICT (tarea_id, etiqueta_id) DO NOTHING;
INSERT INTO fracttaldb.tareas (id, titulo, descripcion, fecha_vencimiento, prioridad, completada, usuario_id, categoria_id, lote) VALUES (402, 'Task 103 for user 1', 'Description for task 103', '2025-11-3', 2, FALSE, 1, 101, 'lote-1') ON CONFLICT(id) DO NOTHING;
INSERT INTO fracttaldb.tarea_etiquetas (tarea_id, etiqueta_id) VALUES (402, 309) ON CONFLICT (tarea_id, etiqueta_id) DO NOTHING;
INSERT INTO fracttaldb.tarea_etiquetas (tarea_id, etiqueta_id) VALUES (402, 305) ON CONFLICT (tarea_id, etiqueta_id) DO NOTHING;
INSERT INTO fracttaldb.tarea_etiquetas (tarea_id, etiqueta_id) VALUES (402, 307) ON CONFLICT (tarea_id, etiqueta_id) DO NOTHING;
INSERT INTO fracttaldb.tareas (id, titulo, descripcion, fecha_vencimiento, prioridad, completada, usuario_id, categoria_id, lote) VALUES (403, 'Task 104 for user 1', 'Description for task 104', '2025-10-20', 1, FALSE, 1, 107, 'lote-1') ON CONFLICT(id) DO NOTHING;
INSERT INTO fracttaldb.tarea_etiquetas (tarea_id, etiqueta_id) VALUES (403, 306) ON CONFLICT (tarea_id, etiqueta_id) DO NOTHING;
INSERT INTO fracttaldb.tarea_etiquetas (tarea_id, etiqueta_id) VALUES (403, 309) ON CONFLICT (tarea_id, etiqueta_id) DO NOTHING;
INSERT INTO fracttaldb.tareas (id, titulo, descripcion, fecha_vencimiento, prioridad, completada, usuario_id, categoria_id, lote) VALUES (404, 'Task 105 for user 1', 'Description for task 105', '2025-11-23', 2, TRUE, 1, 103, 'lote-1') ON CONFLICT(id) DO NOTHING;
INSERT INTO fracttaldb.tarea_etiquetas (tarea_id, etiqueta_id) VALUES (404, 304) ON CONFLICT (tarea_id, etiqueta_id) DO NOTHING;
INSERT INTO fracttaldb.tareas (id, titulo, descripcion, fecha_vencimiento, prioridad, completada, usuario_id, categoria_id, lote) VALUES (405, 'Task 106 for user 1', 'Description for task 106', '2025-12-7', 3, TRUE, 1, 102, 'lote-1') ON CONFLICT(id) DO NOTHING;
INSERT INTO fracttaldb.tarea_etiquetas (tarea_id, etiqueta_id) VALUES (405, 303) ON CONFLICT (tarea_id, etiqueta_id) DO NOTHING;
INSERT INTO fracttaldb.tarea_etiquetas (tarea_id, etiqueta_id) VALUES (405, 301) ON CONFLICT (tarea_id, etiqueta_id) DO NOTHING;
INSERT INTO fracttaldb.tarea_etiquetas (tarea_id, etiqueta_id) VALUES (405, 304) ON CONFLICT (tarea_id, etiqueta_id) DO NOTHING;
INSERT INTO fracttaldb.tareas (id, titulo, descripcion, fecha_vencimiento, prioridad, completada, usuario_id, categoria_id, lote) VALUES (406, 'Task 107 for user 1', 'Description for task 107', '2025-10-5', 1, TRUE, 1, 101, 'lote-1') ON CONFLICT(id) DO NOTHING;
INSERT INTO fracttaldb.tarea_etiquetas (tarea_id, etiqueta_id) VALUES (406, 307) ON CONFLICT (tarea_id, etiqueta_id) DO NOTHING;
INSERT INTO fracttaldb.tarea_etiquetas (tarea_id, etiqueta_id) VALUES (406, 308) ON CONFLICT (tarea_id, etiqueta_id) DO NOTHING;
INSERT INTO fracttaldb.tarea_etiquetas (tarea_id, etiqueta_id) VALUES (406, 306) ON CONFLICT (tarea_id, etiqueta_id) DO NOTHING;
INSERT INTO fracttaldb.tareas (id, titulo, descripcion, fecha_vencimiento, prioridad, completada, usuario_id, categoria_id, lote) VALUES (407, 'Task 108 for user 1', 'Description for task 108', '2025-11-24', 2, TRUE, 1, 102, 'lote-1') ON CONFLICT(id) DO NOTHING;
INSERT INTO fracttaldb.tarea_etiquetas (tarea_id, etiqueta_id) VALUES (407, 302) ON CONFLICT (tarea_id, etiqueta_id) DO NOTHING;
INSERT INTO fracttaldb.tareas (id, titulo, descripcion, fecha_vencimiento, prioridad, completada, usuario_id, categoria_id, lote) VALUES (408, 'Task 109 for user 1', 'Description for task 109', '2025-10-1', 2, FALSE, 1, 107, 'lote-1') ON CONFLICT(id) DO NOTHING;
INSERT INTO fracttaldb.tarea_etiquetas (tarea_id, etiqueta_id) VALUES (408, 307) ON CONFLICT (tarea_id, etiqueta_id) DO NOTHING;
INSERT INTO fracttaldb.tareas (id, titulo, descripcion, fecha_vencimiento, prioridad, completada, usuario_id, categoria_id, lote) VALUES (409, 'Task 110 for user 1', 'Description for task 110', '2025-11-8', 2, FALSE, 1, 107, 'lote-1') ON CONFLICT(id) DO NOTHING;
INSERT INTO fracttaldb.tarea_etiquetas (tarea_id, etiqueta_id) VALUES (409, 307) ON CONFLICT (tarea_id, etiqueta_id) DO NOTHING;
INSERT INTO fracttaldb.tarea_etiquetas (tarea_id, etiqueta_id) VALUES (409, 305) ON CONFLICT (tarea_id, etiqueta_id) DO NOTHING;
INSERT INTO fracttaldb.tareas (id, titulo, descripcion, fecha_vencimiento, prioridad, completada, usuario_id, categoria_id, lote) VALUES (410, 'Task 111 for user 1', 'Description for task 111', '2025-10-27', 1, FALSE, 1, 102, 'lote-1') ON CONFLICT(id) DO NOTHING;
INSERT INTO fracttaldb.tarea_etiquetas (tarea_id, etiqueta_id) VALUES (410, 308) ON CONFLICT (tarea_id, etiqueta_id) DO NOTHING;
INSERT INTO fracttaldb.tarea_etiquetas (tarea_id, etiqueta_id) VALUES (410, 306) ON CONFLICT (tarea_id, etiqueta_id) DO NOTHING;
INSERT INTO fracttaldb.tarea_etiquetas (tarea_id, etiqueta_id) VALUES (410, 309) ON CONFLICT (tarea_id, etiqueta_id) DO NOTHING;
INSERT INTO fracttaldb.tareas (id, titulo, descripcion, fecha_vencimiento, prioridad, completada, usuario_id, categoria_id, lote) VALUES (411, 'Task 112 for user 1', 'Description for task 112', '2025-11-3', 1, FALSE, 1, 103, 'lote-1') ON CONFLICT(id) DO NOTHING;
INSERT INTO fracttaldb.tarea_etiquetas (tarea_id, etiqueta_id) VALUES (411, 301) ON CONFLICT (tarea_id, etiqueta_id) DO NOTHING;
INSERT INTO fracttaldb.tarea_etiquetas (tarea_id, etiqueta_id) VALUES (411, 302) ON CONFLICT (tarea_id, etiqueta_id) DO NOTHING;
INSERT INTO fracttaldb.tarea_etiquetas (tarea_id, etiqueta_id) VALUES (411, 305) ON CONFLICT (tarea_id, etiqueta_id) DO NOTHING;
INSERT INTO fracttaldb.tareas (id, titulo, descripcion, fecha_vencimiento, prioridad, completada, usuario_id, categoria_id, lote) VALUES (412, 'Task 113 for user 1', 'Description for task 113', '2025-10-28', 3, FALSE, 1, 102, 'lote-1') ON CONFLICT(id) DO NOTHING;
INSERT INTO fracttaldb.tarea_etiquetas (tarea_id, etiqueta_id) VALUES (412, 308) ON CONFLICT (tarea_id, etiqueta_id) DO NOTHING;
INSERT INTO fracttaldb.tareas (id, titulo, descripcion, fecha_vencimiento, prioridad, completada, usuario_id, categoria_id, lote) VALUES (413, 'Task 114 for user 1', 'Description for task 114', '2025-10-4', 2, FALSE, 1, 102, 'lote-1') ON CONFLICT(id) DO NOTHING;
INSERT INTO fracttaldb.tarea_etiquetas (tarea_id, etiqueta_id) VALUES (413, 308) ON CONFLICT (tarea_id, etiqueta_id) DO NOTHING;
INSERT INTO fracttaldb.tareas (id, titulo, descripcion, fecha_vencimiento, prioridad, completada, usuario_id, categoria_id, lote) VALUES (414, 'Task 115 for user 1', 'Description for task 115', '2025-12-18', 3, TRUE, 1, 107, 'lote-1') ON CONFLICT(id) DO NOTHING;
INSERT INTO fracttaldb.tarea_etiquetas (tarea_id, etiqueta_id) VALUES (414, 308) ON CONFLICT (tarea_id, etiqueta_id) DO NOTHING;
INSERT INTO fracttaldb.tarea_etiquetas (tarea_id, etiqueta_id) VALUES (414, 307) ON CONFLICT (tarea_id, etiqueta_id) DO NOTHING;
INSERT INTO fracttaldb.tareas (id, titulo, descripcion, fecha_vencimiento, prioridad, completada, usuario_id, categoria_id, lote) VALUES (415, 'Task 116 for user 1', 'Description for task 116', '2025-12-3', 3, FALSE, 1, 106, 'lote-1') ON CONFLICT(id) DO NOTHING;
INSERT INTO fracttaldb.tarea_etiquetas (tarea_id, etiqueta_id) VALUES (415, 301) ON CONFLICT (tarea_id, etiqueta_id) DO NOTHING;
INSERT INTO fracttaldb.tareas (id, titulo, descripcion, fecha_vencimiento, prioridad, completada, usuario_id, categoria_id, lote) VALUES (416, 'Task 117 for user 1', 'Description for task 117', '2025-10-8', 1, FALSE, 1, 101, 'lote-1') ON CONFLICT(id) DO NOTHING;
INSERT INTO fracttaldb.tarea_etiquetas (tarea_id, etiqueta_id) VALUES (416, 302) ON CONFLICT (tarea_id, etiqueta_id) DO NOTHING;
INSERT INTO fracttaldb.tarea_etiquetas (tarea_id, etiqueta_id) VALUES (416, 306) ON CONFLICT (tarea_id, etiqueta_id) DO NOTHING;
INSERT INTO fracttaldb.tarea_etiquetas (tarea_id, etiqueta_id) VALUES (416, 305) ON CONFLICT (tarea_id, etiqueta_id) DO NOTHING;
INSERT INTO fracttaldb.tareas (id, titulo, descripcion, fecha_vencimiento, prioridad, completada, usuario_id, categoria_id, lote) VALUES (417, 'Task 118 for user 1', 'Description for task 118', '2025-11-23', 1, FALSE, 1, 101, 'lote-1') ON CONFLICT(id) DO NOTHING;
INSERT INTO fracttaldb.tarea_etiquetas (tarea_id, etiqueta_id) VALUES (417, 302) ON CONFLICT (tarea_id, etiqueta_id) DO NOTHING;
INSERT INTO fracttaldb.tareas (id, titulo, descripcion, fecha_vencimiento, prioridad, completada, usuario_id, categoria_id, lote) VALUES (418, 'Task 119 for user 1', 'Description for task 119', '2025-12-22', 3, TRUE, 1, 104, 'lote-1') ON CONFLICT(id) DO NOTHING;
INSERT INTO fracttaldb.tarea_etiquetas (tarea_id, etiqueta_id) VALUES (418, 308) ON CONFLICT (tarea_id, etiqueta_id) DO NOTHING;
INSERT INTO fracttaldb.tareas (id, titulo, descripcion, fecha_vencimiento, prioridad, completada, usuario_id, categoria_id, lote) VALUES (419, 'Task 120 for user 1', 'Description for task 120', '2025-12-28', 1, FALSE, 1, 105, 'lote-1') ON CONFLICT(id) DO NOTHING;
INSERT INTO fracttaldb.tarea_etiquetas (tarea_id, etiqueta_id) VALUES (419, 305) ON CONFLICT (tarea_id, etiqueta_id) DO NOTHING;
INSERT INTO fracttaldb.tarea_etiquetas (tarea_id, etiqueta_id) VALUES (419, 303) ON CONFLICT (tarea_id, etiqueta_id) DO NOTHING;
INSERT INTO fracttaldb.tarea_etiquetas (tarea_id, etiqueta_id) VALUES (419, 304) ON CONFLICT (tarea_id, etiqueta_id) DO NOTHING;
INSERT INTO fracttaldb.tareas (id, titulo, descripcion, fecha_vencimiento, prioridad, completada, usuario_id, categoria_id, lote) VALUES (420, 'Task 121 for user 1', 'Description for task 121', '2025-11-24', 1, TRUE, 1, 103, 'lote-1') ON CONFLICT(id) DO NOTHING;
INSERT INTO fracttaldb.tarea_etiquetas (tarea_id, etiqueta_id) VALUES (420, 309) ON CONFLICT (tarea_id, etiqueta_id) DO NOTHING;
INSERT INTO fracttaldb.tarea_etiquetas (tarea_id, etiqueta_id) VALUES (420, 302) ON CONFLICT (tarea_id, etiqueta_id) DO NOTHING;
INSERT INTO fracttaldb.tareas (id, titulo, descripcion, fecha_vencimiento, prioridad, completada, usuario_id, categoria_id, lote) VALUES (421, 'Task 122 for user 1', 'Description for task 122', '2025-10-9', 2, TRUE, 1, 101, 'lote-1') ON CONFLICT(id) DO NOTHING;
INSERT INTO fracttaldb.tarea_etiquetas (tarea_id, etiqueta_id) VALUES (421, 303) ON CONFLICT (tarea_id, etiqueta_id) DO NOTHING;
INSERT INTO fracttaldb.tarea_etiquetas (tarea_id, etiqueta_id) VALUES (421, 309) ON CONFLICT (tarea_id, etiqueta_id) DO NOTHING;
INSERT INTO fracttaldb.tareas (id, titulo, descripcion, fecha_vencimiento, prioridad, completada, usuario_id, categoria_id, lote) VALUES (422, 'Task 123 for user 1', 'Description for task 123', '2025-10-9', 3, FALSE, 1, 101, 'lote-1') ON CONFLICT(id) DO NOTHING;
INSERT INTO fracttaldb.tarea_etiquetas (tarea_id, etiqueta_id) VALUES (422, 309) ON CONFLICT (tarea_id, etiqueta_id) DO NOTHING;
INSERT INTO fracttaldb.tarea_etiquetas (tarea_id, etiqueta_id) VALUES (422, 307) ON CONFLICT (tarea_id, etiqueta_id) DO NOTHING;
INSERT INTO fracttaldb.tarea_etiquetas (tarea_id, etiqueta_id) VALUES (422, 306) ON CONFLICT (tarea_id, etiqueta_id) DO NOTHING;
INSERT INTO fracttaldb.tareas (id, titulo, descripcion, fecha_vencimiento, prioridad, completada, usuario_id, categoria_id, lote) VALUES (423, 'Task 124 for user 1', 'Description for task 124', '2025-10-3', 1, FALSE, 1, 105, 'lote-1') ON CONFLICT(id) DO NOTHING;
INSERT INTO fracttaldb.tarea_etiquetas (tarea_id, etiqueta_id) VALUES (423, 302) ON CONFLICT (tarea_id, etiqueta_id) DO NOTHING;
INSERT INTO fracttaldb.tareas (id, titulo, descripcion, fecha_vencimiento, prioridad, completada, usuario_id, categoria_id, lote) VALUES (424, 'Task 125 for user 1', 'Description for task 125', '2025-12-13', 1, FALSE, 1, 103, 'lote-1') ON CONFLICT(id) DO NOTHING;
INSERT INTO fracttaldb.tarea_etiquetas (tarea_id, etiqueta_id) VALUES (424, 301) ON CONFLICT (tarea_id, etiqueta_id) DO NOTHING;
INSERT INTO fracttaldb.tareas (id, titulo, descripcion, fecha_vencimiento, prioridad, completada, usuario_id, categoria_id, lote) VALUES (425, 'Task 126 for user 1', 'Description for task 126', '2025-10-27', 1, FALSE, 1, 106, 'lote-1') ON CONFLICT(id) DO NOTHING;
INSERT INTO fracttaldb.tarea_etiquetas (tarea_id, etiqueta_id) VALUES (425, 308) ON CONFLICT (tarea_id, etiqueta_id) DO NOTHING;
INSERT INTO fracttaldb.tarea_etiquetas (tarea_id, etiqueta_id) VALUES (425, 307) ON CONFLICT (tarea_id, etiqueta_id) DO NOTHING;
INSERT INTO fracttaldb.tarea_etiquetas (tarea_id, etiqueta_id) VALUES (425, 303) ON CONFLICT (tarea_id, etiqueta_id) DO NOTHING;
INSERT INTO fracttaldb.tareas (id, titulo, descripcion, fecha_vencimiento, prioridad, completada, usuario_id, categoria_id, lote) VALUES (426, 'Task 127 for user 1', 'Description for task 127', '2025-12-7', 3, FALSE, 1, 103, 'lote-1') ON CONFLICT(id) DO NOTHING;
INSERT INTO fracttaldb.tarea_etiquetas (tarea_id, etiqueta_id) VALUES (426, 306) ON CONFLICT (tarea_id, etiqueta_id) DO NOTHING;
INSERT INTO fracttaldb.tarea_etiquetas (tarea_id, etiqueta_id) VALUES (426, 304) ON CONFLICT (tarea_id, etiqueta_id) DO NOTHING;
INSERT INTO fracttaldb.tareas (id, titulo, descripcion, fecha_vencimiento, prioridad, completada, usuario_id, categoria_id, lote) VALUES (427, 'Task 128 for user 1', 'Description for task 128', '2025-11-5', 3, FALSE, 1, 103, 'lote-1') ON CONFLICT(id) DO NOTHING;
INSERT INTO fracttaldb.tarea_etiquetas (tarea_id, etiqueta_id) VALUES (427, 304) ON CONFLICT (tarea_id, etiqueta_id) DO NOTHING;
INSERT INTO fracttaldb.tarea_etiquetas (tarea_id, etiqueta_id) VALUES (427, 307) ON CONFLICT (tarea_id, etiqueta_id) DO NOTHING;
INSERT INTO fracttaldb.tareas (id, titulo, descripcion, fecha_vencimiento, prioridad, completada, usuario_id, categoria_id, lote) VALUES (428, 'Task 129 for user 1', 'Description for task 129', '2025-11-18', 1, FALSE, 1, 102, 'lote-1') ON CONFLICT(id) DO NOTHING;
INSERT INTO fracttaldb.tarea_etiquetas (tarea_id, etiqueta_id) VALUES (428, 301) ON CONFLICT (tarea_id, etiqueta_id) DO NOTHING;
INSERT INTO fracttaldb.tarea_etiquetas (tarea_id, etiqueta_id) VALUES (428, 303) ON CONFLICT (tarea_id, etiqueta_id) DO NOTHING;
INSERT INTO fracttaldb.tareas (id, titulo, descripcion, fecha_vencimiento, prioridad, completada, usuario_id, categoria_id, lote) VALUES (429, 'Task 130 for user 1', 'Description for task 130', '2025-11-21', 2, FALSE, 1, 103, 'lote-1') ON CONFLICT(id) DO NOTHING;
INSERT INTO fracttaldb.tarea_etiquetas (tarea_id, etiqueta_id) VALUES (429, 304) ON CONFLICT (tarea_id, etiqueta_id) DO NOTHING;
INSERT INTO fracttaldb.tarea_etiquetas (tarea_id, etiqueta_id) VALUES (429, 302) ON CONFLICT (tarea_id, etiqueta_id) DO NOTHING;
INSERT INTO fracttaldb.tarea_etiquetas (tarea_id, etiqueta_id) VALUES (429, 309) ON CONFLICT (tarea_id, etiqueta_id) DO NOTHING;
INSERT INTO fracttaldb.tareas (id, titulo, descripcion, fecha_vencimiento, prioridad, completada, usuario_id, categoria_id, lote) VALUES (430, 'Task 131 for user 1', 'Description for task 131', '2025-11-8', 3, TRUE, 1, 105, 'lote-1') ON CONFLICT(id) DO NOTHING;
INSERT INTO fracttaldb.tarea_etiquetas (tarea_id, etiqueta_id) VALUES (430, 305) ON CONFLICT (tarea_id, etiqueta_id) DO NOTHING;
INSERT INTO fracttaldb.tareas (id, titulo, descripcion, fecha_vencimiento, prioridad, completada, usuario_id, categoria_id, lote) VALUES (431, 'Task 132 for user 1', 'Description for task 132', '2025-12-28', 3, TRUE, 1, 102, 'lote-1') ON CONFLICT(id) DO NOTHING;
INSERT INTO fracttaldb.tarea_etiquetas (tarea_id, etiqueta_id) VALUES (431, 301) ON CONFLICT (tarea_id, etiqueta_id) DO NOTHING;
INSERT INTO fracttaldb.tarea_etiquetas (tarea_id, etiqueta_id) VALUES (431, 302) ON CONFLICT (tarea_id, etiqueta_id) DO NOTHING;
INSERT INTO fracttaldb.tarea_etiquetas (tarea_id, etiqueta_id) VALUES (431, 309) ON CONFLICT (tarea_id, etiqueta_id) DO NOTHING;
INSERT INTO fracttaldb.tareas (id, titulo, descripcion, fecha_vencimiento, prioridad, completada, usuario_id, categoria_id, lote) VALUES (432, 'Task 133 for user 1', 'Description for task 133', '2025-12-27', 3, FALSE, 1, 101, 'lote-1') ON CONFLICT(id) DO NOTHING;
INSERT INTO fracttaldb.tarea_etiquetas (tarea_id, etiqueta_id) VALUES (432, 302) ON CONFLICT (tarea_id, etiqueta_id) DO NOTHING;
INSERT INTO fracttaldb.tarea_etiquetas (tarea_id, etiqueta_id) VALUES (432, 305) ON CONFLICT (tarea_id, etiqueta_id) DO NOTHING;
INSERT INTO fracttaldb.tareas (id, titulo, descripcion, fecha_vencimiento, prioridad, completada, usuario_id, categoria_id, lote) VALUES (433, 'Task 134 for user 1', 'Description for task 134', '2025-11-28', 1, TRUE, 1, 107, 'lote-1') ON CONFLICT(id) DO NOTHING;
INSERT INTO fracttaldb.tarea_etiquetas (tarea_id, etiqueta_id) VALUES (433, 301) ON CONFLICT (tarea_id, etiqueta_id) DO NOTHING;
INSERT INTO fracttaldb.tareas (id, titulo, descripcion, fecha_vencimiento, prioridad, completada, usuario_id, categoria_id, lote) VALUES (434, 'Task 135 for user 1', 'Description for task 135', '2025-12-22', 1, FALSE, 1, 106, 'lote-1') ON CONFLICT(id) DO NOTHING;
INSERT INTO fracttaldb.tarea_etiquetas (tarea_id, etiqueta_id) VALUES (434, 304) ON CONFLICT (tarea_id, etiqueta_id) DO NOTHING;
INSERT INTO fracttaldb.tarea_etiquetas (tarea_id, etiqueta_id) VALUES (434, 305) ON CONFLICT (tarea_id, etiqueta_id) DO NOTHING;
INSERT INTO fracttaldb.tarea_etiquetas (tarea_id, etiqueta_id) VALUES (434, 303) ON CONFLICT (tarea_id, etiqueta_id) DO NOTHING;
INSERT INTO fracttaldb.tareas (id, titulo, descripcion, fecha_vencimiento, prioridad, completada, usuario_id, categoria_id, lote) VALUES (435, 'Task 136 for user 1', 'Description for task 136', '2025-12-6', 3, TRUE, 1, 101, 'lote-1') ON CONFLICT(id) DO NOTHING;
INSERT INTO fracttaldb.tarea_etiquetas (tarea_id, etiqueta_id) VALUES (435, 303) ON CONFLICT (tarea_id, etiqueta_id) DO NOTHING;
INSERT INTO fracttaldb.tarea_etiquetas (tarea_id, etiqueta_id) VALUES (435, 302) ON CONFLICT (tarea_id, etiqueta_id) DO NOTHING;
INSERT INTO fracttaldb.tareas (id, titulo, descripcion, fecha_vencimiento, prioridad, completada, usuario_id, categoria_id, lote) VALUES (436, 'Task 137 for user 1', 'Description for task 137', '2025-11-27', 2, FALSE, 1, 107, 'lote-1') ON CONFLICT(id) DO NOTHING;
INSERT INTO fracttaldb.tarea_etiquetas (tarea_id, etiqueta_id) VALUES (436, 308) ON CONFLICT (tarea_id, etiqueta_id) DO NOTHING;
INSERT INTO fracttaldb.tareas (id, titulo, descripcion, fecha_vencimiento, prioridad, completada, usuario_id, categoria_id, lote) VALUES (437, 'Task 138 for user 1', 'Description for task 138', '2025-10-18', 2, TRUE, 1, 107, 'lote-1') ON CONFLICT(id) DO NOTHING;
INSERT INTO fracttaldb.tarea_etiquetas (tarea_id, etiqueta_id) VALUES (437, 305) ON CONFLICT (tarea_id, etiqueta_id) DO NOTHING;
INSERT INTO fracttaldb.tarea_etiquetas (tarea_id, etiqueta_id) VALUES (437, 308) ON CONFLICT (tarea_id, etiqueta_id) DO NOTHING;
INSERT INTO fracttaldb.tareas (id, titulo, descripcion, fecha_vencimiento, prioridad, completada, usuario_id, categoria_id, lote) VALUES (438, 'Task 139 for user 1', 'Description for task 139', '2025-12-18', 2, TRUE, 1, 104, 'lote-1') ON CONFLICT(id) DO NOTHING;
INSERT INTO fracttaldb.tarea_etiquetas (tarea_id, etiqueta_id) VALUES (438, 308) ON CONFLICT (tarea_id, etiqueta_id) DO NOTHING;
INSERT INTO fracttaldb.tareas (id, titulo, descripcion, fecha_vencimiento, prioridad, completada, usuario_id, categoria_id, lote) VALUES (439, 'Task 140 for user 1', 'Description for task 140', '2025-12-26', 2, TRUE, 1, 107, 'lote-1') ON CONFLICT(id) DO NOTHING;
INSERT INTO fracttaldb.tarea_etiquetas (tarea_id, etiqueta_id) VALUES (439, 302) ON CONFLICT (tarea_id, etiqueta_id) DO NOTHING;
INSERT INTO fracttaldb.tarea_etiquetas (tarea_id, etiqueta_id) VALUES (439, 307) ON CONFLICT (tarea_id, etiqueta_id) DO NOTHING;
INSERT INTO fracttaldb.tareas (id, titulo, descripcion, fecha_vencimiento, prioridad, completada, usuario_id, categoria_id, lote) VALUES (440, 'Task 141 for user 1', 'Description for task 141', '2025-10-10', 3, TRUE, 1, 106, 'lote-1') ON CONFLICT(id) DO NOTHING;
INSERT INTO fracttaldb.tarea_etiquetas (tarea_id, etiqueta_id) VALUES (440, 303) ON CONFLICT (tarea_id, etiqueta_id) DO NOTHING;
INSERT INTO fracttaldb.tarea_etiquetas (tarea_id, etiqueta_id) VALUES (440, 304) ON CONFLICT (tarea_id, etiqueta_id) DO NOTHING;
INSERT INTO fracttaldb.tarea_etiquetas (tarea_id, etiqueta_id) VALUES (440, 306) ON CONFLICT (tarea_id, etiqueta_id) DO NOTHING;
INSERT INTO fracttaldb.tareas (id, titulo, descripcion, fecha_vencimiento, prioridad, completada, usuario_id, categoria_id, lote) VALUES (441, 'Task 142 for user 1', 'Description for task 142', '2025-10-9', 3, FALSE, 1, 101, 'lote-1') ON CONFLICT(id) DO NOTHING;
INSERT INTO fracttaldb.tarea_etiquetas (tarea_id, etiqueta_id) VALUES (441, 305) ON CONFLICT (tarea_id, etiqueta_id) DO NOTHING;
INSERT INTO fracttaldb.tarea_etiquetas (tarea_id, etiqueta_id) VALUES (441, 309) ON CONFLICT (tarea_id, etiqueta_id) DO NOTHING;
INSERT INTO fracttaldb.tarea_etiquetas (tarea_id, etiqueta_id) VALUES (441, 303) ON CONFLICT (tarea_id, etiqueta_id) DO NOTHING;
INSERT INTO fracttaldb.tareas (id, titulo, descripcion, fecha_vencimiento, prioridad, completada, usuario_id, categoria_id, lote) VALUES (442, 'Task 143 for user 1', 'Description for task 143', '2025-12-21', 1, FALSE, 1, 104, 'lote-1') ON CONFLICT(id) DO NOTHING;
INSERT INTO fracttaldb.tarea_etiquetas (tarea_id, etiqueta_id) VALUES (442, 309) ON CONFLICT (tarea_id, etiqueta_id) DO NOTHING;
INSERT INTO fracttaldb.tarea_etiquetas (tarea_id, etiqueta_id) VALUES (442, 303) ON CONFLICT (tarea_id, etiqueta_id) DO NOTHING;
INSERT INTO fracttaldb.tareas (id, titulo, descripcion, fecha_vencimiento, prioridad, completada, usuario_id, categoria_id, lote) VALUES (443, 'Task 144 for user 1', 'Description for task 144', '2025-12-5', 3, TRUE, 1, 104, 'lote-1') ON CONFLICT(id) DO NOTHING;
INSERT INTO fracttaldb.tarea_etiquetas (tarea_id, etiqueta_id) VALUES (443, 303) ON CONFLICT (tarea_id, etiqueta_id) DO NOTHING;
INSERT INTO fracttaldb.tarea_etiquetas (tarea_id, etiqueta_id) VALUES (443, 305) ON CONFLICT (tarea_id, etiqueta_id) DO NOTHING;
INSERT INTO fracttaldb.tarea_etiquetas (tarea_id, etiqueta_id) VALUES (443, 302) ON CONFLICT (tarea_id, etiqueta_id) DO NOTHING;
INSERT INTO fracttaldb.tareas (id, titulo, descripcion, fecha_vencimiento, prioridad, completada, usuario_id, categoria_id, lote) VALUES (444, 'Task 145 for user 1', 'Description for task 145', '2025-10-17', 3, TRUE, 1, 101, 'lote-1') ON CONFLICT(id) DO NOTHING;
INSERT INTO fracttaldb.tarea_etiquetas (tarea_id, etiqueta_id) VALUES (444, 305) ON CONFLICT (tarea_id, etiqueta_id) DO NOTHING;
INSERT INTO fracttaldb.tarea_etiquetas (tarea_id, etiqueta_id) VALUES (444, 309) ON CONFLICT (tarea_id, etiqueta_id) DO NOTHING;
INSERT INTO fracttaldb.tarea_etiquetas (tarea_id, etiqueta_id) VALUES (444, 302) ON CONFLICT (tarea_id, etiqueta_id) DO NOTHING;
INSERT INTO fracttaldb.tareas (id, titulo, descripcion, fecha_vencimiento, prioridad, completada, usuario_id, categoria_id, lote) VALUES (445, 'Task 146 for user 1', 'Description for task 146', '2025-11-3', 1, TRUE, 1, 105, 'lote-1') ON CONFLICT(id) DO NOTHING;
INSERT INTO fracttaldb.tarea_etiquetas (tarea_id, etiqueta_id) VALUES (445, 302) ON CONFLICT (tarea_id, etiqueta_id) DO NOTHING;
INSERT INTO fracttaldb.tareas (id, titulo, descripcion, fecha_vencimiento, prioridad, completada, usuario_id, categoria_id, lote) VALUES (446, 'Task 147 for user 1', 'Description for task 147', '2025-11-5', 3, TRUE, 1, 104, 'lote-1') ON CONFLICT(id) DO NOTHING;
INSERT INTO fracttaldb.tarea_etiquetas (tarea_id, etiqueta_id) VALUES (446, 305) ON CONFLICT (tarea_id, etiqueta_id) DO NOTHING;
INSERT INTO fracttaldb.tareas (id, titulo, descripcion, fecha_vencimiento, prioridad, completada, usuario_id, categoria_id, lote) VALUES (447, 'Task 148 for user 1', 'Description for task 148', '2025-11-2', 2, TRUE, 1, 107, 'lote-1') ON CONFLICT(id) DO NOTHING;
INSERT INTO fracttaldb.tarea_etiquetas (tarea_id, etiqueta_id) VALUES (447, 303) ON CONFLICT (tarea_id, etiqueta_id) DO NOTHING;
INSERT INTO fracttaldb.tarea_etiquetas (tarea_id, etiqueta_id) VALUES (447, 307) ON CONFLICT (tarea_id, etiqueta_id) DO NOTHING;
INSERT INTO fracttaldb.tarea_etiquetas (tarea_id, etiqueta_id) VALUES (447, 305) ON CONFLICT (tarea_id, etiqueta_id) DO NOTHING;
INSERT INTO fracttaldb.tareas (id, titulo, descripcion, fecha_vencimiento, prioridad, completada, usuario_id, categoria_id, lote) VALUES (448, 'Task 149 for user 1', 'Description for task 149', '2025-11-20', 3, FALSE, 1, 103, 'lote-1') ON CONFLICT(id) DO NOTHING;
INSERT INTO fracttaldb.tarea_etiquetas (tarea_id, etiqueta_id) VALUES (448, 306) ON CONFLICT (tarea_id, etiqueta_id) DO NOTHING;
INSERT INTO fracttaldb.tareas (id, titulo, descripcion, fecha_vencimiento, prioridad, completada, usuario_id, categoria_id, lote) VALUES (449, 'Task 150 for user 1', 'Description for task 150', '2025-12-18', 2, FALSE, 1, 102, 'lote-1') ON CONFLICT(id) DO NOTHING;
INSERT INTO fracttaldb.tarea_etiquetas (tarea_id, etiqueta_id) VALUES (449, 304) ON CONFLICT (tarea_id, etiqueta_id) DO NOTHING;
INSERT INTO fracttaldb.tareas (id, titulo, descripcion, fecha_vencimiento, prioridad, completada, usuario_id, categoria_id, lote) VALUES (450, 'Task 151 for user 1', 'Description for task 151', '2025-12-18', 1, TRUE, 1, 106, 'lote-1') ON CONFLICT(id) DO NOTHING;
INSERT INTO fracttaldb.tarea_etiquetas (tarea_id, etiqueta_id) VALUES (450, 307) ON CONFLICT (tarea_id, etiqueta_id) DO NOTHING;
INSERT INTO fracttaldb.tareas (id, titulo, descripcion, fecha_vencimiento, prioridad, completada, usuario_id, categoria_id, lote) VALUES (451, 'Task 152 for user 1', 'Description for task 152', '2025-10-10', 2, TRUE, 1, 101, 'lote-1') ON CONFLICT(id) DO NOTHING;
INSERT INTO fracttaldb.tarea_etiquetas (tarea_id, etiqueta_id) VALUES (451, 309) ON CONFLICT (tarea_id, etiqueta_id) DO NOTHING;
INSERT INTO fracttaldb.tarea_etiquetas (tarea_id, etiqueta_id) VALUES (451, 307) ON CONFLICT (tarea_id, etiqueta_id) DO NOTHING;
INSERT INTO fracttaldb.tareas (id, titulo, descripcion, fecha_vencimiento, prioridad, completada, usuario_id, categoria_id, lote) VALUES (452, 'Task 153 for user 1', 'Description for task 153', '2025-12-20', 2, TRUE, 1, 104, 'lote-1') ON CONFLICT(id) DO NOTHING;
INSERT INTO fracttaldb.tarea_etiquetas (tarea_id, etiqueta_id) VALUES (452, 303) ON CONFLICT (tarea_id, etiqueta_id) DO NOTHING;
INSERT INTO fracttaldb.tareas (id, titulo, descripcion, fecha_vencimiento, prioridad, completada, usuario_id, categoria_id, lote) VALUES (453, 'Task 154 for user 1', 'Description for task 154', '2025-12-21', 1, FALSE, 1, 105, 'lote-1') ON CONFLICT(id) DO NOTHING;
INSERT INTO fracttaldb.tarea_etiquetas (tarea_id, etiqueta_id) VALUES (453, 307) ON CONFLICT (tarea_id, etiqueta_id) DO NOTHING;
INSERT INTO fracttaldb.tarea_etiquetas (tarea_id, etiqueta_id) VALUES (453, 305) ON CONFLICT (tarea_id, etiqueta_id) DO NOTHING;
INSERT INTO fracttaldb.tareas (id, titulo, descripcion, fecha_vencimiento, prioridad, completada, usuario_id, categoria_id, lote) VALUES (454, 'Task 155 for user 1', 'Description for task 155', '2025-11-5', 3, TRUE, 1, 107, 'lote-1') ON CONFLICT(id) DO NOTHING;
INSERT INTO fracttaldb.tarea_etiquetas (tarea_id, etiqueta_id) VALUES (454, 301) ON CONFLICT (tarea_id, etiqueta_id) DO NOTHING;
INSERT INTO fracttaldb.tarea_etiquetas (tarea_id, etiqueta_id) VALUES (454, 304) ON CONFLICT (tarea_id, etiqueta_id) DO NOTHING;
INSERT INTO fracttaldb.tarea_etiquetas (tarea_id, etiqueta_id) VALUES (454, 303) ON CONFLICT (tarea_id, etiqueta_id) DO NOTHING;
INSERT INTO fracttaldb.tareas (id, titulo, descripcion, fecha_vencimiento, prioridad, completada, usuario_id, categoria_id, lote) VALUES (455, 'Task 156 for user 1', 'Description for task 156', '2025-12-6', 2, TRUE, 1, 107, 'lote-1') ON CONFLICT(id) DO NOTHING;
INSERT INTO fracttaldb.tarea_etiquetas (tarea_id, etiqueta_id) VALUES (455, 306) ON CONFLICT (tarea_id, etiqueta_id) DO NOTHING;
INSERT INTO fracttaldb.tarea_etiquetas (tarea_id, etiqueta_id) VALUES (455, 305) ON CONFLICT (tarea_id, etiqueta_id) DO NOTHING;
INSERT INTO fracttaldb.tarea_etiquetas (tarea_id, etiqueta_id) VALUES (455, 304) ON CONFLICT (tarea_id, etiqueta_id) DO NOTHING;
INSERT INTO fracttaldb.tareas (id, titulo, descripcion, fecha_vencimiento, prioridad, completada, usuario_id, categoria_id, lote) VALUES (456, 'Task 157 for user 1', 'Description for task 157', '2025-11-11', 2, FALSE, 1, 105, 'lote-1') ON CONFLICT(id) DO NOTHING;
INSERT INTO fracttaldb.tarea_etiquetas (tarea_id, etiqueta_id) VALUES (456, 304) ON CONFLICT (tarea_id, etiqueta_id) DO NOTHING;
INSERT INTO fracttaldb.tarea_etiquetas (tarea_id, etiqueta_id) VALUES (456, 303) ON CONFLICT (tarea_id, etiqueta_id) DO NOTHING;
INSERT INTO fracttaldb.tarea_etiquetas (tarea_id, etiqueta_id) VALUES (456, 309) ON CONFLICT (tarea_id, etiqueta_id) DO NOTHING;
INSERT INTO fracttaldb.tareas (id, titulo, descripcion, fecha_vencimiento, prioridad, completada, usuario_id, categoria_id, lote) VALUES (457, 'Task 158 for user 1', 'Description for task 158', '2025-12-4', 2, FALSE, 1, 104, 'lote-1') ON CONFLICT(id) DO NOTHING;
INSERT INTO fracttaldb.tarea_etiquetas (tarea_id, etiqueta_id) VALUES (457, 308) ON CONFLICT (tarea_id, etiqueta_id) DO NOTHING;
INSERT INTO fracttaldb.tarea_etiquetas (tarea_id, etiqueta_id) VALUES (457, 307) ON CONFLICT (tarea_id, etiqueta_id) DO NOTHING;
INSERT INTO fracttaldb.tarea_etiquetas (tarea_id, etiqueta_id) VALUES (457, 306) ON CONFLICT (tarea_id, etiqueta_id) DO NOTHING;
INSERT INTO fracttaldb.tareas (id, titulo, descripcion, fecha_vencimiento, prioridad, completada, usuario_id, categoria_id, lote) VALUES (458, 'Task 159 for user 1', 'Description for task 159', '2025-12-17', 2, TRUE, 1, 104, 'lote-1') ON CONFLICT(id) DO NOTHING;
INSERT INTO fracttaldb.tarea_etiquetas (tarea_id, etiqueta_id) VALUES (458, 302) ON CONFLICT (tarea_id, etiqueta_id) DO NOTHING;
INSERT INTO fracttaldb.tarea_etiquetas (tarea_id, etiqueta_id) VALUES (458, 307) ON CONFLICT (tarea_id, etiqueta_id) DO NOTHING;
INSERT INTO fracttaldb.tarea_etiquetas (tarea_id, etiqueta_id) VALUES (458, 308) ON CONFLICT (tarea_id, etiqueta_id) DO NOTHING;
INSERT INTO fracttaldb.tareas (id, titulo, descripcion, fecha_vencimiento, prioridad, completada, usuario_id, categoria_id, lote) VALUES (459, 'Task 160 for user 1', 'Description for task 160', '2025-10-14', 3, FALSE, 1, 101, 'lote-1') ON CONFLICT(id) DO NOTHING;
INSERT INTO fracttaldb.tarea_etiquetas (tarea_id, etiqueta_id) VALUES (459, 305) ON CONFLICT (tarea_id, etiqueta_id) DO NOTHING;
INSERT INTO fracttaldb.tarea_etiquetas (tarea_id, etiqueta_id) VALUES (459, 309) ON CONFLICT (tarea_id, etiqueta_id) DO NOTHING;
INSERT INTO fracttaldb.tareas (id, titulo, descripcion, fecha_vencimiento, prioridad, completada, usuario_id, categoria_id, lote) VALUES (460, 'Task 161 for user 1', 'Description for task 161', '2025-11-16', 1, FALSE, 1, 101, 'lote-1') ON CONFLICT(id) DO NOTHING;
INSERT INTO fracttaldb.tarea_etiquetas (tarea_id, etiqueta_id) VALUES (460, 304) ON CONFLICT (tarea_id, etiqueta_id) DO NOTHING;
INSERT INTO fracttaldb.tareas (id, titulo, descripcion, fecha_vencimiento, prioridad, completada, usuario_id, categoria_id, lote) VALUES (461, 'Task 162 for user 1', 'Description for task 162', '2025-11-9', 1, TRUE, 1, 104, 'lote-1') ON CONFLICT(id) DO NOTHING;
INSERT INTO fracttaldb.tarea_etiquetas (tarea_id, etiqueta_id) VALUES (461, 306) ON CONFLICT (tarea_id, etiqueta_id) DO NOTHING;
INSERT INTO fracttaldb.tarea_etiquetas (tarea_id, etiqueta_id) VALUES (461, 308) ON CONFLICT (tarea_id, etiqueta_id) DO NOTHING;
INSERT INTO fracttaldb.tarea_etiquetas (tarea_id, etiqueta_id) VALUES (461, 304) ON CONFLICT (tarea_id, etiqueta_id) DO NOTHING;
INSERT INTO fracttaldb.tareas (id, titulo, descripcion, fecha_vencimiento, prioridad, completada, usuario_id, categoria_id, lote) VALUES (462, 'Task 163 for user 1', 'Description for task 163', '2025-10-7', 2, TRUE, 1, 106, 'lote-1') ON CONFLICT(id) DO NOTHING;
INSERT INTO fracttaldb.tarea_etiquetas (tarea_id, etiqueta_id) VALUES (462, 308) ON CONFLICT (tarea_id, etiqueta_id) DO NOTHING;
INSERT INTO fracttaldb.tarea_etiquetas (tarea_id, etiqueta_id) VALUES (462, 302) ON CONFLICT (tarea_id, etiqueta_id) DO NOTHING;
INSERT INTO fracttaldb.tarea_etiquetas (tarea_id, etiqueta_id) VALUES (462, 304) ON CONFLICT (tarea_id, etiqueta_id) DO NOTHING;
INSERT INTO fracttaldb.tareas (id, titulo, descripcion, fecha_vencimiento, prioridad, completada, usuario_id, categoria_id, lote) VALUES (463, 'Task 164 for user 1', 'Description for task 164', '2025-10-18', 1, TRUE, 1, 105, 'lote-1') ON CONFLICT(id) DO NOTHING;
INSERT INTO fracttaldb.tarea_etiquetas (tarea_id, etiqueta_id) VALUES (463, 307) ON CONFLICT (tarea_id, etiqueta_id) DO NOTHING;
INSERT INTO fracttaldb.tareas (id, titulo, descripcion, fecha_vencimiento, prioridad, completada, usuario_id, categoria_id, lote) VALUES (464, 'Task 165 for user 1', 'Description for task 165', '2025-11-5', 1, FALSE, 1, 103, 'lote-1') ON CONFLICT(id) DO NOTHING;
INSERT INTO fracttaldb.tarea_etiquetas (tarea_id, etiqueta_id) VALUES (464, 306) ON CONFLICT (tarea_id, etiqueta_id) DO NOTHING;
INSERT INTO fracttaldb.tarea_etiquetas (tarea_id, etiqueta_id) VALUES (464, 309) ON CONFLICT (tarea_id, etiqueta_id) DO NOTHING;
INSERT INTO fracttaldb.tarea_etiquetas (tarea_id, etiqueta_id) VALUES (464, 303) ON CONFLICT (tarea_id, etiqueta_id) DO NOTHING;
INSERT INTO fracttaldb.tareas (id, titulo, descripcion, fecha_vencimiento, prioridad, completada, usuario_id, categoria_id, lote) VALUES (465, 'Task 166 for user 1', 'Description for task 166', '2025-12-23', 2, FALSE, 1, 105, 'lote-1') ON CONFLICT(id) DO NOTHING;
INSERT INTO fracttaldb.tarea_etiquetas (tarea_id, etiqueta_id) VALUES (465, 305) ON CONFLICT (tarea_id, etiqueta_id) DO NOTHING;
INSERT INTO fracttaldb.tarea_etiquetas (tarea_id, etiqueta_id) VALUES (465, 308) ON CONFLICT (tarea_id, etiqueta_id) DO NOTHING;
INSERT INTO fracttaldb.tareas (id, titulo, descripcion, fecha_vencimiento, prioridad, completada, usuario_id, categoria_id, lote) VALUES (466, 'Task 167 for user 1', 'Description for task 167', '2025-12-27', 2, FALSE, 1, 107, 'lote-1') ON CONFLICT(id) DO NOTHING;
INSERT INTO fracttaldb.tarea_etiquetas (tarea_id, etiqueta_id) VALUES (466, 304) ON CONFLICT (tarea_id, etiqueta_id) DO NOTHING;
INSERT INTO fracttaldb.tareas (id, titulo, descripcion, fecha_vencimiento, prioridad, completada, usuario_id, categoria_id, lote) VALUES (467, 'Task 168 for user 1', 'Description for task 168', '2025-12-25', 2, FALSE, 1, 107, 'lote-1') ON CONFLICT(id) DO NOTHING;
INSERT INTO fracttaldb.tarea_etiquetas (tarea_id, etiqueta_id) VALUES (467, 302) ON CONFLICT (tarea_id, etiqueta_id) DO NOTHING;
INSERT INTO fracttaldb.tareas (id, titulo, descripcion, fecha_vencimiento, prioridad, completada, usuario_id, categoria_id, lote) VALUES (468, 'Task 169 for user 1', 'Description for task 169', '2025-11-18', 1, TRUE, 1, 106, 'lote-1') ON CONFLICT(id) DO NOTHING;
INSERT INTO fracttaldb.tarea_etiquetas (tarea_id, etiqueta_id) VALUES (468, 306) ON CONFLICT (tarea_id, etiqueta_id) DO NOTHING;
INSERT INTO fracttaldb.tarea_etiquetas (tarea_id, etiqueta_id) VALUES (468, 301) ON CONFLICT (tarea_id, etiqueta_id) DO NOTHING;
INSERT INTO fracttaldb.tarea_etiquetas (tarea_id, etiqueta_id) VALUES (468, 304) ON CONFLICT (tarea_id, etiqueta_id) DO NOTHING;
INSERT INTO fracttaldb.tareas (id, titulo, descripcion, fecha_vencimiento, prioridad, completada, usuario_id, categoria_id, lote) VALUES (469, 'Task 170 for user 1', 'Description for task 170', '2025-12-19', 3, TRUE, 1, 101, 'lote-1') ON CONFLICT(id) DO NOTHING;
INSERT INTO fracttaldb.tarea_etiquetas (tarea_id, etiqueta_id) VALUES (469, 307) ON CONFLICT (tarea_id, etiqueta_id) DO NOTHING;
INSERT INTO fracttaldb.tarea_etiquetas (tarea_id, etiqueta_id) VALUES (469, 303) ON CONFLICT (tarea_id, etiqueta_id) DO NOTHING;
INSERT INTO fracttaldb.tarea_etiquetas (tarea_id, etiqueta_id) VALUES (469, 301) ON CONFLICT (tarea_id, etiqueta_id) DO NOTHING;
INSERT INTO fracttaldb.tareas (id, titulo, descripcion, fecha_vencimiento, prioridad, completada, usuario_id, categoria_id, lote) VALUES (470, 'Task 171 for user 1', 'Description for task 171', '2025-11-11', 3, TRUE, 1, 105, 'lote-1') ON CONFLICT(id) DO NOTHING;
INSERT INTO fracttaldb.tarea_etiquetas (tarea_id, etiqueta_id) VALUES (470, 305) ON CONFLICT (tarea_id, etiqueta_id) DO NOTHING;
INSERT INTO fracttaldb.tarea_etiquetas (tarea_id, etiqueta_id) VALUES (470, 301) ON CONFLICT (tarea_id, etiqueta_id) DO NOTHING;
INSERT INTO fracttaldb.tarea_etiquetas (tarea_id, etiqueta_id) VALUES (470, 307) ON CONFLICT (tarea_id, etiqueta_id) DO NOTHING;
INSERT INTO fracttaldb.tareas (id, titulo, descripcion, fecha_vencimiento, prioridad, completada, usuario_id, categoria_id, lote) VALUES (471, 'Task 172 for user 1', 'Description for task 172', '2025-12-1', 2, FALSE, 1, 102, 'lote-1') ON CONFLICT(id) DO NOTHING;
INSERT INTO fracttaldb.tarea_etiquetas (tarea_id, etiqueta_id) VALUES (471, 309) ON CONFLICT (tarea_id, etiqueta_id) DO NOTHING;
INSERT INTO fracttaldb.tarea_etiquetas (tarea_id, etiqueta_id) VALUES (471, 302) ON CONFLICT (tarea_id, etiqueta_id) DO NOTHING;
INSERT INTO fracttaldb.tareas (id, titulo, descripcion, fecha_vencimiento, prioridad, completada, usuario_id, categoria_id, lote) VALUES (472, 'Task 173 for user 1', 'Description for task 173', '2025-11-9', 1, TRUE, 1, 102, 'lote-1') ON CONFLICT(id) DO NOTHING;
INSERT INTO fracttaldb.tarea_etiquetas (tarea_id, etiqueta_id) VALUES (472, 305) ON CONFLICT (tarea_id, etiqueta_id) DO NOTHING;
INSERT INTO fracttaldb.tareas (id, titulo, descripcion, fecha_vencimiento, prioridad, completada, usuario_id, categoria_id, lote) VALUES (473, 'Task 174 for user 1', 'Description for task 174', '2025-10-18', 1, TRUE, 1, 104, 'lote-1') ON CONFLICT(id) DO NOTHING;
INSERT INTO fracttaldb.tarea_etiquetas (tarea_id, etiqueta_id) VALUES (473, 304) ON CONFLICT (tarea_id, etiqueta_id) DO NOTHING;
INSERT INTO fracttaldb.tarea_etiquetas (tarea_id, etiqueta_id) VALUES (473, 308) ON CONFLICT (tarea_id, etiqueta_id) DO NOTHING;
INSERT INTO fracttaldb.tarea_etiquetas (tarea_id, etiqueta_id) VALUES (473, 305) ON CONFLICT (tarea_id, etiqueta_id) DO NOTHING;
INSERT INTO fracttaldb.tareas (id, titulo, descripcion, fecha_vencimiento, prioridad, completada, usuario_id, categoria_id, lote) VALUES (474, 'Task 175 for user 1', 'Description for task 175', '2025-10-28', 3, FALSE, 1, 105, 'lote-1') ON CONFLICT(id) DO NOTHING;
INSERT INTO fracttaldb.tarea_etiquetas (tarea_id, etiqueta_id) VALUES (474, 302) ON CONFLICT (tarea_id, etiqueta_id) DO NOTHING;
INSERT INTO fracttaldb.tareas (id, titulo, descripcion, fecha_vencimiento, prioridad, completada, usuario_id, categoria_id, lote) VALUES (475, 'Task 176 for user 1', 'Description for task 176', '2025-11-13', 1, FALSE, 1, 101, 'lote-1') ON CONFLICT(id) DO NOTHING;
INSERT INTO fracttaldb.tarea_etiquetas (tarea_id, etiqueta_id) VALUES (475, 306) ON CONFLICT (tarea_id, etiqueta_id) DO NOTHING;
INSERT INTO fracttaldb.tareas (id, titulo, descripcion, fecha_vencimiento, prioridad, completada, usuario_id, categoria_id, lote) VALUES (476, 'Task 177 for user 1', 'Description for task 177', '2025-10-19', 2, FALSE, 1, 104, 'lote-1') ON CONFLICT(id) DO NOTHING;
INSERT INTO fracttaldb.tarea_etiquetas (tarea_id, etiqueta_id) VALUES (476, 301) ON CONFLICT (tarea_id, etiqueta_id) DO NOTHING;
INSERT INTO fracttaldb.tarea_etiquetas (tarea_id, etiqueta_id) VALUES (476, 304) ON CONFLICT (tarea_id, etiqueta_id) DO NOTHING;
INSERT INTO fracttaldb.tarea_etiquetas (tarea_id, etiqueta_id) VALUES (476, 308) ON CONFLICT (tarea_id, etiqueta_id) DO NOTHING;
INSERT INTO fracttaldb.tareas (id, titulo, descripcion, fecha_vencimiento, prioridad, completada, usuario_id, categoria_id, lote) VALUES (477, 'Task 178 for user 1', 'Description for task 178', '2025-12-17', 1, TRUE, 1, 105, 'lote-1') ON CONFLICT(id) DO NOTHING;
INSERT INTO fracttaldb.tarea_etiquetas (tarea_id, etiqueta_id) VALUES (477, 307) ON CONFLICT (tarea_id, etiqueta_id) DO NOTHING;
INSERT INTO fracttaldb.tarea_etiquetas (tarea_id, etiqueta_id) VALUES (477, 309) ON CONFLICT (tarea_id, etiqueta_id) DO NOTHING;
INSERT INTO fracttaldb.tareas (id, titulo, descripcion, fecha_vencimiento, prioridad, completada, usuario_id, categoria_id, lote) VALUES (478, 'Task 179 for user 1', 'Description for task 179', '2025-12-25', 1, FALSE, 1, 106, 'lote-1') ON CONFLICT(id) DO NOTHING;
INSERT INTO fracttaldb.tarea_etiquetas (tarea_id, etiqueta_id) VALUES (478, 307) ON CONFLICT (tarea_id, etiqueta_id) DO NOTHING;
INSERT INTO fracttaldb.tarea_etiquetas (tarea_id, etiqueta_id) VALUES (478, 305) ON CONFLICT (tarea_id, etiqueta_id) DO NOTHING;
INSERT INTO fracttaldb.tarea_etiquetas (tarea_id, etiqueta_id) VALUES (478, 303) ON CONFLICT (tarea_id, etiqueta_id) DO NOTHING;
INSERT INTO fracttaldb.tareas (id, titulo, descripcion, fecha_vencimiento, prioridad, completada, usuario_id, categoria_id, lote) VALUES (479, 'Task 180 for user 1', 'Description for task 180', '2025-11-13', 3, FALSE, 1, 105, 'lote-1') ON CONFLICT(id) DO NOTHING;
INSERT INTO fracttaldb.tarea_etiquetas (tarea_id, etiqueta_id) VALUES (479, 304) ON CONFLICT (tarea_id, etiqueta_id) DO NOTHING;
INSERT INTO fracttaldb.tarea_etiquetas (tarea_id, etiqueta_id) VALUES (479, 308) ON CONFLICT (tarea_id, etiqueta_id) DO NOTHING;
INSERT INTO fracttaldb.tareas (id, titulo, descripcion, fecha_vencimiento, prioridad, completada, usuario_id, categoria_id, lote) VALUES (480, 'Task 181 for user 1', 'Description for task 181', '2025-11-23', 3, TRUE, 1, 101, 'lote-1') ON CONFLICT(id) DO NOTHING;
INSERT INTO fracttaldb.tarea_etiquetas (tarea_id, etiqueta_id) VALUES (480, 303) ON CONFLICT (tarea_id, etiqueta_id) DO NOTHING;
INSERT INTO fracttaldb.tarea_etiquetas (tarea_id, etiqueta_id) VALUES (480, 305) ON CONFLICT (tarea_id, etiqueta_id) DO NOTHING;
INSERT INTO fracttaldb.tarea_etiquetas (tarea_id, etiqueta_id) VALUES (480, 304) ON CONFLICT (tarea_id, etiqueta_id) DO NOTHING;
INSERT INTO fracttaldb.tareas (id, titulo, descripcion, fecha_vencimiento, prioridad, completada, usuario_id, categoria_id, lote) VALUES (481, 'Task 182 for user 1', 'Description for task 182', '2025-10-22', 1, FALSE, 1, 103, 'lote-1') ON CONFLICT(id) DO NOTHING;
INSERT INTO fracttaldb.tarea_etiquetas (tarea_id, etiqueta_id) VALUES (481, 307) ON CONFLICT (tarea_id, etiqueta_id) DO NOTHING;
INSERT INTO fracttaldb.tarea_etiquetas (tarea_id, etiqueta_id) VALUES (481, 306) ON CONFLICT (tarea_id, etiqueta_id) DO NOTHING;
INSERT INTO fracttaldb.tarea_etiquetas (tarea_id, etiqueta_id) VALUES (481, 309) ON CONFLICT (tarea_id, etiqueta_id) DO NOTHING;
INSERT INTO fracttaldb.tareas (id, titulo, descripcion, fecha_vencimiento, prioridad, completada, usuario_id, categoria_id, lote) VALUES (482, 'Task 183 for user 1', 'Description for task 183', '2025-10-15', 1, FALSE, 1, 106, 'lote-1') ON CONFLICT(id) DO NOTHING;
INSERT INTO fracttaldb.tarea_etiquetas (tarea_id, etiqueta_id) VALUES (482, 302) ON CONFLICT (tarea_id, etiqueta_id) DO NOTHING;
INSERT INTO fracttaldb.tareas (id, titulo, descripcion, fecha_vencimiento, prioridad, completada, usuario_id, categoria_id, lote) VALUES (483, 'Task 184 for user 1', 'Description for task 184', '2025-11-9', 3, FALSE, 1, 106, 'lote-1') ON CONFLICT(id) DO NOTHING;
INSERT INTO fracttaldb.tarea_etiquetas (tarea_id, etiqueta_id) VALUES (483, 301) ON CONFLICT (tarea_id, etiqueta_id) DO NOTHING;
INSERT INTO fracttaldb.tarea_etiquetas (tarea_id, etiqueta_id) VALUES (483, 302) ON CONFLICT (tarea_id, etiqueta_id) DO NOTHING;
INSERT INTO fracttaldb.tarea_etiquetas (tarea_id, etiqueta_id) VALUES (483, 309) ON CONFLICT (tarea_id, etiqueta_id) DO NOTHING;
INSERT INTO fracttaldb.tareas (id, titulo, descripcion, fecha_vencimiento, prioridad, completada, usuario_id, categoria_id, lote) VALUES (484, 'Task 185 for user 1', 'Description for task 185', '2025-12-21', 1, TRUE, 1, 107, 'lote-1') ON CONFLICT(id) DO NOTHING;
INSERT INTO fracttaldb.tarea_etiquetas (tarea_id, etiqueta_id) VALUES (484, 309) ON CONFLICT (tarea_id, etiqueta_id) DO NOTHING;
INSERT INTO fracttaldb.tarea_etiquetas (tarea_id, etiqueta_id) VALUES (484, 306) ON CONFLICT (tarea_id, etiqueta_id) DO NOTHING;
INSERT INTO fracttaldb.tarea_etiquetas (tarea_id, etiqueta_id) VALUES (484, 301) ON CONFLICT (tarea_id, etiqueta_id) DO NOTHING;
INSERT INTO fracttaldb.tareas (id, titulo, descripcion, fecha_vencimiento, prioridad, completada, usuario_id, categoria_id, lote) VALUES (485, 'Task 186 for user 1', 'Description for task 186', '2025-10-23', 2, TRUE, 1, 102, 'lote-1') ON CONFLICT(id) DO NOTHING;
INSERT INTO fracttaldb.tarea_etiquetas (tarea_id, etiqueta_id) VALUES (485, 304) ON CONFLICT (tarea_id, etiqueta_id) DO NOTHING;
INSERT INTO fracttaldb.tareas (id, titulo, descripcion, fecha_vencimiento, prioridad, completada, usuario_id, categoria_id, lote) VALUES (486, 'Task 187 for user 1', 'Description for task 187', '2025-10-26', 3, FALSE, 1, 102, 'lote-1') ON CONFLICT(id) DO NOTHING;
INSERT INTO fracttaldb.tarea_etiquetas (tarea_id, etiqueta_id) VALUES (486, 307) ON CONFLICT (tarea_id, etiqueta_id) DO NOTHING;
INSERT INTO fracttaldb.tarea_etiquetas (tarea_id, etiqueta_id) VALUES (486, 302) ON CONFLICT (tarea_id, etiqueta_id) DO NOTHING;
INSERT INTO fracttaldb.tarea_etiquetas (tarea_id, etiqueta_id) VALUES (486, 305) ON CONFLICT (tarea_id, etiqueta_id) DO NOTHING;
INSERT INTO fracttaldb.tareas (id, titulo, descripcion, fecha_vencimiento, prioridad, completada, usuario_id, categoria_id, lote) VALUES (487, 'Task 188 for user 1', 'Description for task 188', '2025-10-11', 2, FALSE, 1, 102, 'lote-1') ON CONFLICT(id) DO NOTHING;
INSERT INTO fracttaldb.tarea_etiquetas (tarea_id, etiqueta_id) VALUES (487, 303) ON CONFLICT (tarea_id, etiqueta_id) DO NOTHING;
INSERT INTO fracttaldb.tareas (id, titulo, descripcion, fecha_vencimiento, prioridad, completada, usuario_id, categoria_id, lote) VALUES (488, 'Task 189 for user 1', 'Description for task 189', '2025-10-27', 2, TRUE, 1, 102, 'lote-1') ON CONFLICT(id) DO NOTHING;
INSERT INTO fracttaldb.tarea_etiquetas (tarea_id, etiqueta_id) VALUES (488, 302) ON CONFLICT (tarea_id, etiqueta_id) DO NOTHING;
INSERT INTO fracttaldb.tarea_etiquetas (tarea_id, etiqueta_id) VALUES (488, 307) ON CONFLICT (tarea_id, etiqueta_id) DO NOTHING;
INSERT INTO fracttaldb.tareas (id, titulo, descripcion, fecha_vencimiento, prioridad, completada, usuario_id, categoria_id, lote) VALUES (489, 'Task 190 for user 1', 'Description for task 190', '2025-12-16', 2, FALSE, 1, 105, 'lote-1') ON CONFLICT(id) DO NOTHING;
INSERT INTO fracttaldb.tarea_etiquetas (tarea_id, etiqueta_id) VALUES (489, 309) ON CONFLICT (tarea_id, etiqueta_id) DO NOTHING;
INSERT INTO fracttaldb.tarea_etiquetas (tarea_id, etiqueta_id) VALUES (489, 303) ON CONFLICT (tarea_id, etiqueta_id) DO NOTHING;
INSERT INTO fracttaldb.tarea_etiquetas (tarea_id, etiqueta_id) VALUES (489, 304) ON CONFLICT (tarea_id, etiqueta_id) DO NOTHING;
INSERT INTO fracttaldb.tareas (id, titulo, descripcion, fecha_vencimiento, prioridad, completada, usuario_id, categoria_id, lote) VALUES (490, 'Task 191 for user 1', 'Description for task 191', '2025-12-23', 2, TRUE, 1, 105, 'lote-1') ON CONFLICT(id) DO NOTHING;
INSERT INTO fracttaldb.tarea_etiquetas (tarea_id, etiqueta_id) VALUES (490, 301) ON CONFLICT (tarea_id, etiqueta_id) DO NOTHING;
INSERT INTO fracttaldb.tarea_etiquetas (tarea_id, etiqueta_id) VALUES (490, 307) ON CONFLICT (tarea_id, etiqueta_id) DO NOTHING;
INSERT INTO fracttaldb.tarea_etiquetas (tarea_id, etiqueta_id) VALUES (490, 303) ON CONFLICT (tarea_id, etiqueta_id) DO NOTHING;
INSERT INTO fracttaldb.tareas (id, titulo, descripcion, fecha_vencimiento, prioridad, completada, usuario_id, categoria_id, lote) VALUES (491, 'Task 192 for user 1', 'Description for task 192', '2025-12-1', 1, TRUE, 1, 105, 'lote-1') ON CONFLICT(id) DO NOTHING;
INSERT INTO fracttaldb.tarea_etiquetas (tarea_id, etiqueta_id) VALUES (491, 309) ON CONFLICT (tarea_id, etiqueta_id) DO NOTHING;
INSERT INTO fracttaldb.tarea_etiquetas (tarea_id, etiqueta_id) VALUES (491, 301) ON CONFLICT (tarea_id, etiqueta_id) DO NOTHING;
INSERT INTO fracttaldb.tareas (id, titulo, descripcion, fecha_vencimiento, prioridad, completada, usuario_id, categoria_id, lote) VALUES (492, 'Task 193 for user 1', 'Description for task 193', '2025-11-28', 1, TRUE, 1, 103, 'lote-1') ON CONFLICT(id) DO NOTHING;
INSERT INTO fracttaldb.tarea_etiquetas (tarea_id, etiqueta_id) VALUES (492, 308) ON CONFLICT (tarea_id, etiqueta_id) DO NOTHING;
INSERT INTO fracttaldb.tareas (id, titulo, descripcion, fecha_vencimiento, prioridad, completada, usuario_id, categoria_id, lote) VALUES (493, 'Task 194 for user 1', 'Description for task 194', '2025-10-26', 1, FALSE, 1, 102, 'lote-1') ON CONFLICT(id) DO NOTHING;
INSERT INTO fracttaldb.tarea_etiquetas (tarea_id, etiqueta_id) VALUES (493, 309) ON CONFLICT (tarea_id, etiqueta_id) DO NOTHING;
INSERT INTO fracttaldb.tareas (id, titulo, descripcion, fecha_vencimiento, prioridad, completada, usuario_id, categoria_id, lote) VALUES (494, 'Task 195 for user 1', 'Description for task 195', '2025-12-2', 2, FALSE, 1, 102, 'lote-1') ON CONFLICT(id) DO NOTHING;
INSERT INTO fracttaldb.tarea_etiquetas (tarea_id, etiqueta_id) VALUES (494, 301) ON CONFLICT (tarea_id, etiqueta_id) DO NOTHING;
INSERT INTO fracttaldb.tarea_etiquetas (tarea_id, etiqueta_id) VALUES (494, 306) ON CONFLICT (tarea_id, etiqueta_id) DO NOTHING;
INSERT INTO fracttaldb.tareas (id, titulo, descripcion, fecha_vencimiento, prioridad, completada, usuario_id, categoria_id, lote) VALUES (495, 'Task 196 for user 1', 'Description for task 196', '2025-10-9', 3, TRUE, 1, 103, 'lote-1') ON CONFLICT(id) DO NOTHING;
INSERT INTO fracttaldb.tarea_etiquetas (tarea_id, etiqueta_id) VALUES (495, 302) ON CONFLICT (tarea_id, etiqueta_id) DO NOTHING;
INSERT INTO fracttaldb.tareas (id, titulo, descripcion, fecha_vencimiento, prioridad, completada, usuario_id, categoria_id, lote) VALUES (496, 'Task 197 for user 1', 'Description for task 197', '2025-10-20', 3, FALSE, 1, 101, 'lote-1') ON CONFLICT(id) DO NOTHING;
INSERT INTO fracttaldb.tarea_etiquetas (tarea_id, etiqueta_id) VALUES (496, 306) ON CONFLICT (tarea_id, etiqueta_id) DO NOTHING;
INSERT INTO fracttaldb.tarea_etiquetas (tarea_id, etiqueta_id) VALUES (496, 303) ON CONFLICT (tarea_id, etiqueta_id) DO NOTHING;
INSERT INTO fracttaldb.tareas (id, titulo, descripcion, fecha_vencimiento, prioridad, completada, usuario_id, categoria_id, lote) VALUES (497, 'Task 198 for user 1', 'Description for task 198', '2025-12-10', 2, TRUE, 1, 105, 'lote-1') ON CONFLICT(id) DO NOTHING;
INSERT INTO fracttaldb.tarea_etiquetas (tarea_id, etiqueta_id) VALUES (497, 305) ON CONFLICT (tarea_id, etiqueta_id) DO NOTHING;
INSERT INTO fracttaldb.tareas (id, titulo, descripcion, fecha_vencimiento, prioridad, completada, usuario_id, categoria_id, lote) VALUES (498, 'Task 199 for user 1', 'Description for task 199', '2025-10-18', 3, FALSE, 1, 105, 'lote-1') ON CONFLICT(id) DO NOTHING;
INSERT INTO fracttaldb.tarea_etiquetas (tarea_id, etiqueta_id) VALUES (498, 305) ON CONFLICT (tarea_id, etiqueta_id) DO NOTHING;
INSERT INTO fracttaldb.tarea_etiquetas (tarea_id, etiqueta_id) VALUES (498, 309) ON CONFLICT (tarea_id, etiqueta_id) DO NOTHING;
INSERT INTO fracttaldb.tareas (id, titulo, descripcion, fecha_vencimiento, prioridad, completada, usuario_id, categoria_id, lote) VALUES (499, 'Task 200 for user 1', 'Description for task 200', '2025-10-7', 3, TRUE, 1, 104, 'lote-1') ON CONFLICT(id) DO NOTHING;
INSERT INTO fracttaldb.tarea_etiquetas (tarea_id, etiqueta_id) VALUES (499, 302) ON CONFLICT (tarea_id, etiqueta_id) DO NOTHING;
INSERT INTO fracttaldb.tarea_etiquetas (tarea_id, etiqueta_id) VALUES (499, 304) ON CONFLICT (tarea_id, etiqueta_id) DO NOTHING;
INSERT INTO fracttaldb.tarea_etiquetas (tarea_id, etiqueta_id) VALUES (499, 306) ON CONFLICT (tarea_id, etiqueta_id) DO NOTHING;
INSERT INTO fracttaldb.tareas (id, titulo, descripcion, fecha_vencimiento, prioridad, completada, usuario_id, categoria_id, lote) VALUES (500, 'Task 201 for user 1', 'Description for task 201', '2025-10-7', 2, FALSE, 1, 101, 'lote-1') ON CONFLICT(id) DO NOTHING;
INSERT INTO fracttaldb.tarea_etiquetas (tarea_id, etiqueta_id) VALUES (500, 302) ON CONFLICT (tarea_id, etiqueta_id) DO NOTHING;
INSERT INTO fracttaldb.tareas (id, titulo, descripcion, fecha_vencimiento, prioridad, completada, usuario_id, categoria_id, lote) VALUES (501, 'Task 202 for user 1', 'Description for task 202', '2025-10-20', 1, TRUE, 1, 105, 'lote-1') ON CONFLICT(id) DO NOTHING;
INSERT INTO fracttaldb.tarea_etiquetas (tarea_id, etiqueta_id) VALUES (501, 304) ON CONFLICT (tarea_id, etiqueta_id) DO NOTHING;
INSERT INTO fracttaldb.tareas (id, titulo, descripcion, fecha_vencimiento, prioridad, completada, usuario_id, categoria_id, lote) VALUES (502, 'Task 203 for user 1', 'Description for task 203', '2025-11-25', 1, FALSE, 1, 107, 'lote-1') ON CONFLICT(id) DO NOTHING;
INSERT INTO fracttaldb.tarea_etiquetas (tarea_id, etiqueta_id) VALUES (502, 304) ON CONFLICT (tarea_id, etiqueta_id) DO NOTHING;
INSERT INTO fracttaldb.tarea_etiquetas (tarea_id, etiqueta_id) VALUES (502, 301) ON CONFLICT (tarea_id, etiqueta_id) DO NOTHING;
INSERT INTO fracttaldb.tareas (id, titulo, descripcion, fecha_vencimiento, prioridad, completada, usuario_id, categoria_id, lote) VALUES (503, 'Task 204 for user 1', 'Description for task 204', '2025-12-23', 2, TRUE, 1, 104, 'lote-1') ON CONFLICT(id) DO NOTHING;
INSERT INTO fracttaldb.tarea_etiquetas (tarea_id, etiqueta_id) VALUES (503, 307) ON CONFLICT (tarea_id, etiqueta_id) DO NOTHING;
INSERT INTO fracttaldb.tarea_etiquetas (tarea_id, etiqueta_id) VALUES (503, 306) ON CONFLICT (tarea_id, etiqueta_id) DO NOTHING;
INSERT INTO fracttaldb.tarea_etiquetas (tarea_id, etiqueta_id) VALUES (503, 303) ON CONFLICT (tarea_id, etiqueta_id) DO NOTHING;
INSERT INTO fracttaldb.tareas (id, titulo, descripcion, fecha_vencimiento, prioridad, completada, usuario_id, categoria_id, lote) VALUES (504, 'Task 205 for user 1', 'Description for task 205', '2025-10-1', 1, TRUE, 1, 105, 'lote-1') ON CONFLICT(id) DO NOTHING;
INSERT INTO fracttaldb.tarea_etiquetas (tarea_id, etiqueta_id) VALUES (504, 306) ON CONFLICT (tarea_id, etiqueta_id) DO NOTHING;
INSERT INTO fracttaldb.tareas (id, titulo, descripcion, fecha_vencimiento, prioridad, completada, usuario_id, categoria_id, lote) VALUES (505, 'Task 206 for user 1', 'Description for task 206', '2025-12-2', 2, TRUE, 1, 101, 'lote-1') ON CONFLICT(id) DO NOTHING;
INSERT INTO fracttaldb.tarea_etiquetas (tarea_id, etiqueta_id) VALUES (505, 305) ON CONFLICT (tarea_id, etiqueta_id) DO NOTHING;
INSERT INTO fracttaldb.tareas (id, titulo, descripcion, fecha_vencimiento, prioridad, completada, usuario_id, categoria_id, lote) VALUES (506, 'Task 207 for user 1', 'Description for task 207', '2025-12-21', 2, FALSE, 1, 104, 'lote-1') ON CONFLICT(id) DO NOTHING;
INSERT INTO fracttaldb.tarea_etiquetas (tarea_id, etiqueta_id) VALUES (506, 308) ON CONFLICT (tarea_id, etiqueta_id) DO NOTHING;
INSERT INTO fracttaldb.tarea_etiquetas (tarea_id, etiqueta_id) VALUES (506, 303) ON CONFLICT (tarea_id, etiqueta_id) DO NOTHING;
INSERT INTO fracttaldb.tareas (id, titulo, descripcion, fecha_vencimiento, prioridad, completada, usuario_id, categoria_id, lote) VALUES (507, 'Task 208 for user 1', 'Description for task 208', '2025-12-10', 3, TRUE, 1, 104, 'lote-1') ON CONFLICT(id) DO NOTHING;
INSERT INTO fracttaldb.tarea_etiquetas (tarea_id, etiqueta_id) VALUES (507, 309) ON CONFLICT (tarea_id, etiqueta_id) DO NOTHING;
INSERT INTO fracttaldb.tarea_etiquetas (tarea_id, etiqueta_id) VALUES (507, 308) ON CONFLICT (tarea_id, etiqueta_id) DO NOTHING;
INSERT INTO fracttaldb.tarea_etiquetas (tarea_id, etiqueta_id) VALUES (507, 303) ON CONFLICT (tarea_id, etiqueta_id) DO NOTHING;
INSERT INTO fracttaldb.tareas (id, titulo, descripcion, fecha_vencimiento, prioridad, completada, usuario_id, categoria_id, lote) VALUES (508, 'Task 209 for user 1', 'Description for task 209', '2025-12-19', 3, FALSE, 1, 102, 'lote-1') ON CONFLICT(id) DO NOTHING;
INSERT INTO fracttaldb.tarea_etiquetas (tarea_id, etiqueta_id) VALUES (508, 302) ON CONFLICT (tarea_id, etiqueta_id) DO NOTHING;
INSERT INTO fracttaldb.tareas (id, titulo, descripcion, fecha_vencimiento, prioridad, completada, usuario_id, categoria_id, lote) VALUES (509, 'Task 210 for user 1', 'Description for task 210', '2025-11-21', 1, TRUE, 1, 105, 'lote-1') ON CONFLICT(id) DO NOTHING;
INSERT INTO fracttaldb.tarea_etiquetas (tarea_id, etiqueta_id) VALUES (509, 303) ON CONFLICT (tarea_id, etiqueta_id) DO NOTHING;
INSERT INTO fracttaldb.tarea_etiquetas (tarea_id, etiqueta_id) VALUES (509, 308) ON CONFLICT (tarea_id, etiqueta_id) DO NOTHING;
INSERT INTO fracttaldb.tareas (id, titulo, descripcion, fecha_vencimiento, prioridad, completada, usuario_id, categoria_id, lote) VALUES (510, 'Task 211 for user 1', 'Description for task 211', '2025-11-22', 3, TRUE, 1, 101, 'lote-1') ON CONFLICT(id) DO NOTHING;
INSERT INTO fracttaldb.tarea_etiquetas (tarea_id, etiqueta_id) VALUES (510, 302) ON CONFLICT (tarea_id, etiqueta_id) DO NOTHING;
INSERT INTO fracttaldb.tarea_etiquetas (tarea_id, etiqueta_id) VALUES (510, 304) ON CONFLICT (tarea_id, etiqueta_id) DO NOTHING;
INSERT INTO fracttaldb.tarea_etiquetas (tarea_id, etiqueta_id) VALUES (510, 301) ON CONFLICT (tarea_id, etiqueta_id) DO NOTHING;
INSERT INTO fracttaldb.tareas (id, titulo, descripcion, fecha_vencimiento, prioridad, completada, usuario_id, categoria_id, lote) VALUES (511, 'Task 212 for user 1', 'Description for task 212', '2025-12-28', 2, FALSE, 1, 107, 'lote-1') ON CONFLICT(id) DO NOTHING;
INSERT INTO fracttaldb.tarea_etiquetas (tarea_id, etiqueta_id) VALUES (511, 308) ON CONFLICT (tarea_id, etiqueta_id) DO NOTHING;
INSERT INTO fracttaldb.tareas (id, titulo, descripcion, fecha_vencimiento, prioridad, completada, usuario_id, categoria_id, lote) VALUES (512, 'Task 213 for user 1', 'Description for task 213', '2025-11-2', 2, TRUE, 1, 105, 'lote-1') ON CONFLICT(id) DO NOTHING;
INSERT INTO fracttaldb.tarea_etiquetas (tarea_id, etiqueta_id) VALUES (512, 303) ON CONFLICT (tarea_id, etiqueta_id) DO NOTHING;
INSERT INTO fracttaldb.tareas (id, titulo, descripcion, fecha_vencimiento, prioridad, completada, usuario_id, categoria_id, lote) VALUES (513, 'Task 214 for user 1', 'Description for task 214', '2025-11-8', 3, TRUE, 1, 102, 'lote-1') ON CONFLICT(id) DO NOTHING;
INSERT INTO fracttaldb.tarea_etiquetas (tarea_id, etiqueta_id) VALUES (513, 307) ON CONFLICT (tarea_id, etiqueta_id) DO NOTHING;
INSERT INTO fracttaldb.tarea_etiquetas (tarea_id, etiqueta_id) VALUES (513, 309) ON CONFLICT (tarea_id, etiqueta_id) DO NOTHING;
INSERT INTO fracttaldb.tarea_etiquetas (tarea_id, etiqueta_id) VALUES (513, 308) ON CONFLICT (tarea_id, etiqueta_id) DO NOTHING;
INSERT INTO fracttaldb.tareas (id, titulo, descripcion, fecha_vencimiento, prioridad, completada, usuario_id, categoria_id, lote) VALUES (514, 'Task 215 for user 1', 'Description for task 215', '2025-11-15', 3, FALSE, 1, 106, 'lote-1') ON CONFLICT(id) DO NOTHING;
INSERT INTO fracttaldb.tarea_etiquetas (tarea_id, etiqueta_id) VALUES (514, 308) ON CONFLICT (tarea_id, etiqueta_id) DO NOTHING;
INSERT INTO fracttaldb.tarea_etiquetas (tarea_id, etiqueta_id) VALUES (514, 303) ON CONFLICT (tarea_id, etiqueta_id) DO NOTHING;
INSERT INTO fracttaldb.tarea_etiquetas (tarea_id, etiqueta_id) VALUES (514, 302) ON CONFLICT (tarea_id, etiqueta_id) DO NOTHING;
INSERT INTO fracttaldb.tareas (id, titulo, descripcion, fecha_vencimiento, prioridad, completada, usuario_id, categoria_id, lote) VALUES (515, 'Task 216 for user 1', 'Description for task 216', '2025-12-14', 2, TRUE, 1, 101, 'lote-1') ON CONFLICT(id) DO NOTHING;
INSERT INTO fracttaldb.tarea_etiquetas (tarea_id, etiqueta_id) VALUES (515, 301) ON CONFLICT (tarea_id, etiqueta_id) DO NOTHING;
INSERT INTO fracttaldb.tarea_etiquetas (tarea_id, etiqueta_id) VALUES (515, 306) ON CONFLICT (tarea_id, etiqueta_id) DO NOTHING;
INSERT INTO fracttaldb.tarea_etiquetas (tarea_id, etiqueta_id) VALUES (515, 305) ON CONFLICT (tarea_id, etiqueta_id) DO NOTHING;
INSERT INTO fracttaldb.tareas (id, titulo, descripcion, fecha_vencimiento, prioridad, completada, usuario_id, categoria_id, lote) VALUES (516, 'Task 217 for user 1', 'Description for task 217', '2025-12-18', 1, TRUE, 1, 101, 'lote-1') ON CONFLICT(id) DO NOTHING;
INSERT INTO fracttaldb.tarea_etiquetas (tarea_id, etiqueta_id) VALUES (516, 301) ON CONFLICT (tarea_id, etiqueta_id) DO NOTHING;
INSERT INTO fracttaldb.tarea_etiquetas (tarea_id, etiqueta_id) VALUES (516, 305) ON CONFLICT (tarea_id, etiqueta_id) DO NOTHING;
INSERT INTO fracttaldb.tarea_etiquetas (tarea_id, etiqueta_id) VALUES (516, 303) ON CONFLICT (tarea_id, etiqueta_id) DO NOTHING;
INSERT INTO fracttaldb.tareas (id, titulo, descripcion, fecha_vencimiento, prioridad, completada, usuario_id, categoria_id, lote) VALUES (517, 'Task 218 for user 1', 'Description for task 218', '2025-11-2', 2, TRUE, 1, 103, 'lote-1') ON CONFLICT(id) DO NOTHING;
INSERT INTO fracttaldb.tarea_etiquetas (tarea_id, etiqueta_id) VALUES (517, 309) ON CONFLICT (tarea_id, etiqueta_id) DO NOTHING;
INSERT INTO fracttaldb.tarea_etiquetas (tarea_id, etiqueta_id) VALUES (517, 305) ON CONFLICT (tarea_id, etiqueta_id) DO NOTHING;
INSERT INTO fracttaldb.tarea_etiquetas (tarea_id, etiqueta_id) VALUES (517, 302) ON CONFLICT (tarea_id, etiqueta_id) DO NOTHING;
INSERT INTO fracttaldb.tareas (id, titulo, descripcion, fecha_vencimiento, prioridad, completada, usuario_id, categoria_id, lote) VALUES (518, 'Task 219 for user 1', 'Description for task 219', '2025-11-10', 1, FALSE, 1, 102, 'lote-1') ON CONFLICT(id) DO NOTHING;
INSERT INTO fracttaldb.tarea_etiquetas (tarea_id, etiqueta_id) VALUES (518, 307) ON CONFLICT (tarea_id, etiqueta_id) DO NOTHING;
INSERT INTO fracttaldb.tarea_etiquetas (tarea_id, etiqueta_id) VALUES (518, 305) ON CONFLICT (tarea_id, etiqueta_id) DO NOTHING;
INSERT INTO fracttaldb.tarea_etiquetas (tarea_id, etiqueta_id) VALUES (518, 301) ON CONFLICT (tarea_id, etiqueta_id) DO NOTHING;
INSERT INTO fracttaldb.tareas (id, titulo, descripcion, fecha_vencimiento, prioridad, completada, usuario_id, categoria_id, lote) VALUES (519, 'Task 220 for user 1', 'Description for task 220', '2025-10-19', 3, FALSE, 1, 105, 'lote-1') ON CONFLICT(id) DO NOTHING;
INSERT INTO fracttaldb.tarea_etiquetas (tarea_id, etiqueta_id) VALUES (519, 303) ON CONFLICT (tarea_id, etiqueta_id) DO NOTHING;
INSERT INTO fracttaldb.tarea_etiquetas (tarea_id, etiqueta_id) VALUES (519, 308) ON CONFLICT (tarea_id, etiqueta_id) DO NOTHING;
INSERT INTO fracttaldb.tareas (id, titulo, descripcion, fecha_vencimiento, prioridad, completada, usuario_id, categoria_id, lote) VALUES (520, 'Task 221 for user 1', 'Description for task 221', '2025-11-20', 3, FALSE, 1, 107, 'lote-1') ON CONFLICT(id) DO NOTHING;
INSERT INTO fracttaldb.tarea_etiquetas (tarea_id, etiqueta_id) VALUES (520, 306) ON CONFLICT (tarea_id, etiqueta_id) DO NOTHING;
INSERT INTO fracttaldb.tarea_etiquetas (tarea_id, etiqueta_id) VALUES (520, 309) ON CONFLICT (tarea_id, etiqueta_id) DO NOTHING;
INSERT INTO fracttaldb.tareas (id, titulo, descripcion, fecha_vencimiento, prioridad, completada, usuario_id, categoria_id, lote) VALUES (521, 'Task 222 for user 1', 'Description for task 222', '2025-12-6', 2, TRUE, 1, 103, 'lote-1') ON CONFLICT(id) DO NOTHING;
INSERT INTO fracttaldb.tarea_etiquetas (tarea_id, etiqueta_id) VALUES (521, 302) ON CONFLICT (tarea_id, etiqueta_id) DO NOTHING;
INSERT INTO fracttaldb.tareas (id, titulo, descripcion, fecha_vencimiento, prioridad, completada, usuario_id, categoria_id, lote) VALUES (522, 'Task 223 for user 1', 'Description for task 223', '2025-12-20', 2, FALSE, 1, 101, 'lote-1') ON CONFLICT(id) DO NOTHING;
INSERT INTO fracttaldb.tarea_etiquetas (tarea_id, etiqueta_id) VALUES (522, 309) ON CONFLICT (tarea_id, etiqueta_id) DO NOTHING;
INSERT INTO fracttaldb.tareas (id, titulo, descripcion, fecha_vencimiento, prioridad, completada, usuario_id, categoria_id, lote) VALUES (523, 'Task 224 for user 1', 'Description for task 224', '2025-10-22', 2, TRUE, 1, 103, 'lote-1') ON CONFLICT(id) DO NOTHING;
INSERT INTO fracttaldb.tarea_etiquetas (tarea_id, etiqueta_id) VALUES (523, 306) ON CONFLICT (tarea_id, etiqueta_id) DO NOTHING;
INSERT INTO fracttaldb.tarea_etiquetas (tarea_id, etiqueta_id) VALUES (523, 303) ON CONFLICT (tarea_id, etiqueta_id) DO NOTHING;
INSERT INTO fracttaldb.tarea_etiquetas (tarea_id, etiqueta_id) VALUES (523, 304) ON CONFLICT (tarea_id, etiqueta_id) DO NOTHING;
INSERT INTO fracttaldb.tareas (id, titulo, descripcion, fecha_vencimiento, prioridad, completada, usuario_id, categoria_id, lote) VALUES (524, 'Task 225 for user 1', 'Description for task 225', '2025-12-21', 1, TRUE, 1, 105, 'lote-1') ON CONFLICT(id) DO NOTHING;
INSERT INTO fracttaldb.tarea_etiquetas (tarea_id, etiqueta_id) VALUES (524, 304) ON CONFLICT (tarea_id, etiqueta_id) DO NOTHING;
INSERT INTO fracttaldb.tarea_etiquetas (tarea_id, etiqueta_id) VALUES (524, 307) ON CONFLICT (tarea_id, etiqueta_id) DO NOTHING;
INSERT INTO fracttaldb.tarea_etiquetas (tarea_id, etiqueta_id) VALUES (524, 306) ON CONFLICT (tarea_id, etiqueta_id) DO NOTHING;
INSERT INTO fracttaldb.tareas (id, titulo, descripcion, fecha_vencimiento, prioridad, completada, usuario_id, categoria_id, lote) VALUES (525, 'Task 226 for user 1', 'Description for task 226', '2025-11-13', 2, TRUE, 1, 106, 'lote-1') ON CONFLICT(id) DO NOTHING;
INSERT INTO fracttaldb.tarea_etiquetas (tarea_id, etiqueta_id) VALUES (525, 306) ON CONFLICT (tarea_id, etiqueta_id) DO NOTHING;
INSERT INTO fracttaldb.tarea_etiquetas (tarea_id, etiqueta_id) VALUES (525, 304) ON CONFLICT (tarea_id, etiqueta_id) DO NOTHING;
INSERT INTO fracttaldb.tareas (id, titulo, descripcion, fecha_vencimiento, prioridad, completada, usuario_id, categoria_id, lote) VALUES (526, 'Task 227 for user 1', 'Description for task 227', '2025-10-8', 1, TRUE, 1, 104, 'lote-1') ON CONFLICT(id) DO NOTHING;
INSERT INTO fracttaldb.tarea_etiquetas (tarea_id, etiqueta_id) VALUES (526, 301) ON CONFLICT (tarea_id, etiqueta_id) DO NOTHING;
INSERT INTO fracttaldb.tarea_etiquetas (tarea_id, etiqueta_id) VALUES (526, 308) ON CONFLICT (tarea_id, etiqueta_id) DO NOTHING;
INSERT INTO fracttaldb.tareas (id, titulo, descripcion, fecha_vencimiento, prioridad, completada, usuario_id, categoria_id, lote) VALUES (527, 'Task 228 for user 1', 'Description for task 228', '2025-12-8', 1, TRUE, 1, 102, 'lote-1') ON CONFLICT(id) DO NOTHING;
INSERT INTO fracttaldb.tarea_etiquetas (tarea_id, etiqueta_id) VALUES (527, 301) ON CONFLICT (tarea_id, etiqueta_id) DO NOTHING;
INSERT INTO fracttaldb.tarea_etiquetas (tarea_id, etiqueta_id) VALUES (527, 307) ON CONFLICT (tarea_id, etiqueta_id) DO NOTHING;
INSERT INTO fracttaldb.tarea_etiquetas (tarea_id, etiqueta_id) VALUES (527, 306) ON CONFLICT (tarea_id, etiqueta_id) DO NOTHING;
INSERT INTO fracttaldb.tareas (id, titulo, descripcion, fecha_vencimiento, prioridad, completada, usuario_id, categoria_id, lote) VALUES (528, 'Task 229 for user 1', 'Description for task 229', '2025-12-16', 3, FALSE, 1, 105, 'lote-1') ON CONFLICT(id) DO NOTHING;
INSERT INTO fracttaldb.tarea_etiquetas (tarea_id, etiqueta_id) VALUES (528, 304) ON CONFLICT (tarea_id, etiqueta_id) DO NOTHING;
INSERT INTO fracttaldb.tarea_etiquetas (tarea_id, etiqueta_id) VALUES (528, 309) ON CONFLICT (tarea_id, etiqueta_id) DO NOTHING;
INSERT INTO fracttaldb.tarea_etiquetas (tarea_id, etiqueta_id) VALUES (528, 305) ON CONFLICT (tarea_id, etiqueta_id) DO NOTHING;
INSERT INTO fracttaldb.tareas (id, titulo, descripcion, fecha_vencimiento, prioridad, completada, usuario_id, categoria_id, lote) VALUES (529, 'Task 230 for user 1', 'Description for task 230', '2025-10-26', 2, TRUE, 1, 104, 'lote-1') ON CONFLICT(id) DO NOTHING;
INSERT INTO fracttaldb.tarea_etiquetas (tarea_id, etiqueta_id) VALUES (529, 309) ON CONFLICT (tarea_id, etiqueta_id) DO NOTHING;
INSERT INTO fracttaldb.tareas (id, titulo, descripcion, fecha_vencimiento, prioridad, completada, usuario_id, categoria_id, lote) VALUES (530, 'Task 231 for user 1', 'Description for task 231', '2025-10-25', 2, FALSE, 1, 105, 'lote-1') ON CONFLICT(id) DO NOTHING;
INSERT INTO fracttaldb.tarea_etiquetas (tarea_id, etiqueta_id) VALUES (530, 303) ON CONFLICT (tarea_id, etiqueta_id) DO NOTHING;
INSERT INTO fracttaldb.tareas (id, titulo, descripcion, fecha_vencimiento, prioridad, completada, usuario_id, categoria_id, lote) VALUES (531, 'Task 232 for user 1', 'Description for task 232', '2025-10-27', 2, FALSE, 1, 102, 'lote-1') ON CONFLICT(id) DO NOTHING;
INSERT INTO fracttaldb.tarea_etiquetas (tarea_id, etiqueta_id) VALUES (531, 308) ON CONFLICT (tarea_id, etiqueta_id) DO NOTHING;
INSERT INTO fracttaldb.tarea_etiquetas (tarea_id, etiqueta_id) VALUES (531, 302) ON CONFLICT (tarea_id, etiqueta_id) DO NOTHING;
INSERT INTO fracttaldb.tarea_etiquetas (tarea_id, etiqueta_id) VALUES (531, 304) ON CONFLICT (tarea_id, etiqueta_id) DO NOTHING;
INSERT INTO fracttaldb.tareas (id, titulo, descripcion, fecha_vencimiento, prioridad, completada, usuario_id, categoria_id, lote) VALUES (532, 'Task 233 for user 1', 'Description for task 233', '2025-10-17', 1, FALSE, 1, 103, 'lote-1') ON CONFLICT(id) DO NOTHING;
INSERT INTO fracttaldb.tarea_etiquetas (tarea_id, etiqueta_id) VALUES (532, 308) ON CONFLICT (tarea_id, etiqueta_id) DO NOTHING;
INSERT INTO fracttaldb.tarea_etiquetas (tarea_id, etiqueta_id) VALUES (532, 301) ON CONFLICT (tarea_id, etiqueta_id) DO NOTHING;
INSERT INTO fracttaldb.tareas (id, titulo, descripcion, fecha_vencimiento, prioridad, completada, usuario_id, categoria_id, lote) VALUES (533, 'Task 234 for user 1', 'Description for task 234', '2025-11-8', 3, FALSE, 1, 105, 'lote-1') ON CONFLICT(id) DO NOTHING;
INSERT INTO fracttaldb.tarea_etiquetas (tarea_id, etiqueta_id) VALUES (533, 308) ON CONFLICT (tarea_id, etiqueta_id) DO NOTHING;
INSERT INTO fracttaldb.tareas (id, titulo, descripcion, fecha_vencimiento, prioridad, completada, usuario_id, categoria_id, lote) VALUES (534, 'Task 235 for user 1', 'Description for task 235', '2025-11-3', 3, TRUE, 1, 106, 'lote-1') ON CONFLICT(id) DO NOTHING;
INSERT INTO fracttaldb.tarea_etiquetas (tarea_id, etiqueta_id) VALUES (534, 307) ON CONFLICT (tarea_id, etiqueta_id) DO NOTHING;
INSERT INTO fracttaldb.tareas (id, titulo, descripcion, fecha_vencimiento, prioridad, completada, usuario_id, categoria_id, lote) VALUES (535, 'Task 236 for user 1', 'Description for task 236', '2025-10-3', 1, FALSE, 1, 107, 'lote-1') ON CONFLICT(id) DO NOTHING;
INSERT INTO fracttaldb.tarea_etiquetas (tarea_id, etiqueta_id) VALUES (535, 307) ON CONFLICT (tarea_id, etiqueta_id) DO NOTHING;
INSERT INTO fracttaldb.tareas (id, titulo, descripcion, fecha_vencimiento, prioridad, completada, usuario_id, categoria_id, lote) VALUES (536, 'Task 237 for user 1', 'Description for task 237', '2025-10-7', 2, TRUE, 1, 106, 'lote-1') ON CONFLICT(id) DO NOTHING;
INSERT INTO fracttaldb.tarea_etiquetas (tarea_id, etiqueta_id) VALUES (536, 303) ON CONFLICT (tarea_id, etiqueta_id) DO NOTHING;
INSERT INTO fracttaldb.tareas (id, titulo, descripcion, fecha_vencimiento, prioridad, completada, usuario_id, categoria_id, lote) VALUES (537, 'Task 238 for user 1', 'Description for task 238', '2025-10-10', 1, TRUE, 1, 105, 'lote-1') ON CONFLICT(id) DO NOTHING;
INSERT INTO fracttaldb.tarea_etiquetas (tarea_id, etiqueta_id) VALUES (537, 303) ON CONFLICT (tarea_id, etiqueta_id) DO NOTHING;
INSERT INTO fracttaldb.tarea_etiquetas (tarea_id, etiqueta_id) VALUES (537, 307) ON CONFLICT (tarea_id, etiqueta_id) DO NOTHING;
INSERT INTO fracttaldb.tarea_etiquetas (tarea_id, etiqueta_id) VALUES (537, 309) ON CONFLICT (tarea_id, etiqueta_id) DO NOTHING;
INSERT INTO fracttaldb.tareas (id, titulo, descripcion, fecha_vencimiento, prioridad, completada, usuario_id, categoria_id, lote) VALUES (538, 'Task 239 for user 1', 'Description for task 239', '2025-10-25', 3, TRUE, 1, 107, 'lote-1') ON CONFLICT(id) DO NOTHING;
INSERT INTO fracttaldb.tarea_etiquetas (tarea_id, etiqueta_id) VALUES (538, 303) ON CONFLICT (tarea_id, etiqueta_id) DO NOTHING;
INSERT INTO fracttaldb.tarea_etiquetas (tarea_id, etiqueta_id) VALUES (538, 307) ON CONFLICT (tarea_id, etiqueta_id) DO NOTHING;
INSERT INTO fracttaldb.tarea_etiquetas (tarea_id, etiqueta_id) VALUES (538, 308) ON CONFLICT (tarea_id, etiqueta_id) DO NOTHING;
INSERT INTO fracttaldb.tareas (id, titulo, descripcion, fecha_vencimiento, prioridad, completada, usuario_id, categoria_id, lote) VALUES (539, 'Task 240 for user 1', 'Description for task 240', '2025-11-10', 1, TRUE, 1, 107, 'lote-1') ON CONFLICT(id) DO NOTHING;
INSERT INTO fracttaldb.tarea_etiquetas (tarea_id, etiqueta_id) VALUES (539, 305) ON CONFLICT (tarea_id, etiqueta_id) DO NOTHING;
INSERT INTO fracttaldb.tareas (id, titulo, descripcion, fecha_vencimiento, prioridad, completada, usuario_id, categoria_id, lote) VALUES (540, 'Task 241 for user 1', 'Description for task 241', '2025-11-6', 3, FALSE, 1, 104, 'lote-1') ON CONFLICT(id) DO NOTHING;
INSERT INTO fracttaldb.tarea_etiquetas (tarea_id, etiqueta_id) VALUES (540, 305) ON CONFLICT (tarea_id, etiqueta_id) DO NOTHING;
INSERT INTO fracttaldb.tarea_etiquetas (tarea_id, etiqueta_id) VALUES (540, 302) ON CONFLICT (tarea_id, etiqueta_id) DO NOTHING;
INSERT INTO fracttaldb.tareas (id, titulo, descripcion, fecha_vencimiento, prioridad, completada, usuario_id, categoria_id, lote) VALUES (541, 'Task 242 for user 1', 'Description for task 242', '2025-12-6', 2, TRUE, 1, 105, 'lote-1') ON CONFLICT(id) DO NOTHING;
INSERT INTO fracttaldb.tarea_etiquetas (tarea_id, etiqueta_id) VALUES (541, 309) ON CONFLICT (tarea_id, etiqueta_id) DO NOTHING;
INSERT INTO fracttaldb.tareas (id, titulo, descripcion, fecha_vencimiento, prioridad, completada, usuario_id, categoria_id, lote) VALUES (542, 'Task 243 for user 1', 'Description for task 243', '2025-11-7', 3, FALSE, 1, 104, 'lote-1') ON CONFLICT(id) DO NOTHING;
INSERT INTO fracttaldb.tarea_etiquetas (tarea_id, etiqueta_id) VALUES (542, 304) ON CONFLICT (tarea_id, etiqueta_id) DO NOTHING;
INSERT INTO fracttaldb.tareas (id, titulo, descripcion, fecha_vencimiento, prioridad, completada, usuario_id, categoria_id, lote) VALUES (543, 'Task 244 for user 1', 'Description for task 244', '2025-11-23', 3, FALSE, 1, 106, 'lote-1') ON CONFLICT(id) DO NOTHING;
INSERT INTO fracttaldb.tarea_etiquetas (tarea_id, etiqueta_id) VALUES (543, 302) ON CONFLICT (tarea_id, etiqueta_id) DO NOTHING;
INSERT INTO fracttaldb.tarea_etiquetas (tarea_id, etiqueta_id) VALUES (543, 304) ON CONFLICT (tarea_id, etiqueta_id) DO NOTHING;
INSERT INTO fracttaldb.tareas (id, titulo, descripcion, fecha_vencimiento, prioridad, completada, usuario_id, categoria_id, lote) VALUES (544, 'Task 245 for user 1', 'Description for task 245', '2025-11-13', 1, FALSE, 1, 107, 'lote-1') ON CONFLICT(id) DO NOTHING;
INSERT INTO fracttaldb.tarea_etiquetas (tarea_id, etiqueta_id) VALUES (544, 303) ON CONFLICT (tarea_id, etiqueta_id) DO NOTHING;
INSERT INTO fracttaldb.tarea_etiquetas (tarea_id, etiqueta_id) VALUES (544, 308) ON CONFLICT (tarea_id, etiqueta_id) DO NOTHING;
INSERT INTO fracttaldb.tarea_etiquetas (tarea_id, etiqueta_id) VALUES (544, 306) ON CONFLICT (tarea_id, etiqueta_id) DO NOTHING;
INSERT INTO fracttaldb.tareas (id, titulo, descripcion, fecha_vencimiento, prioridad, completada, usuario_id, categoria_id, lote) VALUES (545, 'Task 246 for user 1', 'Description for task 246', '2025-12-10', 1, TRUE, 1, 102, 'lote-1') ON CONFLICT(id) DO NOTHING;
INSERT INTO fracttaldb.tarea_etiquetas (tarea_id, etiqueta_id) VALUES (545, 302) ON CONFLICT (tarea_id, etiqueta_id) DO NOTHING;
INSERT INTO fracttaldb.tareas (id, titulo, descripcion, fecha_vencimiento, prioridad, completada, usuario_id, categoria_id, lote) VALUES (546, 'Task 247 for user 1', 'Description for task 247', '2025-10-8', 2, TRUE, 1, 105, 'lote-1') ON CONFLICT(id) DO NOTHING;
INSERT INTO fracttaldb.tarea_etiquetas (tarea_id, etiqueta_id) VALUES (546, 301) ON CONFLICT (tarea_id, etiqueta_id) DO NOTHING;
INSERT INTO fracttaldb.tareas (id, titulo, descripcion, fecha_vencimiento, prioridad, completada, usuario_id, categoria_id, lote) VALUES (547, 'Task 248 for user 1', 'Description for task 248', '2025-12-17', 3, FALSE, 1, 103, 'lote-1') ON CONFLICT(id) DO NOTHING;
INSERT INTO fracttaldb.tarea_etiquetas (tarea_id, etiqueta_id) VALUES (547, 303) ON CONFLICT (tarea_id, etiqueta_id) DO NOTHING;
INSERT INTO fracttaldb.tarea_etiquetas (tarea_id, etiqueta_id) VALUES (547, 306) ON CONFLICT (tarea_id, etiqueta_id) DO NOTHING;
INSERT INTO fracttaldb.tareas (id, titulo, descripcion, fecha_vencimiento, prioridad, completada, usuario_id, categoria_id, lote) VALUES (548, 'Task 249 for user 1', 'Description for task 249', '2025-10-19', 2, FALSE, 1, 102, 'lote-1') ON CONFLICT(id) DO NOTHING;
INSERT INTO fracttaldb.tarea_etiquetas (tarea_id, etiqueta_id) VALUES (548, 304) ON CONFLICT (tarea_id, etiqueta_id) DO NOTHING;
INSERT INTO fracttaldb.tareas (id, titulo, descripcion, fecha_vencimiento, prioridad, completada, usuario_id, categoria_id, lote) VALUES (549, 'Task 250 for user 1', 'Description for task 250', '2025-12-10', 2, FALSE, 1, 104, 'lote-1') ON CONFLICT(id) DO NOTHING;
INSERT INTO fracttaldb.tarea_etiquetas (tarea_id, etiqueta_id) VALUES (549, 306) ON CONFLICT (tarea_id, etiqueta_id) DO NOTHING;
INSERT INTO fracttaldb.tarea_etiquetas (tarea_id, etiqueta_id) VALUES (549, 307) ON CONFLICT (tarea_id, etiqueta_id) DO NOTHING;
INSERT INTO fracttaldb.tareas (id, titulo, descripcion, fecha_vencimiento, prioridad, completada, usuario_id, categoria_id, lote) VALUES (550, 'Task 251 for user 1', 'Description for task 251', '2025-11-10', 3, FALSE, 1, 104, 'lote-1') ON CONFLICT(id) DO NOTHING;
INSERT INTO fracttaldb.tarea_etiquetas (tarea_id, etiqueta_id) VALUES (550, 309) ON CONFLICT (tarea_id, etiqueta_id) DO NOTHING;
INSERT INTO fracttaldb.tarea_etiquetas (tarea_id, etiqueta_id) VALUES (550, 305) ON CONFLICT (tarea_id, etiqueta_id) DO NOTHING;
INSERT INTO fracttaldb.tarea_etiquetas (tarea_id, etiqueta_id) VALUES (550, 303) ON CONFLICT (tarea_id, etiqueta_id) DO NOTHING;
INSERT INTO fracttaldb.tareas (id, titulo, descripcion, fecha_vencimiento, prioridad, completada, usuario_id, categoria_id, lote) VALUES (551, 'Task 252 for user 1', 'Description for task 252', '2025-10-5', 3, TRUE, 1, 103, 'lote-1') ON CONFLICT(id) DO NOTHING;
INSERT INTO fracttaldb.tarea_etiquetas (tarea_id, etiqueta_id) VALUES (551, 308) ON CONFLICT (tarea_id, etiqueta_id) DO NOTHING;
INSERT INTO fracttaldb.tarea_etiquetas (tarea_id, etiqueta_id) VALUES (551, 302) ON CONFLICT (tarea_id, etiqueta_id) DO NOTHING;
INSERT INTO fracttaldb.tarea_etiquetas (tarea_id, etiqueta_id) VALUES (551, 304) ON CONFLICT (tarea_id, etiqueta_id) DO NOTHING;
INSERT INTO fracttaldb.tareas (id, titulo, descripcion, fecha_vencimiento, prioridad, completada, usuario_id, categoria_id, lote) VALUES (552, 'Task 253 for user 1', 'Description for task 253', '2025-11-18', 3, FALSE, 1, 103, 'lote-1') ON CONFLICT(id) DO NOTHING;
INSERT INTO fracttaldb.tarea_etiquetas (tarea_id, etiqueta_id) VALUES (552, 308) ON CONFLICT (tarea_id, etiqueta_id) DO NOTHING;
INSERT INTO fracttaldb.tarea_etiquetas (tarea_id, etiqueta_id) VALUES (552, 301) ON CONFLICT (tarea_id, etiqueta_id) DO NOTHING;
INSERT INTO fracttaldb.tarea_etiquetas (tarea_id, etiqueta_id) VALUES (552, 309) ON CONFLICT (tarea_id, etiqueta_id) DO NOTHING;
INSERT INTO fracttaldb.tareas (id, titulo, descripcion, fecha_vencimiento, prioridad, completada, usuario_id, categoria_id, lote) VALUES (553, 'Task 254 for user 1', 'Description for task 254', '2025-10-3', 2, FALSE, 1, 105, 'lote-1') ON CONFLICT(id) DO NOTHING;
INSERT INTO fracttaldb.tarea_etiquetas (tarea_id, etiqueta_id) VALUES (553, 304) ON CONFLICT (tarea_id, etiqueta_id) DO NOTHING;
INSERT INTO fracttaldb.tareas (id, titulo, descripcion, fecha_vencimiento, prioridad, completada, usuario_id, categoria_id, lote) VALUES (554, 'Task 255 for user 1', 'Description for task 255', '2025-11-25', 1, TRUE, 1, 104, 'lote-1') ON CONFLICT(id) DO NOTHING;
INSERT INTO fracttaldb.tarea_etiquetas (tarea_id, etiqueta_id) VALUES (554, 307) ON CONFLICT (tarea_id, etiqueta_id) DO NOTHING;
INSERT INTO fracttaldb.tarea_etiquetas (tarea_id, etiqueta_id) VALUES (554, 301) ON CONFLICT (tarea_id, etiqueta_id) DO NOTHING;
INSERT INTO fracttaldb.tarea_etiquetas (tarea_id, etiqueta_id) VALUES (554, 304) ON CONFLICT (tarea_id, etiqueta_id) DO NOTHING;
INSERT INTO fracttaldb.tareas (id, titulo, descripcion, fecha_vencimiento, prioridad, completada, usuario_id, categoria_id, lote) VALUES (555, 'Task 256 for user 1', 'Description for task 256', '2025-10-17', 1, TRUE, 1, 101, 'lote-1') ON CONFLICT(id) DO NOTHING;
INSERT INTO fracttaldb.tarea_etiquetas (tarea_id, etiqueta_id) VALUES (555, 308) ON CONFLICT (tarea_id, etiqueta_id) DO NOTHING;
INSERT INTO fracttaldb.tareas (id, titulo, descripcion, fecha_vencimiento, prioridad, completada, usuario_id, categoria_id, lote) VALUES (556, 'Task 257 for user 1', 'Description for task 257', '2025-10-16', 3, TRUE, 1, 101, 'lote-1') ON CONFLICT(id) DO NOTHING;
INSERT INTO fracttaldb.tarea_etiquetas (tarea_id, etiqueta_id) VALUES (556, 303) ON CONFLICT (tarea_id, etiqueta_id) DO NOTHING;
INSERT INTO fracttaldb.tarea_etiquetas (tarea_id, etiqueta_id) VALUES (556, 309) ON CONFLICT (tarea_id, etiqueta_id) DO NOTHING;
INSERT INTO fracttaldb.tarea_etiquetas (tarea_id, etiqueta_id) VALUES (556, 302) ON CONFLICT (tarea_id, etiqueta_id) DO NOTHING;
INSERT INTO fracttaldb.tareas (id, titulo, descripcion, fecha_vencimiento, prioridad, completada, usuario_id, categoria_id, lote) VALUES (557, 'Task 258 for user 1', 'Description for task 258', '2025-10-5', 2, FALSE, 1, 104, 'lote-1') ON CONFLICT(id) DO NOTHING;
INSERT INTO fracttaldb.tarea_etiquetas (tarea_id, etiqueta_id) VALUES (557, 307) ON CONFLICT (tarea_id, etiqueta_id) DO NOTHING;
INSERT INTO fracttaldb.tarea_etiquetas (tarea_id, etiqueta_id) VALUES (557, 303) ON CONFLICT (tarea_id, etiqueta_id) DO NOTHING;
INSERT INTO fracttaldb.tarea_etiquetas (tarea_id, etiqueta_id) VALUES (557, 309) ON CONFLICT (tarea_id, etiqueta_id) DO NOTHING;
INSERT INTO fracttaldb.tareas (id, titulo, descripcion, fecha_vencimiento, prioridad, completada, usuario_id, categoria_id, lote) VALUES (558, 'Task 259 for user 1', 'Description for task 259', '2025-10-6', 2, FALSE, 1, 107, 'lote-1') ON CONFLICT(id) DO NOTHING;
INSERT INTO fracttaldb.tarea_etiquetas (tarea_id, etiqueta_id) VALUES (558, 303) ON CONFLICT (tarea_id, etiqueta_id) DO NOTHING;
INSERT INTO fracttaldb.tarea_etiquetas (tarea_id, etiqueta_id) VALUES (558, 304) ON CONFLICT (tarea_id, etiqueta_id) DO NOTHING;
INSERT INTO fracttaldb.tarea_etiquetas (tarea_id, etiqueta_id) VALUES (558, 308) ON CONFLICT (tarea_id, etiqueta_id) DO NOTHING;
INSERT INTO fracttaldb.tareas (id, titulo, descripcion, fecha_vencimiento, prioridad, completada, usuario_id, categoria_id, lote) VALUES (559, 'Task 260 for user 1', 'Description for task 260', '2025-11-23', 1, TRUE, 1, 103, 'lote-1') ON CONFLICT(id) DO NOTHING;
INSERT INTO fracttaldb.tarea_etiquetas (tarea_id, etiqueta_id) VALUES (559, 304) ON CONFLICT (tarea_id, etiqueta_id) DO NOTHING;
INSERT INTO fracttaldb.tarea_etiquetas (tarea_id, etiqueta_id) VALUES (559, 301) ON CONFLICT (tarea_id, etiqueta_id) DO NOTHING;
INSERT INTO fracttaldb.tarea_etiquetas (tarea_id, etiqueta_id) VALUES (559, 308) ON CONFLICT (tarea_id, etiqueta_id) DO NOTHING;
INSERT INTO fracttaldb.tareas (id, titulo, descripcion, fecha_vencimiento, prioridad, completada, usuario_id, categoria_id, lote) VALUES (560, 'Task 261 for user 1', 'Description for task 261', '2025-10-12', 2, TRUE, 1, 105, 'lote-1') ON CONFLICT(id) DO NOTHING;
INSERT INTO fracttaldb.tarea_etiquetas (tarea_id, etiqueta_id) VALUES (560, 304) ON CONFLICT (tarea_id, etiqueta_id) DO NOTHING;
INSERT INTO fracttaldb.tarea_etiquetas (tarea_id, etiqueta_id) VALUES (560, 306) ON CONFLICT (tarea_id, etiqueta_id) DO NOTHING;
INSERT INTO fracttaldb.tarea_etiquetas (tarea_id, etiqueta_id) VALUES (560, 303) ON CONFLICT (tarea_id, etiqueta_id) DO NOTHING;
INSERT INTO fracttaldb.tareas (id, titulo, descripcion, fecha_vencimiento, prioridad, completada, usuario_id, categoria_id, lote) VALUES (561, 'Task 262 for user 1', 'Description for task 262', '2025-11-24', 1, FALSE, 1, 104, 'lote-1') ON CONFLICT(id) DO NOTHING;
INSERT INTO fracttaldb.tarea_etiquetas (tarea_id, etiqueta_id) VALUES (561, 302) ON CONFLICT (tarea_id, etiqueta_id) DO NOTHING;
INSERT INTO fracttaldb.tarea_etiquetas (tarea_id, etiqueta_id) VALUES (561, 308) ON CONFLICT (tarea_id, etiqueta_id) DO NOTHING;
INSERT INTO fracttaldb.tareas (id, titulo, descripcion, fecha_vencimiento, prioridad, completada, usuario_id, categoria_id, lote) VALUES (562, 'Task 263 for user 1', 'Description for task 263', '2025-11-17', 3, TRUE, 1, 103, 'lote-1') ON CONFLICT(id) DO NOTHING;
INSERT INTO fracttaldb.tarea_etiquetas (tarea_id, etiqueta_id) VALUES (562, 306) ON CONFLICT (tarea_id, etiqueta_id) DO NOTHING;
INSERT INTO fracttaldb.tarea_etiquetas (tarea_id, etiqueta_id) VALUES (562, 308) ON CONFLICT (tarea_id, etiqueta_id) DO NOTHING;
INSERT INTO fracttaldb.tarea_etiquetas (tarea_id, etiqueta_id) VALUES (562, 301) ON CONFLICT (tarea_id, etiqueta_id) DO NOTHING;
INSERT INTO fracttaldb.tareas (id, titulo, descripcion, fecha_vencimiento, prioridad, completada, usuario_id, categoria_id, lote) VALUES (563, 'Task 264 for user 1', 'Description for task 264', '2025-12-23', 2, TRUE, 1, 104, 'lote-1') ON CONFLICT(id) DO NOTHING;
INSERT INTO fracttaldb.tarea_etiquetas (tarea_id, etiqueta_id) VALUES (563, 308) ON CONFLICT (tarea_id, etiqueta_id) DO NOTHING;
INSERT INTO fracttaldb.tareas (id, titulo, descripcion, fecha_vencimiento, prioridad, completada, usuario_id, categoria_id, lote) VALUES (564, 'Task 265 for user 1', 'Description for task 265', '2025-10-1', 1, TRUE, 1, 105, 'lote-1') ON CONFLICT(id) DO NOTHING;
INSERT INTO fracttaldb.tarea_etiquetas (tarea_id, etiqueta_id) VALUES (564, 306) ON CONFLICT (tarea_id, etiqueta_id) DO NOTHING;
INSERT INTO fracttaldb.tarea_etiquetas (tarea_id, etiqueta_id) VALUES (564, 307) ON CONFLICT (tarea_id, etiqueta_id) DO NOTHING;
INSERT INTO fracttaldb.tarea_etiquetas (tarea_id, etiqueta_id) VALUES (564, 305) ON CONFLICT (tarea_id, etiqueta_id) DO NOTHING;
INSERT INTO fracttaldb.tareas (id, titulo, descripcion, fecha_vencimiento, prioridad, completada, usuario_id, categoria_id, lote) VALUES (565, 'Task 266 for user 1', 'Description for task 266', '2025-12-6', 3, TRUE, 1, 103, 'lote-1') ON CONFLICT(id) DO NOTHING;
INSERT INTO fracttaldb.tarea_etiquetas (tarea_id, etiqueta_id) VALUES (565, 309) ON CONFLICT (tarea_id, etiqueta_id) DO NOTHING;
INSERT INTO fracttaldb.tarea_etiquetas (tarea_id, etiqueta_id) VALUES (565, 302) ON CONFLICT (tarea_id, etiqueta_id) DO NOTHING;
INSERT INTO fracttaldb.tareas (id, titulo, descripcion, fecha_vencimiento, prioridad, completada, usuario_id, categoria_id, lote) VALUES (566, 'Task 267 for user 1', 'Description for task 267', '2025-10-24', 1, TRUE, 1, 105, 'lote-1') ON CONFLICT(id) DO NOTHING;
INSERT INTO fracttaldb.tarea_etiquetas (tarea_id, etiqueta_id) VALUES (566, 302) ON CONFLICT (tarea_id, etiqueta_id) DO NOTHING;
INSERT INTO fracttaldb.tareas (id, titulo, descripcion, fecha_vencimiento, prioridad, completada, usuario_id, categoria_id, lote) VALUES (567, 'Task 268 for user 1', 'Description for task 268', '2025-12-14', 2, TRUE, 1, 107, 'lote-1') ON CONFLICT(id) DO NOTHING;
INSERT INTO fracttaldb.tarea_etiquetas (tarea_id, etiqueta_id) VALUES (567, 304) ON CONFLICT (tarea_id, etiqueta_id) DO NOTHING;
INSERT INTO fracttaldb.tarea_etiquetas (tarea_id, etiqueta_id) VALUES (567, 309) ON CONFLICT (tarea_id, etiqueta_id) DO NOTHING;
INSERT INTO fracttaldb.tarea_etiquetas (tarea_id, etiqueta_id) VALUES (567, 308) ON CONFLICT (tarea_id, etiqueta_id) DO NOTHING;
INSERT INTO fracttaldb.tareas (id, titulo, descripcion, fecha_vencimiento, prioridad, completada, usuario_id, categoria_id, lote) VALUES (568, 'Task 269 for user 1', 'Description for task 269', '2025-12-14', 2, TRUE, 1, 102, 'lote-1') ON CONFLICT(id) DO NOTHING;
INSERT INTO fracttaldb.tarea_etiquetas (tarea_id, etiqueta_id) VALUES (568, 304) ON CONFLICT (tarea_id, etiqueta_id) DO NOTHING;
INSERT INTO fracttaldb.tarea_etiquetas (tarea_id, etiqueta_id) VALUES (568, 302) ON CONFLICT (tarea_id, etiqueta_id) DO NOTHING;
INSERT INTO fracttaldb.tareas (id, titulo, descripcion, fecha_vencimiento, prioridad, completada, usuario_id, categoria_id, lote) VALUES (569, 'Task 270 for user 1', 'Description for task 270', '2025-12-21', 3, TRUE, 1, 104, 'lote-1') ON CONFLICT(id) DO NOTHING;
INSERT INTO fracttaldb.tarea_etiquetas (tarea_id, etiqueta_id) VALUES (569, 309) ON CONFLICT (tarea_id, etiqueta_id) DO NOTHING;
INSERT INTO fracttaldb.tareas (id, titulo, descripcion, fecha_vencimiento, prioridad, completada, usuario_id, categoria_id, lote) VALUES (570, 'Task 271 for user 1', 'Description for task 271', '2025-12-10', 1, FALSE, 1, 102, 'lote-1') ON CONFLICT(id) DO NOTHING;
INSERT INTO fracttaldb.tarea_etiquetas (tarea_id, etiqueta_id) VALUES (570, 309) ON CONFLICT (tarea_id, etiqueta_id) DO NOTHING;
INSERT INTO fracttaldb.tarea_etiquetas (tarea_id, etiqueta_id) VALUES (570, 306) ON CONFLICT (tarea_id, etiqueta_id) DO NOTHING;
INSERT INTO fracttaldb.tarea_etiquetas (tarea_id, etiqueta_id) VALUES (570, 308) ON CONFLICT (tarea_id, etiqueta_id) DO NOTHING;
INSERT INTO fracttaldb.tareas (id, titulo, descripcion, fecha_vencimiento, prioridad, completada, usuario_id, categoria_id, lote) VALUES (571, 'Task 272 for user 1', 'Description for task 272', '2025-11-25', 2, FALSE, 1, 107, 'lote-1') ON CONFLICT(id) DO NOTHING;
INSERT INTO fracttaldb.tarea_etiquetas (tarea_id, etiqueta_id) VALUES (571, 306) ON CONFLICT (tarea_id, etiqueta_id) DO NOTHING;
INSERT INTO fracttaldb.tareas (id, titulo, descripcion, fecha_vencimiento, prioridad, completada, usuario_id, categoria_id, lote) VALUES (572, 'Task 273 for user 1', 'Description for task 273', '2025-12-28', 2, TRUE, 1, 104, 'lote-1') ON CONFLICT(id) DO NOTHING;
INSERT INTO fracttaldb.tarea_etiquetas (tarea_id, etiqueta_id) VALUES (572, 307) ON CONFLICT (tarea_id, etiqueta_id) DO NOTHING;
INSERT INTO fracttaldb.tarea_etiquetas (tarea_id, etiqueta_id) VALUES (572, 303) ON CONFLICT (tarea_id, etiqueta_id) DO NOTHING;
INSERT INTO fracttaldb.tareas (id, titulo, descripcion, fecha_vencimiento, prioridad, completada, usuario_id, categoria_id, lote) VALUES (573, 'Task 274 for user 1', 'Description for task 274', '2025-11-26', 3, FALSE, 1, 102, 'lote-1') ON CONFLICT(id) DO NOTHING;
INSERT INTO fracttaldb.tarea_etiquetas (tarea_id, etiqueta_id) VALUES (573, 303) ON CONFLICT (tarea_id, etiqueta_id) DO NOTHING;
INSERT INTO fracttaldb.tarea_etiquetas (tarea_id, etiqueta_id) VALUES (573, 301) ON CONFLICT (tarea_id, etiqueta_id) DO NOTHING;
INSERT INTO fracttaldb.tarea_etiquetas (tarea_id, etiqueta_id) VALUES (573, 308) ON CONFLICT (tarea_id, etiqueta_id) DO NOTHING;
INSERT INTO fracttaldb.tareas (id, titulo, descripcion, fecha_vencimiento, prioridad, completada, usuario_id, categoria_id, lote) VALUES (574, 'Task 275 for user 1', 'Description for task 275', '2025-12-6', 2, FALSE, 1, 104, 'lote-1') ON CONFLICT(id) DO NOTHING;
INSERT INTO fracttaldb.tarea_etiquetas (tarea_id, etiqueta_id) VALUES (574, 304) ON CONFLICT (tarea_id, etiqueta_id) DO NOTHING;
INSERT INTO fracttaldb.tarea_etiquetas (tarea_id, etiqueta_id) VALUES (574, 308) ON CONFLICT (tarea_id, etiqueta_id) DO NOTHING;
INSERT INTO fracttaldb.tareas (id, titulo, descripcion, fecha_vencimiento, prioridad, completada, usuario_id, categoria_id, lote) VALUES (575, 'Task 276 for user 1', 'Description for task 276', '2025-11-26', 3, FALSE, 1, 106, 'lote-1') ON CONFLICT(id) DO NOTHING;
INSERT INTO fracttaldb.tarea_etiquetas (tarea_id, etiqueta_id) VALUES (575, 301) ON CONFLICT (tarea_id, etiqueta_id) DO NOTHING;
INSERT INTO fracttaldb.tarea_etiquetas (tarea_id, etiqueta_id) VALUES (575, 307) ON CONFLICT (tarea_id, etiqueta_id) DO NOTHING;
INSERT INTO fracttaldb.tarea_etiquetas (tarea_id, etiqueta_id) VALUES (575, 305) ON CONFLICT (tarea_id, etiqueta_id) DO NOTHING;
INSERT INTO fracttaldb.tareas (id, titulo, descripcion, fecha_vencimiento, prioridad, completada, usuario_id, categoria_id, lote) VALUES (576, 'Task 277 for user 1', 'Description for task 277', '2025-10-24', 3, TRUE, 1, 103, 'lote-1') ON CONFLICT(id) DO NOTHING;
INSERT INTO fracttaldb.tarea_etiquetas (tarea_id, etiqueta_id) VALUES (576, 302) ON CONFLICT (tarea_id, etiqueta_id) DO NOTHING;
INSERT INTO fracttaldb.tarea_etiquetas (tarea_id, etiqueta_id) VALUES (576, 307) ON CONFLICT (tarea_id, etiqueta_id) DO NOTHING;
INSERT INTO fracttaldb.tareas (id, titulo, descripcion, fecha_vencimiento, prioridad, completada, usuario_id, categoria_id, lote) VALUES (577, 'Task 278 for user 1', 'Description for task 278', '2025-11-8', 1, TRUE, 1, 106, 'lote-1') ON CONFLICT(id) DO NOTHING;
INSERT INTO fracttaldb.tarea_etiquetas (tarea_id, etiqueta_id) VALUES (577, 304) ON CONFLICT (tarea_id, etiqueta_id) DO NOTHING;
INSERT INTO fracttaldb.tarea_etiquetas (tarea_id, etiqueta_id) VALUES (577, 301) ON CONFLICT (tarea_id, etiqueta_id) DO NOTHING;
INSERT INTO fracttaldb.tareas (id, titulo, descripcion, fecha_vencimiento, prioridad, completada, usuario_id, categoria_id, lote) VALUES (578, 'Task 279 for user 1', 'Description for task 279', '2025-10-12', 2, TRUE, 1, 101, 'lote-1') ON CONFLICT(id) DO NOTHING;
INSERT INTO fracttaldb.tarea_etiquetas (tarea_id, etiqueta_id) VALUES (578, 309) ON CONFLICT (tarea_id, etiqueta_id) DO NOTHING;
INSERT INTO fracttaldb.tarea_etiquetas (tarea_id, etiqueta_id) VALUES (578, 305) ON CONFLICT (tarea_id, etiqueta_id) DO NOTHING;
INSERT INTO fracttaldb.tareas (id, titulo, descripcion, fecha_vencimiento, prioridad, completada, usuario_id, categoria_id, lote) VALUES (579, 'Task 280 for user 1', 'Description for task 280', '2025-11-21', 1, TRUE, 1, 103, 'lote-1') ON CONFLICT(id) DO NOTHING;
INSERT INTO fracttaldb.tarea_etiquetas (tarea_id, etiqueta_id) VALUES (579, 303) ON CONFLICT (tarea_id, etiqueta_id) DO NOTHING;
INSERT INTO fracttaldb.tarea_etiquetas (tarea_id, etiqueta_id) VALUES (579, 309) ON CONFLICT (tarea_id, etiqueta_id) DO NOTHING;
INSERT INTO fracttaldb.tarea_etiquetas (tarea_id, etiqueta_id) VALUES (579, 305) ON CONFLICT (tarea_id, etiqueta_id) DO NOTHING;
INSERT INTO fracttaldb.tareas (id, titulo, descripcion, fecha_vencimiento, prioridad, completada, usuario_id, categoria_id, lote) VALUES (580, 'Task 281 for user 1', 'Description for task 281', '2025-10-12', 1, FALSE, 1, 101, 'lote-1') ON CONFLICT(id) DO NOTHING;
INSERT INTO fracttaldb.tarea_etiquetas (tarea_id, etiqueta_id) VALUES (580, 308) ON CONFLICT (tarea_id, etiqueta_id) DO NOTHING;
INSERT INTO fracttaldb.tarea_etiquetas (tarea_id, etiqueta_id) VALUES (580, 302) ON CONFLICT (tarea_id, etiqueta_id) DO NOTHING;
INSERT INTO fracttaldb.tareas (id, titulo, descripcion, fecha_vencimiento, prioridad, completada, usuario_id, categoria_id, lote) VALUES (581, 'Task 282 for user 1', 'Description for task 282', '2025-10-1', 3, FALSE, 1, 106, 'lote-1') ON CONFLICT(id) DO NOTHING;
INSERT INTO fracttaldb.tarea_etiquetas (tarea_id, etiqueta_id) VALUES (581, 305) ON CONFLICT (tarea_id, etiqueta_id) DO NOTHING;
INSERT INTO fracttaldb.tarea_etiquetas (tarea_id, etiqueta_id) VALUES (581, 307) ON CONFLICT (tarea_id, etiqueta_id) DO NOTHING;
INSERT INTO fracttaldb.tarea_etiquetas (tarea_id, etiqueta_id) VALUES (581, 308) ON CONFLICT (tarea_id, etiqueta_id) DO NOTHING;
INSERT INTO fracttaldb.tareas (id, titulo, descripcion, fecha_vencimiento, prioridad, completada, usuario_id, categoria_id, lote) VALUES (582, 'Task 283 for user 1', 'Description for task 283', '2025-11-4', 1, FALSE, 1, 102, 'lote-1') ON CONFLICT(id) DO NOTHING;
INSERT INTO fracttaldb.tarea_etiquetas (tarea_id, etiqueta_id) VALUES (582, 307) ON CONFLICT (tarea_id, etiqueta_id) DO NOTHING;
INSERT INTO fracttaldb.tarea_etiquetas (tarea_id, etiqueta_id) VALUES (582, 302) ON CONFLICT (tarea_id, etiqueta_id) DO NOTHING;
INSERT INTO fracttaldb.tareas (id, titulo, descripcion, fecha_vencimiento, prioridad, completada, usuario_id, categoria_id, lote) VALUES (583, 'Task 284 for user 1', 'Description for task 284', '2025-11-22', 3, FALSE, 1, 104, 'lote-1') ON CONFLICT(id) DO NOTHING;
INSERT INTO fracttaldb.tarea_etiquetas (tarea_id, etiqueta_id) VALUES (583, 305) ON CONFLICT (tarea_id, etiqueta_id) DO NOTHING;
INSERT INTO fracttaldb.tarea_etiquetas (tarea_id, etiqueta_id) VALUES (583, 303) ON CONFLICT (tarea_id, etiqueta_id) DO NOTHING;
INSERT INTO fracttaldb.tareas (id, titulo, descripcion, fecha_vencimiento, prioridad, completada, usuario_id, categoria_id, lote) VALUES (584, 'Task 285 for user 1', 'Description for task 285', '2025-11-12', 3, FALSE, 1, 106, 'lote-1') ON CONFLICT(id) DO NOTHING;
INSERT INTO fracttaldb.tarea_etiquetas (tarea_id, etiqueta_id) VALUES (584, 307) ON CONFLICT (tarea_id, etiqueta_id) DO NOTHING;
INSERT INTO fracttaldb.tarea_etiquetas (tarea_id, etiqueta_id) VALUES (584, 308) ON CONFLICT (tarea_id, etiqueta_id) DO NOTHING;
INSERT INTO fracttaldb.tareas (id, titulo, descripcion, fecha_vencimiento, prioridad, completada, usuario_id, categoria_id, lote) VALUES (585, 'Task 286 for user 1', 'Description for task 286', '2025-12-3', 3, TRUE, 1, 104, 'lote-1') ON CONFLICT(id) DO NOTHING;
INSERT INTO fracttaldb.tarea_etiquetas (tarea_id, etiqueta_id) VALUES (585, 307) ON CONFLICT (tarea_id, etiqueta_id) DO NOTHING;
INSERT INTO fracttaldb.tarea_etiquetas (tarea_id, etiqueta_id) VALUES (585, 302) ON CONFLICT (tarea_id, etiqueta_id) DO NOTHING;
INSERT INTO fracttaldb.tarea_etiquetas (tarea_id, etiqueta_id) VALUES (585, 305) ON CONFLICT (tarea_id, etiqueta_id) DO NOTHING;
INSERT INTO fracttaldb.tareas (id, titulo, descripcion, fecha_vencimiento, prioridad, completada, usuario_id, categoria_id, lote) VALUES (586, 'Task 287 for user 1', 'Description for task 287', '2025-11-15', 1, FALSE, 1, 107, 'lote-1') ON CONFLICT(id) DO NOTHING;
INSERT INTO fracttaldb.tarea_etiquetas (tarea_id, etiqueta_id) VALUES (586, 301) ON CONFLICT (tarea_id, etiqueta_id) DO NOTHING;
INSERT INTO fracttaldb.tarea_etiquetas (tarea_id, etiqueta_id) VALUES (586, 302) ON CONFLICT (tarea_id, etiqueta_id) DO NOTHING;
INSERT INTO fracttaldb.tarea_etiquetas (tarea_id, etiqueta_id) VALUES (586, 305) ON CONFLICT (tarea_id, etiqueta_id) DO NOTHING;
INSERT INTO fracttaldb.tareas (id, titulo, descripcion, fecha_vencimiento, prioridad, completada, usuario_id, categoria_id, lote) VALUES (587, 'Task 288 for user 1', 'Description for task 288', '2025-11-14', 1, TRUE, 1, 106, 'lote-1') ON CONFLICT(id) DO NOTHING;
INSERT INTO fracttaldb.tarea_etiquetas (tarea_id, etiqueta_id) VALUES (587, 309) ON CONFLICT (tarea_id, etiqueta_id) DO NOTHING;
INSERT INTO fracttaldb.tarea_etiquetas (tarea_id, etiqueta_id) VALUES (587, 304) ON CONFLICT (tarea_id, etiqueta_id) DO NOTHING;
INSERT INTO fracttaldb.tareas (id, titulo, descripcion, fecha_vencimiento, prioridad, completada, usuario_id, categoria_id, lote) VALUES (588, 'Task 289 for user 1', 'Description for task 289', '2025-12-17', 2, TRUE, 1, 102, 'lote-1') ON CONFLICT(id) DO NOTHING;
INSERT INTO fracttaldb.tarea_etiquetas (tarea_id, etiqueta_id) VALUES (588, 304) ON CONFLICT (tarea_id, etiqueta_id) DO NOTHING;
INSERT INTO fracttaldb.tarea_etiquetas (tarea_id, etiqueta_id) VALUES (588, 305) ON CONFLICT (tarea_id, etiqueta_id) DO NOTHING;
INSERT INTO fracttaldb.tarea_etiquetas (tarea_id, etiqueta_id) VALUES (588, 308) ON CONFLICT (tarea_id, etiqueta_id) DO NOTHING;
INSERT INTO fracttaldb.tareas (id, titulo, descripcion, fecha_vencimiento, prioridad, completada, usuario_id, categoria_id, lote) VALUES (589, 'Task 290 for user 1', 'Description for task 290', '2025-10-26', 2, FALSE, 1, 107, 'lote-1') ON CONFLICT(id) DO NOTHING;
INSERT INTO fracttaldb.tarea_etiquetas (tarea_id, etiqueta_id) VALUES (589, 303) ON CONFLICT (tarea_id, etiqueta_id) DO NOTHING;
INSERT INTO fracttaldb.tareas (id, titulo, descripcion, fecha_vencimiento, prioridad, completada, usuario_id, categoria_id, lote) VALUES (590, 'Task 291 for user 1', 'Description for task 291', '2025-11-6', 2, FALSE, 1, 104, 'lote-1') ON CONFLICT(id) DO NOTHING;
INSERT INTO fracttaldb.tarea_etiquetas (tarea_id, etiqueta_id) VALUES (590, 309) ON CONFLICT (tarea_id, etiqueta_id) DO NOTHING;
INSERT INTO fracttaldb.tarea_etiquetas (tarea_id, etiqueta_id) VALUES (590, 305) ON CONFLICT (tarea_id, etiqueta_id) DO NOTHING;
INSERT INTO fracttaldb.tarea_etiquetas (tarea_id, etiqueta_id) VALUES (590, 304) ON CONFLICT (tarea_id, etiqueta_id) DO NOTHING;
INSERT INTO fracttaldb.tareas (id, titulo, descripcion, fecha_vencimiento, prioridad, completada, usuario_id, categoria_id, lote) VALUES (591, 'Task 292 for user 1', 'Description for task 292', '2025-11-27', 2, TRUE, 1, 104, 'lote-1') ON CONFLICT(id) DO NOTHING;
INSERT INTO fracttaldb.tarea_etiquetas (tarea_id, etiqueta_id) VALUES (591, 303) ON CONFLICT (tarea_id, etiqueta_id) DO NOTHING;
INSERT INTO fracttaldb.tarea_etiquetas (tarea_id, etiqueta_id) VALUES (591, 306) ON CONFLICT (tarea_id, etiqueta_id) DO NOTHING;
INSERT INTO fracttaldb.tareas (id, titulo, descripcion, fecha_vencimiento, prioridad, completada, usuario_id, categoria_id, lote) VALUES (592, 'Task 293 for user 1', 'Description for task 293', '2025-12-6', 2, TRUE, 1, 101, 'lote-1') ON CONFLICT(id) DO NOTHING;
INSERT INTO fracttaldb.tarea_etiquetas (tarea_id, etiqueta_id) VALUES (592, 307) ON CONFLICT (tarea_id, etiqueta_id) DO NOTHING;
INSERT INTO fracttaldb.tarea_etiquetas (tarea_id, etiqueta_id) VALUES (592, 302) ON CONFLICT (tarea_id, etiqueta_id) DO NOTHING;
INSERT INTO fracttaldb.tarea_etiquetas (tarea_id, etiqueta_id) VALUES (592, 303) ON CONFLICT (tarea_id, etiqueta_id) DO NOTHING;
INSERT INTO fracttaldb.tareas (id, titulo, descripcion, fecha_vencimiento, prioridad, completada, usuario_id, categoria_id, lote) VALUES (593, 'Task 294 for user 1', 'Description for task 294', '2025-10-19', 2, FALSE, 1, 106, 'lote-1') ON CONFLICT(id) DO NOTHING;
INSERT INTO fracttaldb.tarea_etiquetas (tarea_id, etiqueta_id) VALUES (593, 307) ON CONFLICT (tarea_id, etiqueta_id) DO NOTHING;
INSERT INTO fracttaldb.tarea_etiquetas (tarea_id, etiqueta_id) VALUES (593, 301) ON CONFLICT (tarea_id, etiqueta_id) DO NOTHING;
INSERT INTO fracttaldb.tareas (id, titulo, descripcion, fecha_vencimiento, prioridad, completada, usuario_id, categoria_id, lote) VALUES (594, 'Task 295 for user 1', 'Description for task 295', '2025-12-14', 1, TRUE, 1, 107, 'lote-1') ON CONFLICT(id) DO NOTHING;
INSERT INTO fracttaldb.tarea_etiquetas (tarea_id, etiqueta_id) VALUES (594, 301) ON CONFLICT (tarea_id, etiqueta_id) DO NOTHING;
INSERT INTO fracttaldb.tareas (id, titulo, descripcion, fecha_vencimiento, prioridad, completada, usuario_id, categoria_id, lote) VALUES (595, 'Task 296 for user 1', 'Description for task 296', '2025-10-9', 1, TRUE, 1, 107, 'lote-1') ON CONFLICT(id) DO NOTHING;
INSERT INTO fracttaldb.tarea_etiquetas (tarea_id, etiqueta_id) VALUES (595, 303) ON CONFLICT (tarea_id, etiqueta_id) DO NOTHING;
INSERT INTO fracttaldb.tarea_etiquetas (tarea_id, etiqueta_id) VALUES (595, 309) ON CONFLICT (tarea_id, etiqueta_id) DO NOTHING;
INSERT INTO fracttaldb.tarea_etiquetas (tarea_id, etiqueta_id) VALUES (595, 304) ON CONFLICT (tarea_id, etiqueta_id) DO NOTHING;
INSERT INTO fracttaldb.tareas (id, titulo, descripcion, fecha_vencimiento, prioridad, completada, usuario_id, categoria_id, lote) VALUES (596, 'Task 297 for user 1', 'Description for task 297', '2025-12-26', 1, FALSE, 1, 105, 'lote-1') ON CONFLICT(id) DO NOTHING;
INSERT INTO fracttaldb.tarea_etiquetas (tarea_id, etiqueta_id) VALUES (596, 303) ON CONFLICT (tarea_id, etiqueta_id) DO NOTHING;
INSERT INTO fracttaldb.tarea_etiquetas (tarea_id, etiqueta_id) VALUES (596, 307) ON CONFLICT (tarea_id, etiqueta_id) DO NOTHING;
INSERT INTO fracttaldb.tareas (id, titulo, descripcion, fecha_vencimiento, prioridad, completada, usuario_id, categoria_id, lote) VALUES (597, 'Task 298 for user 1', 'Description for task 298', '2025-10-18', 3, FALSE, 1, 102, 'lote-1') ON CONFLICT(id) DO NOTHING;
INSERT INTO fracttaldb.tarea_etiquetas (tarea_id, etiqueta_id) VALUES (597, 307) ON CONFLICT (tarea_id, etiqueta_id) DO NOTHING;
INSERT INTO fracttaldb.tarea_etiquetas (tarea_id, etiqueta_id) VALUES (597, 303) ON CONFLICT (tarea_id, etiqueta_id) DO NOTHING;
INSERT INTO fracttaldb.tareas (id, titulo, descripcion, fecha_vencimiento, prioridad, completada, usuario_id, categoria_id, lote) VALUES (598, 'Task 299 for user 1', 'Description for task 299', '2025-11-10', 1, FALSE, 1, 102, 'lote-1') ON CONFLICT(id) DO NOTHING;
INSERT INTO fracttaldb.tarea_etiquetas (tarea_id, etiqueta_id) VALUES (598, 308) ON CONFLICT (tarea_id, etiqueta_id) DO NOTHING;
INSERT INTO fracttaldb.tarea_etiquetas (tarea_id, etiqueta_id) VALUES (598, 303) ON CONFLICT (tarea_id, etiqueta_id) DO NOTHING;
INSERT INTO fracttaldb.tareas (id, titulo, descripcion, fecha_vencimiento, prioridad, completada, usuario_id, categoria_id, lote) VALUES (599, 'Task 300 for user 1', 'Description for task 300', '2025-10-2', 3, FALSE, 1, 103, 'lote-1') ON CONFLICT(id) DO NOTHING;
INSERT INTO fracttaldb.tarea_etiquetas (tarea_id, etiqueta_id) VALUES (599, 302) ON CONFLICT (tarea_id, etiqueta_id) DO NOTHING;
INSERT INTO fracttaldb.tarea_etiquetas (tarea_id, etiqueta_id) VALUES (599, 308) ON CONFLICT (tarea_id, etiqueta_id) DO NOTHING;
INSERT INTO fracttaldb.tarea_etiquetas (tarea_id, etiqueta_id) VALUES (599, 305) ON CONFLICT (tarea_id, etiqueta_id) DO NOTHING;
INSERT INTO fracttaldb.tareas (id, titulo, descripcion, fecha_vencimiento, prioridad, completada, usuario_id, categoria_id, lote) VALUES (600, 'Task 301 for user 1', 'Description for task 301', '2025-12-1', 3, FALSE, 1, 107, 'lote-1') ON CONFLICT(id) DO NOTHING;
INSERT INTO fracttaldb.tarea_etiquetas (tarea_id, etiqueta_id) VALUES (600, 301) ON CONFLICT (tarea_id, etiqueta_id) DO NOTHING;
INSERT INTO fracttaldb.tareas (id, titulo, descripcion, fecha_vencimiento, prioridad, completada, usuario_id, categoria_id, lote) VALUES (601, 'Task 302 for user 1', 'Description for task 302', '2025-12-22', 1, TRUE, 1, 104, 'lote-1') ON CONFLICT(id) DO NOTHING;
INSERT INTO fracttaldb.tarea_etiquetas (tarea_id, etiqueta_id) VALUES (601, 302) ON CONFLICT (tarea_id, etiqueta_id) DO NOTHING;
INSERT INTO fracttaldb.tareas (id, titulo, descripcion, fecha_vencimiento, prioridad, completada, usuario_id, categoria_id, lote) VALUES (602, 'Task 303 for user 1', 'Description for task 303', '2025-10-12', 1, TRUE, 1, 101, 'lote-1') ON CONFLICT(id) DO NOTHING;
INSERT INTO fracttaldb.tarea_etiquetas (tarea_id, etiqueta_id) VALUES (602, 303) ON CONFLICT (tarea_id, etiqueta_id) DO NOTHING;
INSERT INTO fracttaldb.tarea_etiquetas (tarea_id, etiqueta_id) VALUES (602, 308) ON CONFLICT (tarea_id, etiqueta_id) DO NOTHING;
INSERT INTO fracttaldb.tarea_etiquetas (tarea_id, etiqueta_id) VALUES (602, 302) ON CONFLICT (tarea_id, etiqueta_id) DO NOTHING;
INSERT INTO fracttaldb.tareas (id, titulo, descripcion, fecha_vencimiento, prioridad, completada, usuario_id, categoria_id, lote) VALUES (603, 'Task 304 for user 1', 'Description for task 304', '2025-11-18', 3, FALSE, 1, 107, 'lote-1') ON CONFLICT(id) DO NOTHING;
INSERT INTO fracttaldb.tarea_etiquetas (tarea_id, etiqueta_id) VALUES (603, 306) ON CONFLICT (tarea_id, etiqueta_id) DO NOTHING;
INSERT INTO fracttaldb.tareas (id, titulo, descripcion, fecha_vencimiento, prioridad, completada, usuario_id, categoria_id, lote) VALUES (604, 'Task 305 for user 1', 'Description for task 305', '2025-10-6', 1, FALSE, 1, 105, 'lote-1') ON CONFLICT(id) DO NOTHING;
INSERT INTO fracttaldb.tarea_etiquetas (tarea_id, etiqueta_id) VALUES (604, 305) ON CONFLICT (tarea_id, etiqueta_id) DO NOTHING;
INSERT INTO fracttaldb.tareas (id, titulo, descripcion, fecha_vencimiento, prioridad, completada, usuario_id, categoria_id, lote) VALUES (605, 'Task 306 for user 1', 'Description for task 306', '2025-11-14', 3, FALSE, 1, 107, 'lote-1') ON CONFLICT(id) DO NOTHING;
INSERT INTO fracttaldb.tarea_etiquetas (tarea_id, etiqueta_id) VALUES (605, 302) ON CONFLICT (tarea_id, etiqueta_id) DO NOTHING;
INSERT INTO fracttaldb.tarea_etiquetas (tarea_id, etiqueta_id) VALUES (605, 307) ON CONFLICT (tarea_id, etiqueta_id) DO NOTHING;
INSERT INTO fracttaldb.tareas (id, titulo, descripcion, fecha_vencimiento, prioridad, completada, usuario_id, categoria_id, lote) VALUES (606, 'Task 307 for user 1', 'Description for task 307', '2025-10-26', 1, TRUE, 1, 107, 'lote-1') ON CONFLICT(id) DO NOTHING;
INSERT INTO fracttaldb.tarea_etiquetas (tarea_id, etiqueta_id) VALUES (606, 303) ON CONFLICT (tarea_id, etiqueta_id) DO NOTHING;
INSERT INTO fracttaldb.tarea_etiquetas (tarea_id, etiqueta_id) VALUES (606, 305) ON CONFLICT (tarea_id, etiqueta_id) DO NOTHING;
INSERT INTO fracttaldb.tareas (id, titulo, descripcion, fecha_vencimiento, prioridad, completada, usuario_id, categoria_id, lote) VALUES (607, 'Task 308 for user 1', 'Description for task 308', '2025-12-13', 3, TRUE, 1, 106, 'lote-1') ON CONFLICT(id) DO NOTHING;
INSERT INTO fracttaldb.tarea_etiquetas (tarea_id, etiqueta_id) VALUES (607, 304) ON CONFLICT (tarea_id, etiqueta_id) DO NOTHING;
INSERT INTO fracttaldb.tarea_etiquetas (tarea_id, etiqueta_id) VALUES (607, 302) ON CONFLICT (tarea_id, etiqueta_id) DO NOTHING;
INSERT INTO fracttaldb.tarea_etiquetas (tarea_id, etiqueta_id) VALUES (607, 305) ON CONFLICT (tarea_id, etiqueta_id) DO NOTHING;
INSERT INTO fracttaldb.tareas (id, titulo, descripcion, fecha_vencimiento, prioridad, completada, usuario_id, categoria_id, lote) VALUES (608, 'Task 309 for user 1', 'Description for task 309', '2025-11-24', 1, TRUE, 1, 103, 'lote-1') ON CONFLICT(id) DO NOTHING;
INSERT INTO fracttaldb.tarea_etiquetas (tarea_id, etiqueta_id) VALUES (608, 304) ON CONFLICT (tarea_id, etiqueta_id) DO NOTHING;
INSERT INTO fracttaldb.tareas (id, titulo, descripcion, fecha_vencimiento, prioridad, completada, usuario_id, categoria_id, lote) VALUES (609, 'Task 310 for user 1', 'Description for task 310', '2025-12-22', 3, TRUE, 1, 107, 'lote-1') ON CONFLICT(id) DO NOTHING;
INSERT INTO fracttaldb.tarea_etiquetas (tarea_id, etiqueta_id) VALUES (609, 309) ON CONFLICT (tarea_id, etiqueta_id) DO NOTHING;
INSERT INTO fracttaldb.tarea_etiquetas (tarea_id, etiqueta_id) VALUES (609, 305) ON CONFLICT (tarea_id, etiqueta_id) DO NOTHING;
INSERT INTO fracttaldb.tarea_etiquetas (tarea_id, etiqueta_id) VALUES (609, 307) ON CONFLICT (tarea_id, etiqueta_id) DO NOTHING;
INSERT INTO fracttaldb.tareas (id, titulo, descripcion, fecha_vencimiento, prioridad, completada, usuario_id, categoria_id, lote) VALUES (610, 'Task 311 for user 1', 'Description for task 311', '2025-11-16', 1, TRUE, 1, 103, 'lote-1') ON CONFLICT(id) DO NOTHING;
INSERT INTO fracttaldb.tarea_etiquetas (tarea_id, etiqueta_id) VALUES (610, 305) ON CONFLICT (tarea_id, etiqueta_id) DO NOTHING;
INSERT INTO fracttaldb.tarea_etiquetas (tarea_id, etiqueta_id) VALUES (610, 309) ON CONFLICT (tarea_id, etiqueta_id) DO NOTHING;
INSERT INTO fracttaldb.tarea_etiquetas (tarea_id, etiqueta_id) VALUES (610, 308) ON CONFLICT (tarea_id, etiqueta_id) DO NOTHING;
INSERT INTO fracttaldb.tareas (id, titulo, descripcion, fecha_vencimiento, prioridad, completada, usuario_id, categoria_id, lote) VALUES (611, 'Task 312 for user 1', 'Description for task 312', '2025-10-4', 1, TRUE, 1, 103, 'lote-1') ON CONFLICT(id) DO NOTHING;
INSERT INTO fracttaldb.tarea_etiquetas (tarea_id, etiqueta_id) VALUES (611, 308) ON CONFLICT (tarea_id, etiqueta_id) DO NOTHING;
INSERT INTO fracttaldb.tarea_etiquetas (tarea_id, etiqueta_id) VALUES (611, 307) ON CONFLICT (tarea_id, etiqueta_id) DO NOTHING;
INSERT INTO fracttaldb.tarea_etiquetas (tarea_id, etiqueta_id) VALUES (611, 301) ON CONFLICT (tarea_id, etiqueta_id) DO NOTHING;
INSERT INTO fracttaldb.tareas (id, titulo, descripcion, fecha_vencimiento, prioridad, completada, usuario_id, categoria_id, lote) VALUES (612, 'Task 313 for user 1', 'Description for task 313', '2025-10-21', 2, TRUE, 1, 104, 'lote-1') ON CONFLICT(id) DO NOTHING;
INSERT INTO fracttaldb.tarea_etiquetas (tarea_id, etiqueta_id) VALUES (612, 305) ON CONFLICT (tarea_id, etiqueta_id) DO NOTHING;
INSERT INTO fracttaldb.tarea_etiquetas (tarea_id, etiqueta_id) VALUES (612, 304) ON CONFLICT (tarea_id, etiqueta_id) DO NOTHING;
INSERT INTO fracttaldb.tarea_etiquetas (tarea_id, etiqueta_id) VALUES (612, 309) ON CONFLICT (tarea_id, etiqueta_id) DO NOTHING;
INSERT INTO fracttaldb.tareas (id, titulo, descripcion, fecha_vencimiento, prioridad, completada, usuario_id, categoria_id, lote) VALUES (613, 'Task 314 for user 1', 'Description for task 314', '2025-11-12', 3, FALSE, 1, 103, 'lote-1') ON CONFLICT(id) DO NOTHING;
INSERT INTO fracttaldb.tarea_etiquetas (tarea_id, etiqueta_id) VALUES (613, 301) ON CONFLICT (tarea_id, etiqueta_id) DO NOTHING;
INSERT INTO fracttaldb.tarea_etiquetas (tarea_id, etiqueta_id) VALUES (613, 309) ON CONFLICT (tarea_id, etiqueta_id) DO NOTHING;
INSERT INTO fracttaldb.tarea_etiquetas (tarea_id, etiqueta_id) VALUES (613, 307) ON CONFLICT (tarea_id, etiqueta_id) DO NOTHING;
INSERT INTO fracttaldb.tareas (id, titulo, descripcion, fecha_vencimiento, prioridad, completada, usuario_id, categoria_id, lote) VALUES (614, 'Task 315 for user 1', 'Description for task 315', '2025-11-18', 1, TRUE, 1, 101, 'lote-1') ON CONFLICT(id) DO NOTHING;
INSERT INTO fracttaldb.tarea_etiquetas (tarea_id, etiqueta_id) VALUES (614, 301) ON CONFLICT (tarea_id, etiqueta_id) DO NOTHING;
INSERT INTO fracttaldb.tarea_etiquetas (tarea_id, etiqueta_id) VALUES (614, 302) ON CONFLICT (tarea_id, etiqueta_id) DO NOTHING;
INSERT INTO fracttaldb.tareas (id, titulo, descripcion, fecha_vencimiento, prioridad, completada, usuario_id, categoria_id, lote) VALUES (615, 'Task 316 for user 1', 'Description for task 316', '2025-10-8', 1, FALSE, 1, 103, 'lote-1') ON CONFLICT(id) DO NOTHING;
INSERT INTO fracttaldb.tarea_etiquetas (tarea_id, etiqueta_id) VALUES (615, 308) ON CONFLICT (tarea_id, etiqueta_id) DO NOTHING;
INSERT INTO fracttaldb.tarea_etiquetas (tarea_id, etiqueta_id) VALUES (615, 306) ON CONFLICT (tarea_id, etiqueta_id) DO NOTHING;
INSERT INTO fracttaldb.tarea_etiquetas (tarea_id, etiqueta_id) VALUES (615, 304) ON CONFLICT (tarea_id, etiqueta_id) DO NOTHING;
INSERT INTO fracttaldb.tareas (id, titulo, descripcion, fecha_vencimiento, prioridad, completada, usuario_id, categoria_id, lote) VALUES (616, 'Task 317 for user 1', 'Description for task 317', '2025-10-15', 1, FALSE, 1, 102, 'lote-1') ON CONFLICT(id) DO NOTHING;
INSERT INTO fracttaldb.tarea_etiquetas (tarea_id, etiqueta_id) VALUES (616, 301) ON CONFLICT (tarea_id, etiqueta_id) DO NOTHING;
INSERT INTO fracttaldb.tareas (id, titulo, descripcion, fecha_vencimiento, prioridad, completada, usuario_id, categoria_id, lote) VALUES (617, 'Task 318 for user 1', 'Description for task 318', '2025-11-13', 2, FALSE, 1, 106, 'lote-1') ON CONFLICT(id) DO NOTHING;
INSERT INTO fracttaldb.tarea_etiquetas (tarea_id, etiqueta_id) VALUES (617, 304) ON CONFLICT (tarea_id, etiqueta_id) DO NOTHING;
INSERT INTO fracttaldb.tarea_etiquetas (tarea_id, etiqueta_id) VALUES (617, 309) ON CONFLICT (tarea_id, etiqueta_id) DO NOTHING;
INSERT INTO fracttaldb.tarea_etiquetas (tarea_id, etiqueta_id) VALUES (617, 302) ON CONFLICT (tarea_id, etiqueta_id) DO NOTHING;
INSERT INTO fracttaldb.tareas (id, titulo, descripcion, fecha_vencimiento, prioridad, completada, usuario_id, categoria_id, lote) VALUES (618, 'Task 319 for user 1', 'Description for task 319', '2025-11-15', 1, TRUE, 1, 103, 'lote-1') ON CONFLICT(id) DO NOTHING;
INSERT INTO fracttaldb.tarea_etiquetas (tarea_id, etiqueta_id) VALUES (618, 305) ON CONFLICT (tarea_id, etiqueta_id) DO NOTHING;
INSERT INTO fracttaldb.tarea_etiquetas (tarea_id, etiqueta_id) VALUES (618, 304) ON CONFLICT (tarea_id, etiqueta_id) DO NOTHING;
INSERT INTO fracttaldb.tareas (id, titulo, descripcion, fecha_vencimiento, prioridad, completada, usuario_id, categoria_id, lote) VALUES (619, 'Task 320 for user 1', 'Description for task 320', '2025-11-21', 2, TRUE, 1, 102, 'lote-1') ON CONFLICT(id) DO NOTHING;
INSERT INTO fracttaldb.tarea_etiquetas (tarea_id, etiqueta_id) VALUES (619, 304) ON CONFLICT (tarea_id, etiqueta_id) DO NOTHING;
INSERT INTO fracttaldb.tarea_etiquetas (tarea_id, etiqueta_id) VALUES (619, 307) ON CONFLICT (tarea_id, etiqueta_id) DO NOTHING;
INSERT INTO fracttaldb.tarea_etiquetas (tarea_id, etiqueta_id) VALUES (619, 305) ON CONFLICT (tarea_id, etiqueta_id) DO NOTHING;
INSERT INTO fracttaldb.tareas (id, titulo, descripcion, fecha_vencimiento, prioridad, completada, usuario_id, categoria_id, lote) VALUES (620, 'Task 321 for user 1', 'Description for task 321', '2025-12-14', 1, TRUE, 1, 104, 'lote-1') ON CONFLICT(id) DO NOTHING;
INSERT INTO fracttaldb.tarea_etiquetas (tarea_id, etiqueta_id) VALUES (620, 302) ON CONFLICT (tarea_id, etiqueta_id) DO NOTHING;
INSERT INTO fracttaldb.tarea_etiquetas (tarea_id, etiqueta_id) VALUES (620, 301) ON CONFLICT (tarea_id, etiqueta_id) DO NOTHING;
INSERT INTO fracttaldb.tareas (id, titulo, descripcion, fecha_vencimiento, prioridad, completada, usuario_id, categoria_id, lote) VALUES (621, 'Task 322 for user 1', 'Description for task 322', '2025-12-22', 1, FALSE, 1, 106, 'lote-1') ON CONFLICT(id) DO NOTHING;
INSERT INTO fracttaldb.tarea_etiquetas (tarea_id, etiqueta_id) VALUES (621, 303) ON CONFLICT (tarea_id, etiqueta_id) DO NOTHING;
INSERT INTO fracttaldb.tarea_etiquetas (tarea_id, etiqueta_id) VALUES (621, 308) ON CONFLICT (tarea_id, etiqueta_id) DO NOTHING;
INSERT INTO fracttaldb.tarea_etiquetas (tarea_id, etiqueta_id) VALUES (621, 307) ON CONFLICT (tarea_id, etiqueta_id) DO NOTHING;
INSERT INTO fracttaldb.tareas (id, titulo, descripcion, fecha_vencimiento, prioridad, completada, usuario_id, categoria_id, lote) VALUES (622, 'Task 323 for user 1', 'Description for task 323', '2025-12-4', 2, FALSE, 1, 101, 'lote-1') ON CONFLICT(id) DO NOTHING;
INSERT INTO fracttaldb.tarea_etiquetas (tarea_id, etiqueta_id) VALUES (622, 309) ON CONFLICT (tarea_id, etiqueta_id) DO NOTHING;
INSERT INTO fracttaldb.tarea_etiquetas (tarea_id, etiqueta_id) VALUES (622, 301) ON CONFLICT (tarea_id, etiqueta_id) DO NOTHING;
INSERT INTO fracttaldb.tareas (id, titulo, descripcion, fecha_vencimiento, prioridad, completada, usuario_id, categoria_id, lote) VALUES (623, 'Task 324 for user 1', 'Description for task 324', '2025-10-2', 1, TRUE, 1, 106, 'lote-1') ON CONFLICT(id) DO NOTHING;
INSERT INTO fracttaldb.tarea_etiquetas (tarea_id, etiqueta_id) VALUES (623, 306) ON CONFLICT (tarea_id, etiqueta_id) DO NOTHING;
INSERT INTO fracttaldb.tarea_etiquetas (tarea_id, etiqueta_id) VALUES (623, 305) ON CONFLICT (tarea_id, etiqueta_id) DO NOTHING;
INSERT INTO fracttaldb.tarea_etiquetas (tarea_id, etiqueta_id) VALUES (623, 309) ON CONFLICT (tarea_id, etiqueta_id) DO NOTHING;
INSERT INTO fracttaldb.tareas (id, titulo, descripcion, fecha_vencimiento, prioridad, completada, usuario_id, categoria_id, lote) VALUES (624, 'Task 325 for user 1', 'Description for task 325', '2025-12-14', 3, TRUE, 1, 106, 'lote-1') ON CONFLICT(id) DO NOTHING;
INSERT INTO fracttaldb.tarea_etiquetas (tarea_id, etiqueta_id) VALUES (624, 302) ON CONFLICT (tarea_id, etiqueta_id) DO NOTHING;
INSERT INTO fracttaldb.tarea_etiquetas (tarea_id, etiqueta_id) VALUES (624, 305) ON CONFLICT (tarea_id, etiqueta_id) DO NOTHING;
INSERT INTO fracttaldb.tarea_etiquetas (tarea_id, etiqueta_id) VALUES (624, 309) ON CONFLICT (tarea_id, etiqueta_id) DO NOTHING;
INSERT INTO fracttaldb.tareas (id, titulo, descripcion, fecha_vencimiento, prioridad, completada, usuario_id, categoria_id, lote) VALUES (625, 'Task 326 for user 1', 'Description for task 326', '2025-10-6', 3, TRUE, 1, 106, 'lote-1') ON CONFLICT(id) DO NOTHING;
INSERT INTO fracttaldb.tarea_etiquetas (tarea_id, etiqueta_id) VALUES (625, 303) ON CONFLICT (tarea_id, etiqueta_id) DO NOTHING;
INSERT INTO fracttaldb.tarea_etiquetas (tarea_id, etiqueta_id) VALUES (625, 306) ON CONFLICT (tarea_id, etiqueta_id) DO NOTHING;
INSERT INTO fracttaldb.tareas (id, titulo, descripcion, fecha_vencimiento, prioridad, completada, usuario_id, categoria_id, lote) VALUES (626, 'Task 327 for user 1', 'Description for task 327', '2025-10-5', 2, TRUE, 1, 102, 'lote-1') ON CONFLICT(id) DO NOTHING;
INSERT INTO fracttaldb.tarea_etiquetas (tarea_id, etiqueta_id) VALUES (626, 304) ON CONFLICT (tarea_id, etiqueta_id) DO NOTHING;
INSERT INTO fracttaldb.tareas (id, titulo, descripcion, fecha_vencimiento, prioridad, completada, usuario_id, categoria_id, lote) VALUES (627, 'Task 328 for user 1', 'Description for task 328', '2025-11-9', 2, TRUE, 1, 107, 'lote-1') ON CONFLICT(id) DO NOTHING;
INSERT INTO fracttaldb.tarea_etiquetas (tarea_id, etiqueta_id) VALUES (627, 301) ON CONFLICT (tarea_id, etiqueta_id) DO NOTHING;
INSERT INTO fracttaldb.tarea_etiquetas (tarea_id, etiqueta_id) VALUES (627, 303) ON CONFLICT (tarea_id, etiqueta_id) DO NOTHING;
INSERT INTO fracttaldb.tareas (id, titulo, descripcion, fecha_vencimiento, prioridad, completada, usuario_id, categoria_id, lote) VALUES (628, 'Task 329 for user 1', 'Description for task 329', '2025-11-17', 1, TRUE, 1, 106, 'lote-1') ON CONFLICT(id) DO NOTHING;
INSERT INTO fracttaldb.tarea_etiquetas (tarea_id, etiqueta_id) VALUES (628, 301) ON CONFLICT (tarea_id, etiqueta_id) DO NOTHING;
INSERT INTO fracttaldb.tarea_etiquetas (tarea_id, etiqueta_id) VALUES (628, 303) ON CONFLICT (tarea_id, etiqueta_id) DO NOTHING;
INSERT INTO fracttaldb.tareas (id, titulo, descripcion, fecha_vencimiento, prioridad, completada, usuario_id, categoria_id, lote) VALUES (629, 'Task 330 for user 1', 'Description for task 330', '2025-10-11', 1, TRUE, 1, 107, 'lote-1') ON CONFLICT(id) DO NOTHING;
INSERT INTO fracttaldb.tarea_etiquetas (tarea_id, etiqueta_id) VALUES (629, 303) ON CONFLICT (tarea_id, etiqueta_id) DO NOTHING;
INSERT INTO fracttaldb.tarea_etiquetas (tarea_id, etiqueta_id) VALUES (629, 304) ON CONFLICT (tarea_id, etiqueta_id) DO NOTHING;
INSERT INTO fracttaldb.tarea_etiquetas (tarea_id, etiqueta_id) VALUES (629, 302) ON CONFLICT (tarea_id, etiqueta_id) DO NOTHING;
INSERT INTO fracttaldb.tareas (id, titulo, descripcion, fecha_vencimiento, prioridad, completada, usuario_id, categoria_id, lote) VALUES (630, 'Task 331 for user 1', 'Description for task 331', '2025-11-11', 2, FALSE, 1, 102, 'lote-1') ON CONFLICT(id) DO NOTHING;
INSERT INTO fracttaldb.tarea_etiquetas (tarea_id, etiqueta_id) VALUES (630, 301) ON CONFLICT (tarea_id, etiqueta_id) DO NOTHING;
INSERT INTO fracttaldb.tareas (id, titulo, descripcion, fecha_vencimiento, prioridad, completada, usuario_id, categoria_id, lote) VALUES (631, 'Task 332 for user 1', 'Description for task 332', '2025-10-5', 2, TRUE, 1, 106, 'lote-1') ON CONFLICT(id) DO NOTHING;
INSERT INTO fracttaldb.tarea_etiquetas (tarea_id, etiqueta_id) VALUES (631, 307) ON CONFLICT (tarea_id, etiqueta_id) DO NOTHING;
INSERT INTO fracttaldb.tarea_etiquetas (tarea_id, etiqueta_id) VALUES (631, 304) ON CONFLICT (tarea_id, etiqueta_id) DO NOTHING;
INSERT INTO fracttaldb.tareas (id, titulo, descripcion, fecha_vencimiento, prioridad, completada, usuario_id, categoria_id, lote) VALUES (632, 'Task 333 for user 1', 'Description for task 333', '2025-12-21', 1, TRUE, 1, 101, 'lote-1') ON CONFLICT(id) DO NOTHING;
INSERT INTO fracttaldb.tarea_etiquetas (tarea_id, etiqueta_id) VALUES (632, 307) ON CONFLICT (tarea_id, etiqueta_id) DO NOTHING;
INSERT INTO fracttaldb.tareas (id, titulo, descripcion, fecha_vencimiento, prioridad, completada, usuario_id, categoria_id, lote) VALUES (633, 'Task 334 for user 1', 'Description for task 334', '2025-12-16', 3, FALSE, 1, 103, 'lote-1') ON CONFLICT(id) DO NOTHING;
INSERT INTO fracttaldb.tarea_etiquetas (tarea_id, etiqueta_id) VALUES (633, 305) ON CONFLICT (tarea_id, etiqueta_id) DO NOTHING;
INSERT INTO fracttaldb.tareas (id, titulo, descripcion, fecha_vencimiento, prioridad, completada, usuario_id, categoria_id, lote) VALUES (634, 'Task 335 for user 1', 'Description for task 335', '2025-12-25', 1, TRUE, 1, 105, 'lote-1') ON CONFLICT(id) DO NOTHING;
INSERT INTO fracttaldb.tarea_etiquetas (tarea_id, etiqueta_id) VALUES (634, 302) ON CONFLICT (tarea_id, etiqueta_id) DO NOTHING;
INSERT INTO fracttaldb.tarea_etiquetas (tarea_id, etiqueta_id) VALUES (634, 305) ON CONFLICT (tarea_id, etiqueta_id) DO NOTHING;
INSERT INTO fracttaldb.tareas (id, titulo, descripcion, fecha_vencimiento, prioridad, completada, usuario_id, categoria_id, lote) VALUES (635, 'Task 336 for user 1', 'Description for task 336', '2025-10-8', 1, TRUE, 1, 104, 'lote-1') ON CONFLICT(id) DO NOTHING;
INSERT INTO fracttaldb.tarea_etiquetas (tarea_id, etiqueta_id) VALUES (635, 303) ON CONFLICT (tarea_id, etiqueta_id) DO NOTHING;
INSERT INTO fracttaldb.tarea_etiquetas (tarea_id, etiqueta_id) VALUES (635, 305) ON CONFLICT (tarea_id, etiqueta_id) DO NOTHING;
INSERT INTO fracttaldb.tareas (id, titulo, descripcion, fecha_vencimiento, prioridad, completada, usuario_id, categoria_id, lote) VALUES (636, 'Task 337 for user 1', 'Description for task 337', '2025-12-16', 2, FALSE, 1, 107, 'lote-1') ON CONFLICT(id) DO NOTHING;
INSERT INTO fracttaldb.tarea_etiquetas (tarea_id, etiqueta_id) VALUES (636, 303) ON CONFLICT (tarea_id, etiqueta_id) DO NOTHING;
INSERT INTO fracttaldb.tarea_etiquetas (tarea_id, etiqueta_id) VALUES (636, 301) ON CONFLICT (tarea_id, etiqueta_id) DO NOTHING;
INSERT INTO fracttaldb.tareas (id, titulo, descripcion, fecha_vencimiento, prioridad, completada, usuario_id, categoria_id, lote) VALUES (637, 'Task 338 for user 1', 'Description for task 338', '2025-11-13', 1, FALSE, 1, 106, 'lote-1') ON CONFLICT(id) DO NOTHING;
INSERT INTO fracttaldb.tarea_etiquetas (tarea_id, etiqueta_id) VALUES (637, 303) ON CONFLICT (tarea_id, etiqueta_id) DO NOTHING;
INSERT INTO fracttaldb.tareas (id, titulo, descripcion, fecha_vencimiento, prioridad, completada, usuario_id, categoria_id, lote) VALUES (638, 'Task 339 for user 1', 'Description for task 339', '2025-10-5', 2, FALSE, 1, 103, 'lote-1') ON CONFLICT(id) DO NOTHING;
INSERT INTO fracttaldb.tarea_etiquetas (tarea_id, etiqueta_id) VALUES (638, 306) ON CONFLICT (tarea_id, etiqueta_id) DO NOTHING;
INSERT INTO fracttaldb.tarea_etiquetas (tarea_id, etiqueta_id) VALUES (638, 308) ON CONFLICT (tarea_id, etiqueta_id) DO NOTHING;
INSERT INTO fracttaldb.tareas (id, titulo, descripcion, fecha_vencimiento, prioridad, completada, usuario_id, categoria_id, lote) VALUES (639, 'Task 340 for user 1', 'Description for task 340', '2025-10-18', 2, FALSE, 1, 102, 'lote-1') ON CONFLICT(id) DO NOTHING;
INSERT INTO fracttaldb.tarea_etiquetas (tarea_id, etiqueta_id) VALUES (639, 307) ON CONFLICT (tarea_id, etiqueta_id) DO NOTHING;
INSERT INTO fracttaldb.tarea_etiquetas (tarea_id, etiqueta_id) VALUES (639, 304) ON CONFLICT (tarea_id, etiqueta_id) DO NOTHING;
INSERT INTO fracttaldb.tarea_etiquetas (tarea_id, etiqueta_id) VALUES (639, 302) ON CONFLICT (tarea_id, etiqueta_id) DO NOTHING;
INSERT INTO fracttaldb.tareas (id, titulo, descripcion, fecha_vencimiento, prioridad, completada, usuario_id, categoria_id, lote) VALUES (640, 'Task 341 for user 1', 'Description for task 341', '2025-12-2', 1, FALSE, 1, 103, 'lote-1') ON CONFLICT(id) DO NOTHING;
INSERT INTO fracttaldb.tarea_etiquetas (tarea_id, etiqueta_id) VALUES (640, 305) ON CONFLICT (tarea_id, etiqueta_id) DO NOTHING;
INSERT INTO fracttaldb.tareas (id, titulo, descripcion, fecha_vencimiento, prioridad, completada, usuario_id, categoria_id, lote) VALUES (641, 'Task 342 for user 1', 'Description for task 342', '2025-10-15', 2, FALSE, 1, 106, 'lote-1') ON CONFLICT(id) DO NOTHING;
INSERT INTO fracttaldb.tarea_etiquetas (tarea_id, etiqueta_id) VALUES (641, 301) ON CONFLICT (tarea_id, etiqueta_id) DO NOTHING;
INSERT INTO fracttaldb.tarea_etiquetas (tarea_id, etiqueta_id) VALUES (641, 302) ON CONFLICT (tarea_id, etiqueta_id) DO NOTHING;
INSERT INTO fracttaldb.tareas (id, titulo, descripcion, fecha_vencimiento, prioridad, completada, usuario_id, categoria_id, lote) VALUES (642, 'Task 343 for user 1', 'Description for task 343', '2025-10-21', 3, TRUE, 1, 104, 'lote-1') ON CONFLICT(id) DO NOTHING;
INSERT INTO fracttaldb.tarea_etiquetas (tarea_id, etiqueta_id) VALUES (642, 307) ON CONFLICT (tarea_id, etiqueta_id) DO NOTHING;
INSERT INTO fracttaldb.tareas (id, titulo, descripcion, fecha_vencimiento, prioridad, completada, usuario_id, categoria_id, lote) VALUES (643, 'Task 344 for user 1', 'Description for task 344', '2025-11-28', 1, FALSE, 1, 101, 'lote-1') ON CONFLICT(id) DO NOTHING;
INSERT INTO fracttaldb.tarea_etiquetas (tarea_id, etiqueta_id) VALUES (643, 308) ON CONFLICT (tarea_id, etiqueta_id) DO NOTHING;
INSERT INTO fracttaldb.tareas (id, titulo, descripcion, fecha_vencimiento, prioridad, completada, usuario_id, categoria_id, lote) VALUES (644, 'Task 345 for user 1', 'Description for task 345', '2025-11-6', 3, FALSE, 1, 105, 'lote-1') ON CONFLICT(id) DO NOTHING;
INSERT INTO fracttaldb.tarea_etiquetas (tarea_id, etiqueta_id) VALUES (644, 305) ON CONFLICT (tarea_id, etiqueta_id) DO NOTHING;
INSERT INTO fracttaldb.tareas (id, titulo, descripcion, fecha_vencimiento, prioridad, completada, usuario_id, categoria_id, lote) VALUES (645, 'Task 346 for user 1', 'Description for task 346', '2025-11-26', 2, TRUE, 1, 104, 'lote-1') ON CONFLICT(id) DO NOTHING;
INSERT INTO fracttaldb.tarea_etiquetas (tarea_id, etiqueta_id) VALUES (645, 308) ON CONFLICT (tarea_id, etiqueta_id) DO NOTHING;
INSERT INTO fracttaldb.tarea_etiquetas (tarea_id, etiqueta_id) VALUES (645, 306) ON CONFLICT (tarea_id, etiqueta_id) DO NOTHING;
INSERT INTO fracttaldb.tareas (id, titulo, descripcion, fecha_vencimiento, prioridad, completada, usuario_id, categoria_id, lote) VALUES (646, 'Task 347 for user 1', 'Description for task 347', '2025-10-21', 3, FALSE, 1, 105, 'lote-1') ON CONFLICT(id) DO NOTHING;
INSERT INTO fracttaldb.tarea_etiquetas (tarea_id, etiqueta_id) VALUES (646, 307) ON CONFLICT (tarea_id, etiqueta_id) DO NOTHING;
INSERT INTO fracttaldb.tarea_etiquetas (tarea_id, etiqueta_id) VALUES (646, 302) ON CONFLICT (tarea_id, etiqueta_id) DO NOTHING;
INSERT INTO fracttaldb.tareas (id, titulo, descripcion, fecha_vencimiento, prioridad, completada, usuario_id, categoria_id, lote) VALUES (647, 'Task 348 for user 1', 'Description for task 348', '2025-10-7', 2, FALSE, 1, 103, 'lote-1') ON CONFLICT(id) DO NOTHING;
INSERT INTO fracttaldb.tarea_etiquetas (tarea_id, etiqueta_id) VALUES (647, 306) ON CONFLICT (tarea_id, etiqueta_id) DO NOTHING;
INSERT INTO fracttaldb.tareas (id, titulo, descripcion, fecha_vencimiento, prioridad, completada, usuario_id, categoria_id, lote) VALUES (648, 'Task 349 for user 1', 'Description for task 349', '2025-11-20', 3, FALSE, 1, 106, 'lote-1') ON CONFLICT(id) DO NOTHING;
INSERT INTO fracttaldb.tarea_etiquetas (tarea_id, etiqueta_id) VALUES (648, 303) ON CONFLICT (tarea_id, etiqueta_id) DO NOTHING;
INSERT INTO fracttaldb.tarea_etiquetas (tarea_id, etiqueta_id) VALUES (648, 306) ON CONFLICT (tarea_id, etiqueta_id) DO NOTHING;
INSERT INTO fracttaldb.tareas (id, titulo, descripcion, fecha_vencimiento, prioridad, completada, usuario_id, categoria_id, lote) VALUES (649, 'Task 350 for user 1', 'Description for task 350', '2025-12-13', 3, TRUE, 1, 107, 'lote-1') ON CONFLICT(id) DO NOTHING;
INSERT INTO fracttaldb.tarea_etiquetas (tarea_id, etiqueta_id) VALUES (649, 306) ON CONFLICT (tarea_id, etiqueta_id) DO NOTHING;
INSERT INTO fracttaldb.tarea_etiquetas (tarea_id, etiqueta_id) VALUES (649, 305) ON CONFLICT (tarea_id, etiqueta_id) DO NOTHING;
INSERT INTO fracttaldb.tareas (id, titulo, descripcion, fecha_vencimiento, prioridad, completada, usuario_id, categoria_id, lote) VALUES (650, 'Task 351 for user 1', 'Description for task 351', '2025-11-3', 1, TRUE, 1, 106, 'lote-1') ON CONFLICT(id) DO NOTHING;
INSERT INTO fracttaldb.tarea_etiquetas (tarea_id, etiqueta_id) VALUES (650, 306) ON CONFLICT (tarea_id, etiqueta_id) DO NOTHING;
INSERT INTO fracttaldb.tarea_etiquetas (tarea_id, etiqueta_id) VALUES (650, 303) ON CONFLICT (tarea_id, etiqueta_id) DO NOTHING;
INSERT INTO fracttaldb.tareas (id, titulo, descripcion, fecha_vencimiento, prioridad, completada, usuario_id, categoria_id, lote) VALUES (651, 'Task 352 for user 1', 'Description for task 352', '2025-11-23', 2, TRUE, 1, 102, 'lote-1') ON CONFLICT(id) DO NOTHING;
INSERT INTO fracttaldb.tarea_etiquetas (tarea_id, etiqueta_id) VALUES (651, 305) ON CONFLICT (tarea_id, etiqueta_id) DO NOTHING;
INSERT INTO fracttaldb.tarea_etiquetas (tarea_id, etiqueta_id) VALUES (651, 307) ON CONFLICT (tarea_id, etiqueta_id) DO NOTHING;
INSERT INTO fracttaldb.tareas (id, titulo, descripcion, fecha_vencimiento, prioridad, completada, usuario_id, categoria_id, lote) VALUES (652, 'Task 353 for user 1', 'Description for task 353', '2025-12-21', 3, TRUE, 1, 105, 'lote-1') ON CONFLICT(id) DO NOTHING;
INSERT INTO fracttaldb.tarea_etiquetas (tarea_id, etiqueta_id) VALUES (652, 301) ON CONFLICT (tarea_id, etiqueta_id) DO NOTHING;
INSERT INTO fracttaldb.tarea_etiquetas (tarea_id, etiqueta_id) VALUES (652, 305) ON CONFLICT (tarea_id, etiqueta_id) DO NOTHING;
INSERT INTO fracttaldb.tarea_etiquetas (tarea_id, etiqueta_id) VALUES (652, 308) ON CONFLICT (tarea_id, etiqueta_id) DO NOTHING;
INSERT INTO fracttaldb.tareas (id, titulo, descripcion, fecha_vencimiento, prioridad, completada, usuario_id, categoria_id, lote) VALUES (653, 'Task 354 for user 1', 'Description for task 354', '2025-11-24', 1, FALSE, 1, 104, 'lote-1') ON CONFLICT(id) DO NOTHING;
INSERT INTO fracttaldb.tarea_etiquetas (tarea_id, etiqueta_id) VALUES (653, 303) ON CONFLICT (tarea_id, etiqueta_id) DO NOTHING;
INSERT INTO fracttaldb.tareas (id, titulo, descripcion, fecha_vencimiento, prioridad, completada, usuario_id, categoria_id, lote) VALUES (654, 'Task 355 for user 1', 'Description for task 355', '2025-12-7', 1, TRUE, 1, 106, 'lote-1') ON CONFLICT(id) DO NOTHING;
INSERT INTO fracttaldb.tarea_etiquetas (tarea_id, etiqueta_id) VALUES (654, 305) ON CONFLICT (tarea_id, etiqueta_id) DO NOTHING;
INSERT INTO fracttaldb.tareas (id, titulo, descripcion, fecha_vencimiento, prioridad, completada, usuario_id, categoria_id, lote) VALUES (655, 'Task 356 for user 1', 'Description for task 356', '2025-12-3', 3, TRUE, 1, 103, 'lote-1') ON CONFLICT(id) DO NOTHING;
INSERT INTO fracttaldb.tarea_etiquetas (tarea_id, etiqueta_id) VALUES (655, 303) ON CONFLICT (tarea_id, etiqueta_id) DO NOTHING;
INSERT INTO fracttaldb.tareas (id, titulo, descripcion, fecha_vencimiento, prioridad, completada, usuario_id, categoria_id, lote) VALUES (656, 'Task 357 for user 1', 'Description for task 357', '2025-12-18', 3, FALSE, 1, 105, 'lote-1') ON CONFLICT(id) DO NOTHING;
INSERT INTO fracttaldb.tarea_etiquetas (tarea_id, etiqueta_id) VALUES (656, 307) ON CONFLICT (tarea_id, etiqueta_id) DO NOTHING;
INSERT INTO fracttaldb.tareas (id, titulo, descripcion, fecha_vencimiento, prioridad, completada, usuario_id, categoria_id, lote) VALUES (657, 'Task 358 for user 1', 'Description for task 358', '2025-10-18', 3, TRUE, 1, 103, 'lote-1') ON CONFLICT(id) DO NOTHING;
INSERT INTO fracttaldb.tarea_etiquetas (tarea_id, etiqueta_id) VALUES (657, 301) ON CONFLICT (tarea_id, etiqueta_id) DO NOTHING;
INSERT INTO fracttaldb.tarea_etiquetas (tarea_id, etiqueta_id) VALUES (657, 309) ON CONFLICT (tarea_id, etiqueta_id) DO NOTHING;
INSERT INTO fracttaldb.tarea_etiquetas (tarea_id, etiqueta_id) VALUES (657, 303) ON CONFLICT (tarea_id, etiqueta_id) DO NOTHING;
INSERT INTO fracttaldb.tareas (id, titulo, descripcion, fecha_vencimiento, prioridad, completada, usuario_id, categoria_id, lote) VALUES (658, 'Task 359 for user 1', 'Description for task 359', '2025-11-2', 3, FALSE, 1, 104, 'lote-1') ON CONFLICT(id) DO NOTHING;
INSERT INTO fracttaldb.tarea_etiquetas (tarea_id, etiqueta_id) VALUES (658, 309) ON CONFLICT (tarea_id, etiqueta_id) DO NOTHING;
INSERT INTO fracttaldb.tarea_etiquetas (tarea_id, etiqueta_id) VALUES (658, 302) ON CONFLICT (tarea_id, etiqueta_id) DO NOTHING;
INSERT INTO fracttaldb.tareas (id, titulo, descripcion, fecha_vencimiento, prioridad, completada, usuario_id, categoria_id, lote) VALUES (659, 'Task 360 for user 1', 'Description for task 360', '2025-12-3', 3, FALSE, 1, 105, 'lote-1') ON CONFLICT(id) DO NOTHING;
INSERT INTO fracttaldb.tarea_etiquetas (tarea_id, etiqueta_id) VALUES (659, 308) ON CONFLICT (tarea_id, etiqueta_id) DO NOTHING;
INSERT INTO fracttaldb.tareas (id, titulo, descripcion, fecha_vencimiento, prioridad, completada, usuario_id, categoria_id, lote) VALUES (660, 'Task 361 for user 1', 'Description for task 361', '2025-10-1', 2, FALSE, 1, 104, 'lote-1') ON CONFLICT(id) DO NOTHING;
INSERT INTO fracttaldb.tarea_etiquetas (tarea_id, etiqueta_id) VALUES (660, 304) ON CONFLICT (tarea_id, etiqueta_id) DO NOTHING;
INSERT INTO fracttaldb.tareas (id, titulo, descripcion, fecha_vencimiento, prioridad, completada, usuario_id, categoria_id, lote) VALUES (661, 'Task 362 for user 1', 'Description for task 362', '2025-10-2', 1, FALSE, 1, 105, 'lote-1') ON CONFLICT(id) DO NOTHING;
INSERT INTO fracttaldb.tarea_etiquetas (tarea_id, etiqueta_id) VALUES (661, 307) ON CONFLICT (tarea_id, etiqueta_id) DO NOTHING;
INSERT INTO fracttaldb.tarea_etiquetas (tarea_id, etiqueta_id) VALUES (661, 303) ON CONFLICT (tarea_id, etiqueta_id) DO NOTHING;
INSERT INTO fracttaldb.tarea_etiquetas (tarea_id, etiqueta_id) VALUES (661, 305) ON CONFLICT (tarea_id, etiqueta_id) DO NOTHING;
INSERT INTO fracttaldb.tareas (id, titulo, descripcion, fecha_vencimiento, prioridad, completada, usuario_id, categoria_id, lote) VALUES (662, 'Task 363 for user 1', 'Description for task 363', '2025-10-11', 3, TRUE, 1, 106, 'lote-1') ON CONFLICT(id) DO NOTHING;
INSERT INTO fracttaldb.tarea_etiquetas (tarea_id, etiqueta_id) VALUES (662, 304) ON CONFLICT (tarea_id, etiqueta_id) DO NOTHING;
INSERT INTO fracttaldb.tarea_etiquetas (tarea_id, etiqueta_id) VALUES (662, 309) ON CONFLICT (tarea_id, etiqueta_id) DO NOTHING;
INSERT INTO fracttaldb.tarea_etiquetas (tarea_id, etiqueta_id) VALUES (662, 308) ON CONFLICT (tarea_id, etiqueta_id) DO NOTHING;
INSERT INTO fracttaldb.tareas (id, titulo, descripcion, fecha_vencimiento, prioridad, completada, usuario_id, categoria_id, lote) VALUES (663, 'Task 364 for user 1', 'Description for task 364', '2025-11-4', 2, TRUE, 1, 103, 'lote-1') ON CONFLICT(id) DO NOTHING;
INSERT INTO fracttaldb.tarea_etiquetas (tarea_id, etiqueta_id) VALUES (663, 309) ON CONFLICT (tarea_id, etiqueta_id) DO NOTHING;
INSERT INTO fracttaldb.tarea_etiquetas (tarea_id, etiqueta_id) VALUES (663, 303) ON CONFLICT (tarea_id, etiqueta_id) DO NOTHING;
INSERT INTO fracttaldb.tarea_etiquetas (tarea_id, etiqueta_id) VALUES (663, 306) ON CONFLICT (tarea_id, etiqueta_id) DO NOTHING;
INSERT INTO fracttaldb.tareas (id, titulo, descripcion, fecha_vencimiento, prioridad, completada, usuario_id, categoria_id, lote) VALUES (664, 'Task 365 for user 1', 'Description for task 365', '2025-10-18', 1, TRUE, 1, 107, 'lote-1') ON CONFLICT(id) DO NOTHING;
INSERT INTO fracttaldb.tarea_etiquetas (tarea_id, etiqueta_id) VALUES (664, 304) ON CONFLICT (tarea_id, etiqueta_id) DO NOTHING;
INSERT INTO fracttaldb.tarea_etiquetas (tarea_id, etiqueta_id) VALUES (664, 301) ON CONFLICT (tarea_id, etiqueta_id) DO NOTHING;
INSERT INTO fracttaldb.tareas (id, titulo, descripcion, fecha_vencimiento, prioridad, completada, usuario_id, categoria_id, lote) VALUES (665, 'Task 366 for user 1', 'Description for task 366', '2025-10-27', 3, FALSE, 1, 105, 'lote-1') ON CONFLICT(id) DO NOTHING;
INSERT INTO fracttaldb.tarea_etiquetas (tarea_id, etiqueta_id) VALUES (665, 308) ON CONFLICT (tarea_id, etiqueta_id) DO NOTHING;
INSERT INTO fracttaldb.tarea_etiquetas (tarea_id, etiqueta_id) VALUES (665, 306) ON CONFLICT (tarea_id, etiqueta_id) DO NOTHING;
INSERT INTO fracttaldb.tareas (id, titulo, descripcion, fecha_vencimiento, prioridad, completada, usuario_id, categoria_id, lote) VALUES (666, 'Task 367 for user 1', 'Description for task 367', '2025-10-14', 2, TRUE, 1, 105, 'lote-1') ON CONFLICT(id) DO NOTHING;
INSERT INTO fracttaldb.tarea_etiquetas (tarea_id, etiqueta_id) VALUES (666, 308) ON CONFLICT (tarea_id, etiqueta_id) DO NOTHING;
INSERT INTO fracttaldb.tarea_etiquetas (tarea_id, etiqueta_id) VALUES (666, 305) ON CONFLICT (tarea_id, etiqueta_id) DO NOTHING;
INSERT INTO fracttaldb.tarea_etiquetas (tarea_id, etiqueta_id) VALUES (666, 307) ON CONFLICT (tarea_id, etiqueta_id) DO NOTHING;
INSERT INTO fracttaldb.tareas (id, titulo, descripcion, fecha_vencimiento, prioridad, completada, usuario_id, categoria_id, lote) VALUES (667, 'Task 368 for user 1', 'Description for task 368', '2025-10-15', 2, TRUE, 1, 103, 'lote-1') ON CONFLICT(id) DO NOTHING;
INSERT INTO fracttaldb.tarea_etiquetas (tarea_id, etiqueta_id) VALUES (667, 303) ON CONFLICT (tarea_id, etiqueta_id) DO NOTHING;
INSERT INTO fracttaldb.tarea_etiquetas (tarea_id, etiqueta_id) VALUES (667, 301) ON CONFLICT (tarea_id, etiqueta_id) DO NOTHING;
INSERT INTO fracttaldb.tarea_etiquetas (tarea_id, etiqueta_id) VALUES (667, 308) ON CONFLICT (tarea_id, etiqueta_id) DO NOTHING;
INSERT INTO fracttaldb.tareas (id, titulo, descripcion, fecha_vencimiento, prioridad, completada, usuario_id, categoria_id, lote) VALUES (668, 'Task 369 for user 1', 'Description for task 369', '2025-12-22', 1, TRUE, 1, 103, 'lote-1') ON CONFLICT(id) DO NOTHING;
INSERT INTO fracttaldb.tarea_etiquetas (tarea_id, etiqueta_id) VALUES (668, 302) ON CONFLICT (tarea_id, etiqueta_id) DO NOTHING;
INSERT INTO fracttaldb.tarea_etiquetas (tarea_id, etiqueta_id) VALUES (668, 304) ON CONFLICT (tarea_id, etiqueta_id) DO NOTHING;
INSERT INTO fracttaldb.tareas (id, titulo, descripcion, fecha_vencimiento, prioridad, completada, usuario_id, categoria_id, lote) VALUES (669, 'Task 370 for user 1', 'Description for task 370', '2025-10-16', 1, TRUE, 1, 107, 'lote-1') ON CONFLICT(id) DO NOTHING;
INSERT INTO fracttaldb.tarea_etiquetas (tarea_id, etiqueta_id) VALUES (669, 304) ON CONFLICT (tarea_id, etiqueta_id) DO NOTHING;
INSERT INTO fracttaldb.tarea_etiquetas (tarea_id, etiqueta_id) VALUES (669, 303) ON CONFLICT (tarea_id, etiqueta_id) DO NOTHING;
INSERT INTO fracttaldb.tarea_etiquetas (tarea_id, etiqueta_id) VALUES (669, 307) ON CONFLICT (tarea_id, etiqueta_id) DO NOTHING;
INSERT INTO fracttaldb.tareas (id, titulo, descripcion, fecha_vencimiento, prioridad, completada, usuario_id, categoria_id, lote) VALUES (670, 'Task 371 for user 1', 'Description for task 371', '2025-11-26', 2, FALSE, 1, 104, 'lote-1') ON CONFLICT(id) DO NOTHING;
INSERT INTO fracttaldb.tarea_etiquetas (tarea_id, etiqueta_id) VALUES (670, 305) ON CONFLICT (tarea_id, etiqueta_id) DO NOTHING;
INSERT INTO fracttaldb.tareas (id, titulo, descripcion, fecha_vencimiento, prioridad, completada, usuario_id, categoria_id, lote) VALUES (671, 'Task 372 for user 1', 'Description for task 372', '2025-11-6', 1, FALSE, 1, 106, 'lote-1') ON CONFLICT(id) DO NOTHING;
INSERT INTO fracttaldb.tarea_etiquetas (tarea_id, etiqueta_id) VALUES (671, 303) ON CONFLICT (tarea_id, etiqueta_id) DO NOTHING;
INSERT INTO fracttaldb.tarea_etiquetas (tarea_id, etiqueta_id) VALUES (671, 307) ON CONFLICT (tarea_id, etiqueta_id) DO NOTHING;
INSERT INTO fracttaldb.tarea_etiquetas (tarea_id, etiqueta_id) VALUES (671, 309) ON CONFLICT (tarea_id, etiqueta_id) DO NOTHING;
INSERT INTO fracttaldb.tareas (id, titulo, descripcion, fecha_vencimiento, prioridad, completada, usuario_id, categoria_id, lote) VALUES (672, 'Task 373 for user 1', 'Description for task 373', '2025-10-22', 3, TRUE, 1, 101, 'lote-1') ON CONFLICT(id) DO NOTHING;
INSERT INTO fracttaldb.tarea_etiquetas (tarea_id, etiqueta_id) VALUES (672, 303) ON CONFLICT (tarea_id, etiqueta_id) DO NOTHING;
INSERT INTO fracttaldb.tarea_etiquetas (tarea_id, etiqueta_id) VALUES (672, 307) ON CONFLICT (tarea_id, etiqueta_id) DO NOTHING;
INSERT INTO fracttaldb.tareas (id, titulo, descripcion, fecha_vencimiento, prioridad, completada, usuario_id, categoria_id, lote) VALUES (673, 'Task 374 for user 1', 'Description for task 374', '2025-10-7', 3, FALSE, 1, 104, 'lote-1') ON CONFLICT(id) DO NOTHING;
INSERT INTO fracttaldb.tarea_etiquetas (tarea_id, etiqueta_id) VALUES (673, 306) ON CONFLICT (tarea_id, etiqueta_id) DO NOTHING;
INSERT INTO fracttaldb.tarea_etiquetas (tarea_id, etiqueta_id) VALUES (673, 307) ON CONFLICT (tarea_id, etiqueta_id) DO NOTHING;
INSERT INTO fracttaldb.tareas (id, titulo, descripcion, fecha_vencimiento, prioridad, completada, usuario_id, categoria_id, lote) VALUES (674, 'Task 375 for user 1', 'Description for task 375', '2025-11-3', 1, TRUE, 1, 107, 'lote-1') ON CONFLICT(id) DO NOTHING;
INSERT INTO fracttaldb.tarea_etiquetas (tarea_id, etiqueta_id) VALUES (674, 305) ON CONFLICT (tarea_id, etiqueta_id) DO NOTHING;
INSERT INTO fracttaldb.tarea_etiquetas (tarea_id, etiqueta_id) VALUES (674, 309) ON CONFLICT (tarea_id, etiqueta_id) DO NOTHING;
INSERT INTO fracttaldb.tarea_etiquetas (tarea_id, etiqueta_id) VALUES (674, 303) ON CONFLICT (tarea_id, etiqueta_id) DO NOTHING;
INSERT INTO fracttaldb.tareas (id, titulo, descripcion, fecha_vencimiento, prioridad, completada, usuario_id, categoria_id, lote) VALUES (675, 'Task 376 for user 1', 'Description for task 376', '2025-12-15', 3, FALSE, 1, 104, 'lote-1') ON CONFLICT(id) DO NOTHING;
INSERT INTO fracttaldb.tarea_etiquetas (tarea_id, etiqueta_id) VALUES (675, 303) ON CONFLICT (tarea_id, etiqueta_id) DO NOTHING;
INSERT INTO fracttaldb.tareas (id, titulo, descripcion, fecha_vencimiento, prioridad, completada, usuario_id, categoria_id, lote) VALUES (676, 'Task 377 for user 1', 'Description for task 377', '2025-12-20', 3, TRUE, 1, 102, 'lote-1') ON CONFLICT(id) DO NOTHING;
INSERT INTO fracttaldb.tarea_etiquetas (tarea_id, etiqueta_id) VALUES (676, 302) ON CONFLICT (tarea_id, etiqueta_id) DO NOTHING;
INSERT INTO fracttaldb.tareas (id, titulo, descripcion, fecha_vencimiento, prioridad, completada, usuario_id, categoria_id, lote) VALUES (677, 'Task 378 for user 1', 'Description for task 378', '2025-10-24', 2, TRUE, 1, 101, 'lote-1') ON CONFLICT(id) DO NOTHING;
INSERT INTO fracttaldb.tarea_etiquetas (tarea_id, etiqueta_id) VALUES (677, 304) ON CONFLICT (tarea_id, etiqueta_id) DO NOTHING;
INSERT INTO fracttaldb.tareas (id, titulo, descripcion, fecha_vencimiento, prioridad, completada, usuario_id, categoria_id, lote) VALUES (678, 'Task 379 for user 1', 'Description for task 379', '2025-12-22', 1, TRUE, 1, 106, 'lote-1') ON CONFLICT(id) DO NOTHING;
INSERT INTO fracttaldb.tarea_etiquetas (tarea_id, etiqueta_id) VALUES (678, 309) ON CONFLICT (tarea_id, etiqueta_id) DO NOTHING;
INSERT INTO fracttaldb.tarea_etiquetas (tarea_id, etiqueta_id) VALUES (678, 303) ON CONFLICT (tarea_id, etiqueta_id) DO NOTHING;
INSERT INTO fracttaldb.tarea_etiquetas (tarea_id, etiqueta_id) VALUES (678, 307) ON CONFLICT (tarea_id, etiqueta_id) DO NOTHING;
INSERT INTO fracttaldb.tareas (id, titulo, descripcion, fecha_vencimiento, prioridad, completada, usuario_id, categoria_id, lote) VALUES (679, 'Task 380 for user 1', 'Description for task 380', '2025-10-23', 3, FALSE, 1, 104, 'lote-1') ON CONFLICT(id) DO NOTHING;
INSERT INTO fracttaldb.tarea_etiquetas (tarea_id, etiqueta_id) VALUES (679, 309) ON CONFLICT (tarea_id, etiqueta_id) DO NOTHING;
INSERT INTO fracttaldb.tarea_etiquetas (tarea_id, etiqueta_id) VALUES (679, 304) ON CONFLICT (tarea_id, etiqueta_id) DO NOTHING;
INSERT INTO fracttaldb.tareas (id, titulo, descripcion, fecha_vencimiento, prioridad, completada, usuario_id, categoria_id, lote) VALUES (680, 'Task 381 for user 1', 'Description for task 381', '2025-10-6', 3, TRUE, 1, 106, 'lote-1') ON CONFLICT(id) DO NOTHING;
INSERT INTO fracttaldb.tarea_etiquetas (tarea_id, etiqueta_id) VALUES (680, 307) ON CONFLICT (tarea_id, etiqueta_id) DO NOTHING;
INSERT INTO fracttaldb.tarea_etiquetas (tarea_id, etiqueta_id) VALUES (680, 303) ON CONFLICT (tarea_id, etiqueta_id) DO NOTHING;
INSERT INTO fracttaldb.tareas (id, titulo, descripcion, fecha_vencimiento, prioridad, completada, usuario_id, categoria_id, lote) VALUES (681, 'Task 382 for user 1', 'Description for task 382', '2025-10-25', 2, TRUE, 1, 102, 'lote-1') ON CONFLICT(id) DO NOTHING;
INSERT INTO fracttaldb.tarea_etiquetas (tarea_id, etiqueta_id) VALUES (681, 305) ON CONFLICT (tarea_id, etiqueta_id) DO NOTHING;
INSERT INTO fracttaldb.tarea_etiquetas (tarea_id, etiqueta_id) VALUES (681, 304) ON CONFLICT (tarea_id, etiqueta_id) DO NOTHING;
INSERT INTO fracttaldb.tareas (id, titulo, descripcion, fecha_vencimiento, prioridad, completada, usuario_id, categoria_id, lote) VALUES (682, 'Task 383 for user 1', 'Description for task 383', '2025-10-25', 1, TRUE, 1, 104, 'lote-1') ON CONFLICT(id) DO NOTHING;
INSERT INTO fracttaldb.tarea_etiquetas (tarea_id, etiqueta_id) VALUES (682, 302) ON CONFLICT (tarea_id, etiqueta_id) DO NOTHING;
INSERT INTO fracttaldb.tarea_etiquetas (tarea_id, etiqueta_id) VALUES (682, 306) ON CONFLICT (tarea_id, etiqueta_id) DO NOTHING;
INSERT INTO fracttaldb.tarea_etiquetas (tarea_id, etiqueta_id) VALUES (682, 307) ON CONFLICT (tarea_id, etiqueta_id) DO NOTHING;
INSERT INTO fracttaldb.tareas (id, titulo, descripcion, fecha_vencimiento, prioridad, completada, usuario_id, categoria_id, lote) VALUES (683, 'Task 384 for user 1', 'Description for task 384', '2025-11-24', 2, FALSE, 1, 103, 'lote-1') ON CONFLICT(id) DO NOTHING;
INSERT INTO fracttaldb.tarea_etiquetas (tarea_id, etiqueta_id) VALUES (683, 302) ON CONFLICT (tarea_id, etiqueta_id) DO NOTHING;
INSERT INTO fracttaldb.tarea_etiquetas (tarea_id, etiqueta_id) VALUES (683, 309) ON CONFLICT (tarea_id, etiqueta_id) DO NOTHING;
INSERT INTO fracttaldb.tareas (id, titulo, descripcion, fecha_vencimiento, prioridad, completada, usuario_id, categoria_id, lote) VALUES (684, 'Task 385 for user 1', 'Description for task 385', '2025-10-5', 2, FALSE, 1, 102, 'lote-1') ON CONFLICT(id) DO NOTHING;
INSERT INTO fracttaldb.tarea_etiquetas (tarea_id, etiqueta_id) VALUES (684, 309) ON CONFLICT (tarea_id, etiqueta_id) DO NOTHING;
INSERT INTO fracttaldb.tarea_etiquetas (tarea_id, etiqueta_id) VALUES (684, 305) ON CONFLICT (tarea_id, etiqueta_id) DO NOTHING;
INSERT INTO fracttaldb.tarea_etiquetas (tarea_id, etiqueta_id) VALUES (684, 307) ON CONFLICT (tarea_id, etiqueta_id) DO NOTHING;
INSERT INTO fracttaldb.tareas (id, titulo, descripcion, fecha_vencimiento, prioridad, completada, usuario_id, categoria_id, lote) VALUES (685, 'Task 386 for user 1', 'Description for task 386', '2025-12-7', 1, TRUE, 1, 107, 'lote-1') ON CONFLICT(id) DO NOTHING;
INSERT INTO fracttaldb.tarea_etiquetas (tarea_id, etiqueta_id) VALUES (685, 309) ON CONFLICT (tarea_id, etiqueta_id) DO NOTHING;
INSERT INTO fracttaldb.tareas (id, titulo, descripcion, fecha_vencimiento, prioridad, completada, usuario_id, categoria_id, lote) VALUES (686, 'Task 387 for user 1', 'Description for task 387', '2025-12-3', 3, TRUE, 1, 106, 'lote-1') ON CONFLICT(id) DO NOTHING;
INSERT INTO fracttaldb.tarea_etiquetas (tarea_id, etiqueta_id) VALUES (686, 302) ON CONFLICT (tarea_id, etiqueta_id) DO NOTHING;
INSERT INTO fracttaldb.tarea_etiquetas (tarea_id, etiqueta_id) VALUES (686, 309) ON CONFLICT (tarea_id, etiqueta_id) DO NOTHING;
INSERT INTO fracttaldb.tarea_etiquetas (tarea_id, etiqueta_id) VALUES (686, 308) ON CONFLICT (tarea_id, etiqueta_id) DO NOTHING;
INSERT INTO fracttaldb.tareas (id, titulo, descripcion, fecha_vencimiento, prioridad, completada, usuario_id, categoria_id, lote) VALUES (687, 'Task 388 for user 1', 'Description for task 388', '2025-10-12', 3, FALSE, 1, 104, 'lote-1') ON CONFLICT(id) DO NOTHING;
INSERT INTO fracttaldb.tarea_etiquetas (tarea_id, etiqueta_id) VALUES (687, 308) ON CONFLICT (tarea_id, etiqueta_id) DO NOTHING;
INSERT INTO fracttaldb.tarea_etiquetas (tarea_id, etiqueta_id) VALUES (687, 302) ON CONFLICT (tarea_id, etiqueta_id) DO NOTHING;
INSERT INTO fracttaldb.tarea_etiquetas (tarea_id, etiqueta_id) VALUES (687, 301) ON CONFLICT (tarea_id, etiqueta_id) DO NOTHING;
INSERT INTO fracttaldb.tareas (id, titulo, descripcion, fecha_vencimiento, prioridad, completada, usuario_id, categoria_id, lote) VALUES (688, 'Task 389 for user 1', 'Description for task 389', '2025-12-9', 1, TRUE, 1, 103, 'lote-1') ON CONFLICT(id) DO NOTHING;
INSERT INTO fracttaldb.tarea_etiquetas (tarea_id, etiqueta_id) VALUES (688, 301) ON CONFLICT (tarea_id, etiqueta_id) DO NOTHING;
INSERT INTO fracttaldb.tarea_etiquetas (tarea_id, etiqueta_id) VALUES (688, 304) ON CONFLICT (tarea_id, etiqueta_id) DO NOTHING;
INSERT INTO fracttaldb.tarea_etiquetas (tarea_id, etiqueta_id) VALUES (688, 307) ON CONFLICT (tarea_id, etiqueta_id) DO NOTHING;
INSERT INTO fracttaldb.tareas (id, titulo, descripcion, fecha_vencimiento, prioridad, completada, usuario_id, categoria_id, lote) VALUES (689, 'Task 390 for user 1', 'Description for task 390', '2025-10-24', 2, FALSE, 1, 103, 'lote-1') ON CONFLICT(id) DO NOTHING;
INSERT INTO fracttaldb.tarea_etiquetas (tarea_id, etiqueta_id) VALUES (689, 309) ON CONFLICT (tarea_id, etiqueta_id) DO NOTHING;
INSERT INTO fracttaldb.tarea_etiquetas (tarea_id, etiqueta_id) VALUES (689, 306) ON CONFLICT (tarea_id, etiqueta_id) DO NOTHING;
INSERT INTO fracttaldb.tarea_etiquetas (tarea_id, etiqueta_id) VALUES (689, 304) ON CONFLICT (tarea_id, etiqueta_id) DO NOTHING;
INSERT INTO fracttaldb.tareas (id, titulo, descripcion, fecha_vencimiento, prioridad, completada, usuario_id, categoria_id, lote) VALUES (690, 'Task 391 for user 1', 'Description for task 391', '2025-12-4', 1, TRUE, 1, 101, 'lote-1') ON CONFLICT(id) DO NOTHING;
INSERT INTO fracttaldb.tarea_etiquetas (tarea_id, etiqueta_id) VALUES (690, 303) ON CONFLICT (tarea_id, etiqueta_id) DO NOTHING;
INSERT INTO fracttaldb.tarea_etiquetas (tarea_id, etiqueta_id) VALUES (690, 302) ON CONFLICT (tarea_id, etiqueta_id) DO NOTHING;
INSERT INTO fracttaldb.tarea_etiquetas (tarea_id, etiqueta_id) VALUES (690, 309) ON CONFLICT (tarea_id, etiqueta_id) DO NOTHING;
INSERT INTO fracttaldb.tareas (id, titulo, descripcion, fecha_vencimiento, prioridad, completada, usuario_id, categoria_id, lote) VALUES (691, 'Task 392 for user 1', 'Description for task 392', '2025-11-21', 1, FALSE, 1, 104, 'lote-1') ON CONFLICT(id) DO NOTHING;
INSERT INTO fracttaldb.tarea_etiquetas (tarea_id, etiqueta_id) VALUES (691, 305) ON CONFLICT (tarea_id, etiqueta_id) DO NOTHING;
INSERT INTO fracttaldb.tarea_etiquetas (tarea_id, etiqueta_id) VALUES (691, 308) ON CONFLICT (tarea_id, etiqueta_id) DO NOTHING;
INSERT INTO fracttaldb.tarea_etiquetas (tarea_id, etiqueta_id) VALUES (691, 303) ON CONFLICT (tarea_id, etiqueta_id) DO NOTHING;
INSERT INTO fracttaldb.tareas (id, titulo, descripcion, fecha_vencimiento, prioridad, completada, usuario_id, categoria_id, lote) VALUES (692, 'Task 393 for user 1', 'Description for task 393', '2025-10-13', 2, TRUE, 1, 106, 'lote-1') ON CONFLICT(id) DO NOTHING;
INSERT INTO fracttaldb.tarea_etiquetas (tarea_id, etiqueta_id) VALUES (692, 303) ON CONFLICT (tarea_id, etiqueta_id) DO NOTHING;
INSERT INTO fracttaldb.tarea_etiquetas (tarea_id, etiqueta_id) VALUES (692, 302) ON CONFLICT (tarea_id, etiqueta_id) DO NOTHING;
INSERT INTO fracttaldb.tarea_etiquetas (tarea_id, etiqueta_id) VALUES (692, 301) ON CONFLICT (tarea_id, etiqueta_id) DO NOTHING;
INSERT INTO fracttaldb.tareas (id, titulo, descripcion, fecha_vencimiento, prioridad, completada, usuario_id, categoria_id, lote) VALUES (693, 'Task 394 for user 1', 'Description for task 394', '2025-10-17', 2, TRUE, 1, 102, 'lote-1') ON CONFLICT(id) DO NOTHING;
INSERT INTO fracttaldb.tarea_etiquetas (tarea_id, etiqueta_id) VALUES (693, 307) ON CONFLICT (tarea_id, etiqueta_id) DO NOTHING;
INSERT INTO fracttaldb.tareas (id, titulo, descripcion, fecha_vencimiento, prioridad, completada, usuario_id, categoria_id, lote) VALUES (694, 'Task 395 for user 1', 'Description for task 395', '2025-10-24', 3, FALSE, 1, 106, 'lote-1') ON CONFLICT(id) DO NOTHING;
INSERT INTO fracttaldb.tarea_etiquetas (tarea_id, etiqueta_id) VALUES (694, 302) ON CONFLICT (tarea_id, etiqueta_id) DO NOTHING;
INSERT INTO fracttaldb.tarea_etiquetas (tarea_id, etiqueta_id) VALUES (694, 306) ON CONFLICT (tarea_id, etiqueta_id) DO NOTHING;
INSERT INTO fracttaldb.tarea_etiquetas (tarea_id, etiqueta_id) VALUES (694, 305) ON CONFLICT (tarea_id, etiqueta_id) DO NOTHING;
INSERT INTO fracttaldb.tareas (id, titulo, descripcion, fecha_vencimiento, prioridad, completada, usuario_id, categoria_id, lote) VALUES (695, 'Task 396 for user 1', 'Description for task 396', '2025-12-14', 3, TRUE, 1, 106, 'lote-1') ON CONFLICT(id) DO NOTHING;
INSERT INTO fracttaldb.tarea_etiquetas (tarea_id, etiqueta_id) VALUES (695, 308) ON CONFLICT (tarea_id, etiqueta_id) DO NOTHING;
INSERT INTO fracttaldb.tareas (id, titulo, descripcion, fecha_vencimiento, prioridad, completada, usuario_id, categoria_id, lote) VALUES (696, 'Task 397 for user 1', 'Description for task 397', '2025-11-19', 2, FALSE, 1, 103, 'lote-1') ON CONFLICT(id) DO NOTHING;
INSERT INTO fracttaldb.tarea_etiquetas (tarea_id, etiqueta_id) VALUES (696, 308) ON CONFLICT (tarea_id, etiqueta_id) DO NOTHING;
INSERT INTO fracttaldb.tarea_etiquetas (tarea_id, etiqueta_id) VALUES (696, 303) ON CONFLICT (tarea_id, etiqueta_id) DO NOTHING;
INSERT INTO fracttaldb.tarea_etiquetas (tarea_id, etiqueta_id) VALUES (696, 307) ON CONFLICT (tarea_id, etiqueta_id) DO NOTHING;
INSERT INTO fracttaldb.tareas (id, titulo, descripcion, fecha_vencimiento, prioridad, completada, usuario_id, categoria_id, lote) VALUES (697, 'Task 398 for user 1', 'Description for task 398', '2025-11-24', 1, FALSE, 1, 107, 'lote-1') ON CONFLICT(id) DO NOTHING;
INSERT INTO fracttaldb.tarea_etiquetas (tarea_id, etiqueta_id) VALUES (697, 307) ON CONFLICT (tarea_id, etiqueta_id) DO NOTHING;
INSERT INTO fracttaldb.tareas (id, titulo, descripcion, fecha_vencimiento, prioridad, completada, usuario_id, categoria_id, lote) VALUES (698, 'Task 399 for user 1', 'Description for task 399', '2025-11-5', 2, TRUE, 1, 107, 'lote-1') ON CONFLICT(id) DO NOTHING;
INSERT INTO fracttaldb.tarea_etiquetas (tarea_id, etiqueta_id) VALUES (698, 307) ON CONFLICT (tarea_id, etiqueta_id) DO NOTHING;
INSERT INTO fracttaldb.tarea_etiquetas (tarea_id, etiqueta_id) VALUES (698, 306) ON CONFLICT (tarea_id, etiqueta_id) DO NOTHING;
INSERT INTO fracttaldb.tarea_etiquetas (tarea_id, etiqueta_id) VALUES (698, 301) ON CONFLICT (tarea_id, etiqueta_id) DO NOTHING;
INSERT INTO fracttaldb.tareas (id, titulo, descripcion, fecha_vencimiento, prioridad, completada, usuario_id, categoria_id, lote) VALUES (699, 'Task 400 for user 1', 'Description for task 400', '2025-11-22', 2, FALSE, 1, 104, 'lote-1') ON CONFLICT(id) DO NOTHING;
INSERT INTO fracttaldb.tarea_etiquetas (tarea_id, etiqueta_id) VALUES (699, 305) ON CONFLICT (tarea_id, etiqueta_id) DO NOTHING;
INSERT INTO fracttaldb.tareas (id, titulo, descripcion, fecha_vencimiento, prioridad, completada, usuario_id, categoria_id, lote) VALUES (700, 'Task 401 for user 1', 'Description for task 401', '2025-10-25', 3, FALSE, 1, 102, 'lote-1') ON CONFLICT(id) DO NOTHING;
INSERT INTO fracttaldb.tarea_etiquetas (tarea_id, etiqueta_id) VALUES (700, 309) ON CONFLICT (tarea_id, etiqueta_id) DO NOTHING;
INSERT INTO fracttaldb.tarea_etiquetas (tarea_id, etiqueta_id) VALUES (700, 301) ON CONFLICT (tarea_id, etiqueta_id) DO NOTHING;
INSERT INTO fracttaldb.tareas (id, titulo, descripcion, fecha_vencimiento, prioridad, completada, usuario_id, categoria_id, lote) VALUES (701, 'Task 402 for user 1', 'Description for task 402', '2025-10-17', 1, FALSE, 1, 101, 'lote-1') ON CONFLICT(id) DO NOTHING;
INSERT INTO fracttaldb.tarea_etiquetas (tarea_id, etiqueta_id) VALUES (701, 303) ON CONFLICT (tarea_id, etiqueta_id) DO NOTHING;
INSERT INTO fracttaldb.tareas (id, titulo, descripcion, fecha_vencimiento, prioridad, completada, usuario_id, categoria_id, lote) VALUES (702, 'Task 403 for user 1', 'Description for task 403', '2025-11-23', 3, FALSE, 1, 104, 'lote-1') ON CONFLICT(id) DO NOTHING;
INSERT INTO fracttaldb.tarea_etiquetas (tarea_id, etiqueta_id) VALUES (702, 308) ON CONFLICT (tarea_id, etiqueta_id) DO NOTHING;
INSERT INTO fracttaldb.tareas (id, titulo, descripcion, fecha_vencimiento, prioridad, completada, usuario_id, categoria_id, lote) VALUES (703, 'Task 404 for user 1', 'Description for task 404', '2025-11-9', 1, TRUE, 1, 103, 'lote-1') ON CONFLICT(id) DO NOTHING;
INSERT INTO fracttaldb.tarea_etiquetas (tarea_id, etiqueta_id) VALUES (703, 309) ON CONFLICT (tarea_id, etiqueta_id) DO NOTHING;
INSERT INTO fracttaldb.tarea_etiquetas (tarea_id, etiqueta_id) VALUES (703, 307) ON CONFLICT (tarea_id, etiqueta_id) DO NOTHING;
INSERT INTO fracttaldb.tareas (id, titulo, descripcion, fecha_vencimiento, prioridad, completada, usuario_id, categoria_id, lote) VALUES (704, 'Task 405 for user 1', 'Description for task 405', '2025-11-12', 3, TRUE, 1, 106, 'lote-1') ON CONFLICT(id) DO NOTHING;
INSERT INTO fracttaldb.tarea_etiquetas (tarea_id, etiqueta_id) VALUES (704, 304) ON CONFLICT (tarea_id, etiqueta_id) DO NOTHING;
INSERT INTO fracttaldb.tarea_etiquetas (tarea_id, etiqueta_id) VALUES (704, 308) ON CONFLICT (tarea_id, etiqueta_id) DO NOTHING;
INSERT INTO fracttaldb.tarea_etiquetas (tarea_id, etiqueta_id) VALUES (704, 303) ON CONFLICT (tarea_id, etiqueta_id) DO NOTHING;
INSERT INTO fracttaldb.tareas (id, titulo, descripcion, fecha_vencimiento, prioridad, completada, usuario_id, categoria_id, lote) VALUES (705, 'Task 406 for user 1', 'Description for task 406', '2025-10-17', 1, FALSE, 1, 101, 'lote-1') ON CONFLICT(id) DO NOTHING;
INSERT INTO fracttaldb.tarea_etiquetas (tarea_id, etiqueta_id) VALUES (705, 305) ON CONFLICT (tarea_id, etiqueta_id) DO NOTHING;
INSERT INTO fracttaldb.tareas (id, titulo, descripcion, fecha_vencimiento, prioridad, completada, usuario_id, categoria_id, lote) VALUES (706, 'Task 407 for user 1', 'Description for task 407', '2025-10-23', 2, FALSE, 1, 105, 'lote-1') ON CONFLICT(id) DO NOTHING;
INSERT INTO fracttaldb.tarea_etiquetas (tarea_id, etiqueta_id) VALUES (706, 301) ON CONFLICT (tarea_id, etiqueta_id) DO NOTHING;
INSERT INTO fracttaldb.tarea_etiquetas (tarea_id, etiqueta_id) VALUES (706, 303) ON CONFLICT (tarea_id, etiqueta_id) DO NOTHING;
INSERT INTO fracttaldb.tareas (id, titulo, descripcion, fecha_vencimiento, prioridad, completada, usuario_id, categoria_id, lote) VALUES (707, 'Task 408 for user 1', 'Description for task 408', '2025-12-10', 1, TRUE, 1, 107, 'lote-1') ON CONFLICT(id) DO NOTHING;
INSERT INTO fracttaldb.tarea_etiquetas (tarea_id, etiqueta_id) VALUES (707, 303) ON CONFLICT (tarea_id, etiqueta_id) DO NOTHING;
INSERT INTO fracttaldb.tarea_etiquetas (tarea_id, etiqueta_id) VALUES (707, 305) ON CONFLICT (tarea_id, etiqueta_id) DO NOTHING;
INSERT INTO fracttaldb.tareas (id, titulo, descripcion, fecha_vencimiento, prioridad, completada, usuario_id, categoria_id, lote) VALUES (708, 'Task 409 for user 1', 'Description for task 409', '2025-10-23', 2, TRUE, 1, 102, 'lote-1') ON CONFLICT(id) DO NOTHING;
INSERT INTO fracttaldb.tarea_etiquetas (tarea_id, etiqueta_id) VALUES (708, 309) ON CONFLICT (tarea_id, etiqueta_id) DO NOTHING;
INSERT INTO fracttaldb.tareas (id, titulo, descripcion, fecha_vencimiento, prioridad, completada, usuario_id, categoria_id, lote) VALUES (709, 'Task 410 for user 1', 'Description for task 410', '2025-11-23', 2, TRUE, 1, 105, 'lote-1') ON CONFLICT(id) DO NOTHING;
INSERT INTO fracttaldb.tarea_etiquetas (tarea_id, etiqueta_id) VALUES (709, 302) ON CONFLICT (tarea_id, etiqueta_id) DO NOTHING;
INSERT INTO fracttaldb.tarea_etiquetas (tarea_id, etiqueta_id) VALUES (709, 309) ON CONFLICT (tarea_id, etiqueta_id) DO NOTHING;
INSERT INTO fracttaldb.tareas (id, titulo, descripcion, fecha_vencimiento, prioridad, completada, usuario_id, categoria_id, lote) VALUES (710, 'Task 411 for user 1', 'Description for task 411', '2025-11-25', 3, FALSE, 1, 107, 'lote-1') ON CONFLICT(id) DO NOTHING;
INSERT INTO fracttaldb.tarea_etiquetas (tarea_id, etiqueta_id) VALUES (710, 302) ON CONFLICT (tarea_id, etiqueta_id) DO NOTHING;
INSERT INTO fracttaldb.tareas (id, titulo, descripcion, fecha_vencimiento, prioridad, completada, usuario_id, categoria_id, lote) VALUES (711, 'Task 412 for user 1', 'Description for task 412', '2025-11-9', 2, TRUE, 1, 104, 'lote-1') ON CONFLICT(id) DO NOTHING;
INSERT INTO fracttaldb.tarea_etiquetas (tarea_id, etiqueta_id) VALUES (711, 305) ON CONFLICT (tarea_id, etiqueta_id) DO NOTHING;
INSERT INTO fracttaldb.tareas (id, titulo, descripcion, fecha_vencimiento, prioridad, completada, usuario_id, categoria_id, lote) VALUES (712, 'Task 413 for user 1', 'Description for task 413', '2025-12-26', 2, FALSE, 1, 105, 'lote-1') ON CONFLICT(id) DO NOTHING;
INSERT INTO fracttaldb.tarea_etiquetas (tarea_id, etiqueta_id) VALUES (712, 306) ON CONFLICT (tarea_id, etiqueta_id) DO NOTHING;
INSERT INTO fracttaldb.tareas (id, titulo, descripcion, fecha_vencimiento, prioridad, completada, usuario_id, categoria_id, lote) VALUES (713, 'Task 414 for user 1', 'Description for task 414', '2025-10-11', 2, TRUE, 1, 104, 'lote-1') ON CONFLICT(id) DO NOTHING;
INSERT INTO fracttaldb.tarea_etiquetas (tarea_id, etiqueta_id) VALUES (713, 301) ON CONFLICT (tarea_id, etiqueta_id) DO NOTHING;
INSERT INTO fracttaldb.tareas (id, titulo, descripcion, fecha_vencimiento, prioridad, completada, usuario_id, categoria_id, lote) VALUES (714, 'Task 415 for user 1', 'Description for task 415', '2025-12-6', 1, FALSE, 1, 105, 'lote-1') ON CONFLICT(id) DO NOTHING;
INSERT INTO fracttaldb.tarea_etiquetas (tarea_id, etiqueta_id) VALUES (714, 308) ON CONFLICT (tarea_id, etiqueta_id) DO NOTHING;
INSERT INTO fracttaldb.tareas (id, titulo, descripcion, fecha_vencimiento, prioridad, completada, usuario_id, categoria_id, lote) VALUES (715, 'Task 416 for user 1', 'Description for task 416', '2025-11-10', 3, TRUE, 1, 106, 'lote-1') ON CONFLICT(id) DO NOTHING;
INSERT INTO fracttaldb.tarea_etiquetas (tarea_id, etiqueta_id) VALUES (715, 309) ON CONFLICT (tarea_id, etiqueta_id) DO NOTHING;
INSERT INTO fracttaldb.tarea_etiquetas (tarea_id, etiqueta_id) VALUES (715, 302) ON CONFLICT (tarea_id, etiqueta_id) DO NOTHING;
INSERT INTO fracttaldb.tareas (id, titulo, descripcion, fecha_vencimiento, prioridad, completada, usuario_id, categoria_id, lote) VALUES (716, 'Task 417 for user 1', 'Description for task 417', '2025-11-18', 3, FALSE, 1, 104, 'lote-1') ON CONFLICT(id) DO NOTHING;
INSERT INTO fracttaldb.tarea_etiquetas (tarea_id, etiqueta_id) VALUES (716, 302) ON CONFLICT (tarea_id, etiqueta_id) DO NOTHING;
INSERT INTO fracttaldb.tarea_etiquetas (tarea_id, etiqueta_id) VALUES (716, 306) ON CONFLICT (tarea_id, etiqueta_id) DO NOTHING;
INSERT INTO fracttaldb.tarea_etiquetas (tarea_id, etiqueta_id) VALUES (716, 301) ON CONFLICT (tarea_id, etiqueta_id) DO NOTHING;
INSERT INTO fracttaldb.tareas (id, titulo, descripcion, fecha_vencimiento, prioridad, completada, usuario_id, categoria_id, lote) VALUES (717, 'Task 418 for user 1', 'Description for task 418', '2025-11-25', 1, TRUE, 1, 106, 'lote-1') ON CONFLICT(id) DO NOTHING;
INSERT INTO fracttaldb.tarea_etiquetas (tarea_id, etiqueta_id) VALUES (717, 304) ON CONFLICT (tarea_id, etiqueta_id) DO NOTHING;
INSERT INTO fracttaldb.tarea_etiquetas (tarea_id, etiqueta_id) VALUES (717, 303) ON CONFLICT (tarea_id, etiqueta_id) DO NOTHING;
INSERT INTO fracttaldb.tarea_etiquetas (tarea_id, etiqueta_id) VALUES (717, 302) ON CONFLICT (tarea_id, etiqueta_id) DO NOTHING;
INSERT INTO fracttaldb.tareas (id, titulo, descripcion, fecha_vencimiento, prioridad, completada, usuario_id, categoria_id, lote) VALUES (718, 'Task 419 for user 1', 'Description for task 419', '2025-12-2', 1, FALSE, 1, 101, 'lote-1') ON CONFLICT(id) DO NOTHING;
INSERT INTO fracttaldb.tarea_etiquetas (tarea_id, etiqueta_id) VALUES (718, 306) ON CONFLICT (tarea_id, etiqueta_id) DO NOTHING;
INSERT INTO fracttaldb.tarea_etiquetas (tarea_id, etiqueta_id) VALUES (718, 301) ON CONFLICT (tarea_id, etiqueta_id) DO NOTHING;
INSERT INTO fracttaldb.tareas (id, titulo, descripcion, fecha_vencimiento, prioridad, completada, usuario_id, categoria_id, lote) VALUES (719, 'Task 420 for user 1', 'Description for task 420', '2025-12-2', 3, TRUE, 1, 103, 'lote-1') ON CONFLICT(id) DO NOTHING;
INSERT INTO fracttaldb.tarea_etiquetas (tarea_id, etiqueta_id) VALUES (719, 303) ON CONFLICT (tarea_id, etiqueta_id) DO NOTHING;
INSERT INTO fracttaldb.tarea_etiquetas (tarea_id, etiqueta_id) VALUES (719, 301) ON CONFLICT (tarea_id, etiqueta_id) DO NOTHING;
INSERT INTO fracttaldb.tareas (id, titulo, descripcion, fecha_vencimiento, prioridad, completada, usuario_id, categoria_id, lote) VALUES (720, 'Task 421 for user 1', 'Description for task 421', '2025-12-5', 3, FALSE, 1, 104, 'lote-1') ON CONFLICT(id) DO NOTHING;
INSERT INTO fracttaldb.tarea_etiquetas (tarea_id, etiqueta_id) VALUES (720, 305) ON CONFLICT (tarea_id, etiqueta_id) DO NOTHING;
INSERT INTO fracttaldb.tareas (id, titulo, descripcion, fecha_vencimiento, prioridad, completada, usuario_id, categoria_id, lote) VALUES (721, 'Task 422 for user 1', 'Description for task 422', '2025-10-7', 2, TRUE, 1, 104, 'lote-1') ON CONFLICT(id) DO NOTHING;
INSERT INTO fracttaldb.tarea_etiquetas (tarea_id, etiqueta_id) VALUES (721, 308) ON CONFLICT (tarea_id, etiqueta_id) DO NOTHING;
INSERT INTO fracttaldb.tarea_etiquetas (tarea_id, etiqueta_id) VALUES (721, 302) ON CONFLICT (tarea_id, etiqueta_id) DO NOTHING;
INSERT INTO fracttaldb.tareas (id, titulo, descripcion, fecha_vencimiento, prioridad, completada, usuario_id, categoria_id, lote) VALUES (722, 'Task 423 for user 1', 'Description for task 423', '2025-10-16', 3, TRUE, 1, 101, 'lote-1') ON CONFLICT(id) DO NOTHING;
INSERT INTO fracttaldb.tarea_etiquetas (tarea_id, etiqueta_id) VALUES (722, 306) ON CONFLICT (tarea_id, etiqueta_id) DO NOTHING;
INSERT INTO fracttaldb.tareas (id, titulo, descripcion, fecha_vencimiento, prioridad, completada, usuario_id, categoria_id, lote) VALUES (723, 'Task 424 for user 1', 'Description for task 424', '2025-11-7', 3, TRUE, 1, 103, 'lote-1') ON CONFLICT(id) DO NOTHING;
INSERT INTO fracttaldb.tarea_etiquetas (tarea_id, etiqueta_id) VALUES (723, 305) ON CONFLICT (tarea_id, etiqueta_id) DO NOTHING;
INSERT INTO fracttaldb.tarea_etiquetas (tarea_id, etiqueta_id) VALUES (723, 302) ON CONFLICT (tarea_id, etiqueta_id) DO NOTHING;
INSERT INTO fracttaldb.tareas (id, titulo, descripcion, fecha_vencimiento, prioridad, completada, usuario_id, categoria_id, lote) VALUES (724, 'Task 425 for user 1', 'Description for task 425', '2025-12-10', 3, FALSE, 1, 103, 'lote-1') ON CONFLICT(id) DO NOTHING;
INSERT INTO fracttaldb.tarea_etiquetas (tarea_id, etiqueta_id) VALUES (724, 303) ON CONFLICT (tarea_id, etiqueta_id) DO NOTHING;
INSERT INTO fracttaldb.tareas (id, titulo, descripcion, fecha_vencimiento, prioridad, completada, usuario_id, categoria_id, lote) VALUES (725, 'Task 426 for user 1', 'Description for task 426', '2025-10-21', 3, FALSE, 1, 105, 'lote-1') ON CONFLICT(id) DO NOTHING;
INSERT INTO fracttaldb.tarea_etiquetas (tarea_id, etiqueta_id) VALUES (725, 309) ON CONFLICT (tarea_id, etiqueta_id) DO NOTHING;
INSERT INTO fracttaldb.tarea_etiquetas (tarea_id, etiqueta_id) VALUES (725, 304) ON CONFLICT (tarea_id, etiqueta_id) DO NOTHING;
INSERT INTO fracttaldb.tareas (id, titulo, descripcion, fecha_vencimiento, prioridad, completada, usuario_id, categoria_id, lote) VALUES (726, 'Task 427 for user 1', 'Description for task 427', '2025-10-23', 1, FALSE, 1, 106, 'lote-1') ON CONFLICT(id) DO NOTHING;
INSERT INTO fracttaldb.tarea_etiquetas (tarea_id, etiqueta_id) VALUES (726, 305) ON CONFLICT (tarea_id, etiqueta_id) DO NOTHING;
INSERT INTO fracttaldb.tareas (id, titulo, descripcion, fecha_vencimiento, prioridad, completada, usuario_id, categoria_id, lote) VALUES (727, 'Task 428 for user 1', 'Description for task 428', '2025-11-28', 1, TRUE, 1, 103, 'lote-1') ON CONFLICT(id) DO NOTHING;
INSERT INTO fracttaldb.tarea_etiquetas (tarea_id, etiqueta_id) VALUES (727, 301) ON CONFLICT (tarea_id, etiqueta_id) DO NOTHING;
INSERT INTO fracttaldb.tareas (id, titulo, descripcion, fecha_vencimiento, prioridad, completada, usuario_id, categoria_id, lote) VALUES (728, 'Task 429 for user 1', 'Description for task 429', '2025-12-3', 3, TRUE, 1, 102, 'lote-1') ON CONFLICT(id) DO NOTHING;
INSERT INTO fracttaldb.tarea_etiquetas (tarea_id, etiqueta_id) VALUES (728, 305) ON CONFLICT (tarea_id, etiqueta_id) DO NOTHING;
INSERT INTO fracttaldb.tareas (id, titulo, descripcion, fecha_vencimiento, prioridad, completada, usuario_id, categoria_id, lote) VALUES (729, 'Task 430 for user 1', 'Description for task 430', '2025-10-27', 3, TRUE, 1, 103, 'lote-1') ON CONFLICT(id) DO NOTHING;
INSERT INTO fracttaldb.tarea_etiquetas (tarea_id, etiqueta_id) VALUES (729, 306) ON CONFLICT (tarea_id, etiqueta_id) DO NOTHING;
INSERT INTO fracttaldb.tarea_etiquetas (tarea_id, etiqueta_id) VALUES (729, 301) ON CONFLICT (tarea_id, etiqueta_id) DO NOTHING;
INSERT INTO fracttaldb.tareas (id, titulo, descripcion, fecha_vencimiento, prioridad, completada, usuario_id, categoria_id, lote) VALUES (730, 'Task 431 for user 1', 'Description for task 431', '2025-11-27', 2, FALSE, 1, 105, 'lote-1') ON CONFLICT(id) DO NOTHING;
INSERT INTO fracttaldb.tarea_etiquetas (tarea_id, etiqueta_id) VALUES (730, 302) ON CONFLICT (tarea_id, etiqueta_id) DO NOTHING;
INSERT INTO fracttaldb.tarea_etiquetas (tarea_id, etiqueta_id) VALUES (730, 307) ON CONFLICT (tarea_id, etiqueta_id) DO NOTHING;
INSERT INTO fracttaldb.tarea_etiquetas (tarea_id, etiqueta_id) VALUES (730, 301) ON CONFLICT (tarea_id, etiqueta_id) DO NOTHING;
INSERT INTO fracttaldb.tareas (id, titulo, descripcion, fecha_vencimiento, prioridad, completada, usuario_id, categoria_id, lote) VALUES (731, 'Task 432 for user 1', 'Description for task 432', '2025-10-24', 1, TRUE, 1, 105, 'lote-1') ON CONFLICT(id) DO NOTHING;
INSERT INTO fracttaldb.tarea_etiquetas (tarea_id, etiqueta_id) VALUES (731, 306) ON CONFLICT (tarea_id, etiqueta_id) DO NOTHING;
INSERT INTO fracttaldb.tarea_etiquetas (tarea_id, etiqueta_id) VALUES (731, 305) ON CONFLICT (tarea_id, etiqueta_id) DO NOTHING;
INSERT INTO fracttaldb.tarea_etiquetas (tarea_id, etiqueta_id) VALUES (731, 309) ON CONFLICT (tarea_id, etiqueta_id) DO NOTHING;
INSERT INTO fracttaldb.tareas (id, titulo, descripcion, fecha_vencimiento, prioridad, completada, usuario_id, categoria_id, lote) VALUES (732, 'Task 433 for user 1', 'Description for task 433', '2025-11-14', 1, TRUE, 1, 107, 'lote-1') ON CONFLICT(id) DO NOTHING;
INSERT INTO fracttaldb.tarea_etiquetas (tarea_id, etiqueta_id) VALUES (732, 304) ON CONFLICT (tarea_id, etiqueta_id) DO NOTHING;
INSERT INTO fracttaldb.tarea_etiquetas (tarea_id, etiqueta_id) VALUES (732, 305) ON CONFLICT (tarea_id, etiqueta_id) DO NOTHING;
INSERT INTO fracttaldb.tarea_etiquetas (tarea_id, etiqueta_id) VALUES (732, 301) ON CONFLICT (tarea_id, etiqueta_id) DO NOTHING;
INSERT INTO fracttaldb.tareas (id, titulo, descripcion, fecha_vencimiento, prioridad, completada, usuario_id, categoria_id, lote) VALUES (733, 'Task 434 for user 1', 'Description for task 434', '2025-11-9', 1, FALSE, 1, 101, 'lote-1') ON CONFLICT(id) DO NOTHING;
INSERT INTO fracttaldb.tarea_etiquetas (tarea_id, etiqueta_id) VALUES (733, 304) ON CONFLICT (tarea_id, etiqueta_id) DO NOTHING;
INSERT INTO fracttaldb.tarea_etiquetas (tarea_id, etiqueta_id) VALUES (733, 306) ON CONFLICT (tarea_id, etiqueta_id) DO NOTHING;
INSERT INTO fracttaldb.tareas (id, titulo, descripcion, fecha_vencimiento, prioridad, completada, usuario_id, categoria_id, lote) VALUES (734, 'Task 435 for user 1', 'Description for task 435', '2025-12-26', 2, TRUE, 1, 102, 'lote-1') ON CONFLICT(id) DO NOTHING;
INSERT INTO fracttaldb.tarea_etiquetas (tarea_id, etiqueta_id) VALUES (734, 303) ON CONFLICT (tarea_id, etiqueta_id) DO NOTHING;
INSERT INTO fracttaldb.tarea_etiquetas (tarea_id, etiqueta_id) VALUES (734, 307) ON CONFLICT (tarea_id, etiqueta_id) DO NOTHING;
INSERT INTO fracttaldb.tarea_etiquetas (tarea_id, etiqueta_id) VALUES (734, 308) ON CONFLICT (tarea_id, etiqueta_id) DO NOTHING;
INSERT INTO fracttaldb.tareas (id, titulo, descripcion, fecha_vencimiento, prioridad, completada, usuario_id, categoria_id, lote) VALUES (735, 'Task 436 for user 1', 'Description for task 436', '2025-12-4', 2, FALSE, 1, 102, 'lote-1') ON CONFLICT(id) DO NOTHING;
INSERT INTO fracttaldb.tarea_etiquetas (tarea_id, etiqueta_id) VALUES (735, 301) ON CONFLICT (tarea_id, etiqueta_id) DO NOTHING;
INSERT INTO fracttaldb.tarea_etiquetas (tarea_id, etiqueta_id) VALUES (735, 303) ON CONFLICT (tarea_id, etiqueta_id) DO NOTHING;
INSERT INTO fracttaldb.tarea_etiquetas (tarea_id, etiqueta_id) VALUES (735, 304) ON CONFLICT (tarea_id, etiqueta_id) DO NOTHING;
INSERT INTO fracttaldb.tareas (id, titulo, descripcion, fecha_vencimiento, prioridad, completada, usuario_id, categoria_id, lote) VALUES (736, 'Task 437 for user 1', 'Description for task 437', '2025-12-17', 3, TRUE, 1, 103, 'lote-1') ON CONFLICT(id) DO NOTHING;
INSERT INTO fracttaldb.tarea_etiquetas (tarea_id, etiqueta_id) VALUES (736, 303) ON CONFLICT (tarea_id, etiqueta_id) DO NOTHING;
INSERT INTO fracttaldb.tareas (id, titulo, descripcion, fecha_vencimiento, prioridad, completada, usuario_id, categoria_id, lote) VALUES (737, 'Task 438 for user 1', 'Description for task 438', '2025-11-4', 2, TRUE, 1, 105, 'lote-1') ON CONFLICT(id) DO NOTHING;
INSERT INTO fracttaldb.tarea_etiquetas (tarea_id, etiqueta_id) VALUES (737, 302) ON CONFLICT (tarea_id, etiqueta_id) DO NOTHING;
INSERT INTO fracttaldb.tarea_etiquetas (tarea_id, etiqueta_id) VALUES (737, 303) ON CONFLICT (tarea_id, etiqueta_id) DO NOTHING;
INSERT INTO fracttaldb.tareas (id, titulo, descripcion, fecha_vencimiento, prioridad, completada, usuario_id, categoria_id, lote) VALUES (738, 'Task 439 for user 1', 'Description for task 439', '2025-12-1', 2, FALSE, 1, 101, 'lote-1') ON CONFLICT(id) DO NOTHING;
INSERT INTO fracttaldb.tarea_etiquetas (tarea_id, etiqueta_id) VALUES (738, 302) ON CONFLICT (tarea_id, etiqueta_id) DO NOTHING;
INSERT INTO fracttaldb.tareas (id, titulo, descripcion, fecha_vencimiento, prioridad, completada, usuario_id, categoria_id, lote) VALUES (739, 'Task 440 for user 1', 'Description for task 440', '2025-12-26', 3, TRUE, 1, 103, 'lote-1') ON CONFLICT(id) DO NOTHING;
INSERT INTO fracttaldb.tarea_etiquetas (tarea_id, etiqueta_id) VALUES (739, 301) ON CONFLICT (tarea_id, etiqueta_id) DO NOTHING;
INSERT INTO fracttaldb.tarea_etiquetas (tarea_id, etiqueta_id) VALUES (739, 306) ON CONFLICT (tarea_id, etiqueta_id) DO NOTHING;
INSERT INTO fracttaldb.tareas (id, titulo, descripcion, fecha_vencimiento, prioridad, completada, usuario_id, categoria_id, lote) VALUES (740, 'Task 441 for user 1', 'Description for task 441', '2025-12-23', 1, TRUE, 1, 106, 'lote-1') ON CONFLICT(id) DO NOTHING;
INSERT INTO fracttaldb.tarea_etiquetas (tarea_id, etiqueta_id) VALUES (740, 306) ON CONFLICT (tarea_id, etiqueta_id) DO NOTHING;
INSERT INTO fracttaldb.tarea_etiquetas (tarea_id, etiqueta_id) VALUES (740, 304) ON CONFLICT (tarea_id, etiqueta_id) DO NOTHING;
INSERT INTO fracttaldb.tareas (id, titulo, descripcion, fecha_vencimiento, prioridad, completada, usuario_id, categoria_id, lote) VALUES (741, 'Task 442 for user 1', 'Description for task 442', '2025-11-20', 1, FALSE, 1, 104, 'lote-1') ON CONFLICT(id) DO NOTHING;
INSERT INTO fracttaldb.tarea_etiquetas (tarea_id, etiqueta_id) VALUES (741, 304) ON CONFLICT (tarea_id, etiqueta_id) DO NOTHING;
INSERT INTO fracttaldb.tarea_etiquetas (tarea_id, etiqueta_id) VALUES (741, 306) ON CONFLICT (tarea_id, etiqueta_id) DO NOTHING;
INSERT INTO fracttaldb.tarea_etiquetas (tarea_id, etiqueta_id) VALUES (741, 303) ON CONFLICT (tarea_id, etiqueta_id) DO NOTHING;
INSERT INTO fracttaldb.tareas (id, titulo, descripcion, fecha_vencimiento, prioridad, completada, usuario_id, categoria_id, lote) VALUES (742, 'Task 443 for user 1', 'Description for task 443', '2025-12-5', 1, FALSE, 1, 104, 'lote-1') ON CONFLICT(id) DO NOTHING;
INSERT INTO fracttaldb.tarea_etiquetas (tarea_id, etiqueta_id) VALUES (742, 301) ON CONFLICT (tarea_id, etiqueta_id) DO NOTHING;
INSERT INTO fracttaldb.tareas (id, titulo, descripcion, fecha_vencimiento, prioridad, completada, usuario_id, categoria_id, lote) VALUES (743, 'Task 444 for user 1', 'Description for task 444', '2025-10-28', 1, TRUE, 1, 104, 'lote-1') ON CONFLICT(id) DO NOTHING;
INSERT INTO fracttaldb.tarea_etiquetas (tarea_id, etiqueta_id) VALUES (743, 304) ON CONFLICT (tarea_id, etiqueta_id) DO NOTHING;
INSERT INTO fracttaldb.tarea_etiquetas (tarea_id, etiqueta_id) VALUES (743, 301) ON CONFLICT (tarea_id, etiqueta_id) DO NOTHING;
INSERT INTO fracttaldb.tareas (id, titulo, descripcion, fecha_vencimiento, prioridad, completada, usuario_id, categoria_id, lote) VALUES (744, 'Task 445 for user 1', 'Description for task 445', '2025-10-6', 1, TRUE, 1, 101, 'lote-1') ON CONFLICT(id) DO NOTHING;
INSERT INTO fracttaldb.tarea_etiquetas (tarea_id, etiqueta_id) VALUES (744, 302) ON CONFLICT (tarea_id, etiqueta_id) DO NOTHING;
INSERT INTO fracttaldb.tarea_etiquetas (tarea_id, etiqueta_id) VALUES (744, 301) ON CONFLICT (tarea_id, etiqueta_id) DO NOTHING;
INSERT INTO fracttaldb.tareas (id, titulo, descripcion, fecha_vencimiento, prioridad, completada, usuario_id, categoria_id, lote) VALUES (745, 'Task 446 for user 1', 'Description for task 446', '2025-12-3', 3, TRUE, 1, 103, 'lote-1') ON CONFLICT(id) DO NOTHING;
INSERT INTO fracttaldb.tarea_etiquetas (tarea_id, etiqueta_id) VALUES (745, 308) ON CONFLICT (tarea_id, etiqueta_id) DO NOTHING;
INSERT INTO fracttaldb.tarea_etiquetas (tarea_id, etiqueta_id) VALUES (745, 301) ON CONFLICT (tarea_id, etiqueta_id) DO NOTHING;
INSERT INTO fracttaldb.tarea_etiquetas (tarea_id, etiqueta_id) VALUES (745, 303) ON CONFLICT (tarea_id, etiqueta_id) DO NOTHING;
INSERT INTO fracttaldb.tareas (id, titulo, descripcion, fecha_vencimiento, prioridad, completada, usuario_id, categoria_id, lote) VALUES (746, 'Task 447 for user 1', 'Description for task 447', '2025-12-15', 2, TRUE, 1, 105, 'lote-1') ON CONFLICT(id) DO NOTHING;
INSERT INTO fracttaldb.tarea_etiquetas (tarea_id, etiqueta_id) VALUES (746, 302) ON CONFLICT (tarea_id, etiqueta_id) DO NOTHING;
INSERT INTO fracttaldb.tareas (id, titulo, descripcion, fecha_vencimiento, prioridad, completada, usuario_id, categoria_id, lote) VALUES (747, 'Task 448 for user 1', 'Description for task 448', '2025-12-20', 2, TRUE, 1, 101, 'lote-1') ON CONFLICT(id) DO NOTHING;
INSERT INTO fracttaldb.tarea_etiquetas (tarea_id, etiqueta_id) VALUES (747, 301) ON CONFLICT (tarea_id, etiqueta_id) DO NOTHING;
INSERT INTO fracttaldb.tarea_etiquetas (tarea_id, etiqueta_id) VALUES (747, 309) ON CONFLICT (tarea_id, etiqueta_id) DO NOTHING;
INSERT INTO fracttaldb.tareas (id, titulo, descripcion, fecha_vencimiento, prioridad, completada, usuario_id, categoria_id, lote) VALUES (748, 'Task 449 for user 1', 'Description for task 449', '2025-12-11', 1, TRUE, 1, 107, 'lote-1') ON CONFLICT(id) DO NOTHING;
INSERT INTO fracttaldb.tarea_etiquetas (tarea_id, etiqueta_id) VALUES (748, 305) ON CONFLICT (tarea_id, etiqueta_id) DO NOTHING;
INSERT INTO fracttaldb.tarea_etiquetas (tarea_id, etiqueta_id) VALUES (748, 304) ON CONFLICT (tarea_id, etiqueta_id) DO NOTHING;
INSERT INTO fracttaldb.tarea_etiquetas (tarea_id, etiqueta_id) VALUES (748, 307) ON CONFLICT (tarea_id, etiqueta_id) DO NOTHING;
INSERT INTO fracttaldb.tareas (id, titulo, descripcion, fecha_vencimiento, prioridad, completada, usuario_id, categoria_id, lote) VALUES (749, 'Task 450 for user 1', 'Description for task 450', '2025-11-2', 1, TRUE, 1, 101, 'lote-1') ON CONFLICT(id) DO NOTHING;
INSERT INTO fracttaldb.tarea_etiquetas (tarea_id, etiqueta_id) VALUES (749, 302) ON CONFLICT (tarea_id, etiqueta_id) DO NOTHING;
INSERT INTO fracttaldb.tarea_etiquetas (tarea_id, etiqueta_id) VALUES (749, 304) ON CONFLICT (tarea_id, etiqueta_id) DO NOTHING;
INSERT INTO fracttaldb.tarea_etiquetas (tarea_id, etiqueta_id) VALUES (749, 306) ON CONFLICT (tarea_id, etiqueta_id) DO NOTHING;
INSERT INTO fracttaldb.tareas (id, titulo, descripcion, fecha_vencimiento, prioridad, completada, usuario_id, categoria_id, lote) VALUES (750, 'Task 451 for user 1', 'Description for task 451', '2025-12-28', 2, FALSE, 1, 106, 'lote-1') ON CONFLICT(id) DO NOTHING;
INSERT INTO fracttaldb.tarea_etiquetas (tarea_id, etiqueta_id) VALUES (750, 302) ON CONFLICT (tarea_id, etiqueta_id) DO NOTHING;
INSERT INTO fracttaldb.tareas (id, titulo, descripcion, fecha_vencimiento, prioridad, completada, usuario_id, categoria_id, lote) VALUES (751, 'Task 452 for user 1', 'Description for task 452', '2025-12-5', 2, TRUE, 1, 102, 'lote-1') ON CONFLICT(id) DO NOTHING;
INSERT INTO fracttaldb.tarea_etiquetas (tarea_id, etiqueta_id) VALUES (751, 304) ON CONFLICT (tarea_id, etiqueta_id) DO NOTHING;
INSERT INTO fracttaldb.tarea_etiquetas (tarea_id, etiqueta_id) VALUES (751, 307) ON CONFLICT (tarea_id, etiqueta_id) DO NOTHING;
INSERT INTO fracttaldb.tareas (id, titulo, descripcion, fecha_vencimiento, prioridad, completada, usuario_id, categoria_id, lote) VALUES (752, 'Task 453 for user 1', 'Description for task 453', '2025-10-16', 3, FALSE, 1, 102, 'lote-1') ON CONFLICT(id) DO NOTHING;
INSERT INTO fracttaldb.tarea_etiquetas (tarea_id, etiqueta_id) VALUES (752, 303) ON CONFLICT (tarea_id, etiqueta_id) DO NOTHING;
INSERT INTO fracttaldb.tarea_etiquetas (tarea_id, etiqueta_id) VALUES (752, 301) ON CONFLICT (tarea_id, etiqueta_id) DO NOTHING;
INSERT INTO fracttaldb.tareas (id, titulo, descripcion, fecha_vencimiento, prioridad, completada, usuario_id, categoria_id, lote) VALUES (753, 'Task 454 for user 1', 'Description for task 454', '2025-12-26', 1, FALSE, 1, 104, 'lote-1') ON CONFLICT(id) DO NOTHING;
INSERT INTO fracttaldb.tarea_etiquetas (tarea_id, etiqueta_id) VALUES (753, 303) ON CONFLICT (tarea_id, etiqueta_id) DO NOTHING;
INSERT INTO fracttaldb.tarea_etiquetas (tarea_id, etiqueta_id) VALUES (753, 309) ON CONFLICT (tarea_id, etiqueta_id) DO NOTHING;
INSERT INTO fracttaldb.tarea_etiquetas (tarea_id, etiqueta_id) VALUES (753, 304) ON CONFLICT (tarea_id, etiqueta_id) DO NOTHING;
INSERT INTO fracttaldb.tareas (id, titulo, descripcion, fecha_vencimiento, prioridad, completada, usuario_id, categoria_id, lote) VALUES (754, 'Task 455 for user 1', 'Description for task 455', '2025-11-17', 2, TRUE, 1, 101, 'lote-1') ON CONFLICT(id) DO NOTHING;
INSERT INTO fracttaldb.tarea_etiquetas (tarea_id, etiqueta_id) VALUES (754, 306) ON CONFLICT (tarea_id, etiqueta_id) DO NOTHING;
INSERT INTO fracttaldb.tarea_etiquetas (tarea_id, etiqueta_id) VALUES (754, 307) ON CONFLICT (tarea_id, etiqueta_id) DO NOTHING;
INSERT INTO fracttaldb.tarea_etiquetas (tarea_id, etiqueta_id) VALUES (754, 304) ON CONFLICT (tarea_id, etiqueta_id) DO NOTHING;
INSERT INTO fracttaldb.tareas (id, titulo, descripcion, fecha_vencimiento, prioridad, completada, usuario_id, categoria_id, lote) VALUES (755, 'Task 456 for user 1', 'Description for task 456', '2025-12-6', 1, TRUE, 1, 102, 'lote-1') ON CONFLICT(id) DO NOTHING;
INSERT INTO fracttaldb.tarea_etiquetas (tarea_id, etiqueta_id) VALUES (755, 301) ON CONFLICT (tarea_id, etiqueta_id) DO NOTHING;
INSERT INTO fracttaldb.tareas (id, titulo, descripcion, fecha_vencimiento, prioridad, completada, usuario_id, categoria_id, lote) VALUES (756, 'Task 457 for user 1', 'Description for task 457', '2025-12-23', 3, TRUE, 1, 103, 'lote-1') ON CONFLICT(id) DO NOTHING;
INSERT INTO fracttaldb.tarea_etiquetas (tarea_id, etiqueta_id) VALUES (756, 302) ON CONFLICT (tarea_id, etiqueta_id) DO NOTHING;
INSERT INTO fracttaldb.tarea_etiquetas (tarea_id, etiqueta_id) VALUES (756, 308) ON CONFLICT (tarea_id, etiqueta_id) DO NOTHING;
INSERT INTO fracttaldb.tarea_etiquetas (tarea_id, etiqueta_id) VALUES (756, 305) ON CONFLICT (tarea_id, etiqueta_id) DO NOTHING;
INSERT INTO fracttaldb.tareas (id, titulo, descripcion, fecha_vencimiento, prioridad, completada, usuario_id, categoria_id, lote) VALUES (757, 'Task 458 for user 1', 'Description for task 458', '2025-11-19', 1, TRUE, 1, 102, 'lote-1') ON CONFLICT(id) DO NOTHING;
INSERT INTO fracttaldb.tarea_etiquetas (tarea_id, etiqueta_id) VALUES (757, 303) ON CONFLICT (tarea_id, etiqueta_id) DO NOTHING;
INSERT INTO fracttaldb.tarea_etiquetas (tarea_id, etiqueta_id) VALUES (757, 309) ON CONFLICT (tarea_id, etiqueta_id) DO NOTHING;
INSERT INTO fracttaldb.tarea_etiquetas (tarea_id, etiqueta_id) VALUES (757, 305) ON CONFLICT (tarea_id, etiqueta_id) DO NOTHING;
INSERT INTO fracttaldb.tareas (id, titulo, descripcion, fecha_vencimiento, prioridad, completada, usuario_id, categoria_id, lote) VALUES (758, 'Task 459 for user 1', 'Description for task 459', '2025-12-25', 1, TRUE, 1, 106, 'lote-1') ON CONFLICT(id) DO NOTHING;
INSERT INTO fracttaldb.tarea_etiquetas (tarea_id, etiqueta_id) VALUES (758, 303) ON CONFLICT (tarea_id, etiqueta_id) DO NOTHING;
INSERT INTO fracttaldb.tarea_etiquetas (tarea_id, etiqueta_id) VALUES (758, 307) ON CONFLICT (tarea_id, etiqueta_id) DO NOTHING;
INSERT INTO fracttaldb.tarea_etiquetas (tarea_id, etiqueta_id) VALUES (758, 306) ON CONFLICT (tarea_id, etiqueta_id) DO NOTHING;
INSERT INTO fracttaldb.tareas (id, titulo, descripcion, fecha_vencimiento, prioridad, completada, usuario_id, categoria_id, lote) VALUES (759, 'Task 460 for user 1', 'Description for task 460', '2025-11-10', 2, FALSE, 1, 105, 'lote-1') ON CONFLICT(id) DO NOTHING;
INSERT INTO fracttaldb.tarea_etiquetas (tarea_id, etiqueta_id) VALUES (759, 309) ON CONFLICT (tarea_id, etiqueta_id) DO NOTHING;
INSERT INTO fracttaldb.tareas (id, titulo, descripcion, fecha_vencimiento, prioridad, completada, usuario_id, categoria_id, lote) VALUES (760, 'Task 461 for user 1', 'Description for task 461', '2025-12-18', 2, TRUE, 1, 105, 'lote-1') ON CONFLICT(id) DO NOTHING;
INSERT INTO fracttaldb.tarea_etiquetas (tarea_id, etiqueta_id) VALUES (760, 304) ON CONFLICT (tarea_id, etiqueta_id) DO NOTHING;
INSERT INTO fracttaldb.tarea_etiquetas (tarea_id, etiqueta_id) VALUES (760, 308) ON CONFLICT (tarea_id, etiqueta_id) DO NOTHING;
INSERT INTO fracttaldb.tareas (id, titulo, descripcion, fecha_vencimiento, prioridad, completada, usuario_id, categoria_id, lote) VALUES (761, 'Task 462 for user 1', 'Description for task 462', '2025-12-22', 3, TRUE, 1, 101, 'lote-1') ON CONFLICT(id) DO NOTHING;
INSERT INTO fracttaldb.tarea_etiquetas (tarea_id, etiqueta_id) VALUES (761, 302) ON CONFLICT (tarea_id, etiqueta_id) DO NOTHING;
INSERT INTO fracttaldb.tarea_etiquetas (tarea_id, etiqueta_id) VALUES (761, 304) ON CONFLICT (tarea_id, etiqueta_id) DO NOTHING;
INSERT INTO fracttaldb.tareas (id, titulo, descripcion, fecha_vencimiento, prioridad, completada, usuario_id, categoria_id, lote) VALUES (762, 'Task 463 for user 1', 'Description for task 463', '2025-11-10', 3, TRUE, 1, 105, 'lote-1') ON CONFLICT(id) DO NOTHING;
INSERT INTO fracttaldb.tarea_etiquetas (tarea_id, etiqueta_id) VALUES (762, 309) ON CONFLICT (tarea_id, etiqueta_id) DO NOTHING;
INSERT INTO fracttaldb.tarea_etiquetas (tarea_id, etiqueta_id) VALUES (762, 307) ON CONFLICT (tarea_id, etiqueta_id) DO NOTHING;
INSERT INTO fracttaldb.tareas (id, titulo, descripcion, fecha_vencimiento, prioridad, completada, usuario_id, categoria_id, lote) VALUES (763, 'Task 464 for user 1', 'Description for task 464', '2025-12-23', 2, FALSE, 1, 106, 'lote-1') ON CONFLICT(id) DO NOTHING;
INSERT INTO fracttaldb.tarea_etiquetas (tarea_id, etiqueta_id) VALUES (763, 307) ON CONFLICT (tarea_id, etiqueta_id) DO NOTHING;
INSERT INTO fracttaldb.tarea_etiquetas (tarea_id, etiqueta_id) VALUES (763, 309) ON CONFLICT (tarea_id, etiqueta_id) DO NOTHING;
INSERT INTO fracttaldb.tareas (id, titulo, descripcion, fecha_vencimiento, prioridad, completada, usuario_id, categoria_id, lote) VALUES (764, 'Task 465 for user 1', 'Description for task 465', '2025-10-23', 3, TRUE, 1, 102, 'lote-1') ON CONFLICT(id) DO NOTHING;
INSERT INTO fracttaldb.tarea_etiquetas (tarea_id, etiqueta_id) VALUES (764, 303) ON CONFLICT (tarea_id, etiqueta_id) DO NOTHING;
INSERT INTO fracttaldb.tareas (id, titulo, descripcion, fecha_vencimiento, prioridad, completada, usuario_id, categoria_id, lote) VALUES (765, 'Task 466 for user 1', 'Description for task 466', '2025-11-24', 2, TRUE, 1, 102, 'lote-1') ON CONFLICT(id) DO NOTHING;
INSERT INTO fracttaldb.tarea_etiquetas (tarea_id, etiqueta_id) VALUES (765, 304) ON CONFLICT (tarea_id, etiqueta_id) DO NOTHING;
INSERT INTO fracttaldb.tarea_etiquetas (tarea_id, etiqueta_id) VALUES (765, 306) ON CONFLICT (tarea_id, etiqueta_id) DO NOTHING;
INSERT INTO fracttaldb.tareas (id, titulo, descripcion, fecha_vencimiento, prioridad, completada, usuario_id, categoria_id, lote) VALUES (766, 'Task 467 for user 1', 'Description for task 467', '2025-10-7', 1, FALSE, 1, 107, 'lote-1') ON CONFLICT(id) DO NOTHING;
INSERT INTO fracttaldb.tarea_etiquetas (tarea_id, etiqueta_id) VALUES (766, 309) ON CONFLICT (tarea_id, etiqueta_id) DO NOTHING;
INSERT INTO fracttaldb.tarea_etiquetas (tarea_id, etiqueta_id) VALUES (766, 304) ON CONFLICT (tarea_id, etiqueta_id) DO NOTHING;
INSERT INTO fracttaldb.tarea_etiquetas (tarea_id, etiqueta_id) VALUES (766, 301) ON CONFLICT (tarea_id, etiqueta_id) DO NOTHING;
INSERT INTO fracttaldb.tareas (id, titulo, descripcion, fecha_vencimiento, prioridad, completada, usuario_id, categoria_id, lote) VALUES (767, 'Task 468 for user 1', 'Description for task 468', '2025-11-18', 2, FALSE, 1, 106, 'lote-1') ON CONFLICT(id) DO NOTHING;
INSERT INTO fracttaldb.tarea_etiquetas (tarea_id, etiqueta_id) VALUES (767, 301) ON CONFLICT (tarea_id, etiqueta_id) DO NOTHING;
INSERT INTO fracttaldb.tarea_etiquetas (tarea_id, etiqueta_id) VALUES (767, 308) ON CONFLICT (tarea_id, etiqueta_id) DO NOTHING;
INSERT INTO fracttaldb.tareas (id, titulo, descripcion, fecha_vencimiento, prioridad, completada, usuario_id, categoria_id, lote) VALUES (768, 'Task 469 for user 1', 'Description for task 469', '2025-12-9', 1, FALSE, 1, 103, 'lote-1') ON CONFLICT(id) DO NOTHING;
INSERT INTO fracttaldb.tarea_etiquetas (tarea_id, etiqueta_id) VALUES (768, 301) ON CONFLICT (tarea_id, etiqueta_id) DO NOTHING;
INSERT INTO fracttaldb.tarea_etiquetas (tarea_id, etiqueta_id) VALUES (768, 305) ON CONFLICT (tarea_id, etiqueta_id) DO NOTHING;
INSERT INTO fracttaldb.tareas (id, titulo, descripcion, fecha_vencimiento, prioridad, completada, usuario_id, categoria_id, lote) VALUES (769, 'Task 470 for user 1', 'Description for task 470', '2025-11-12', 3, TRUE, 1, 106, 'lote-1') ON CONFLICT(id) DO NOTHING;
INSERT INTO fracttaldb.tarea_etiquetas (tarea_id, etiqueta_id) VALUES (769, 307) ON CONFLICT (tarea_id, etiqueta_id) DO NOTHING;
INSERT INTO fracttaldb.tareas (id, titulo, descripcion, fecha_vencimiento, prioridad, completada, usuario_id, categoria_id, lote) VALUES (770, 'Task 471 for user 1', 'Description for task 471', '2025-11-13', 3, FALSE, 1, 101, 'lote-1') ON CONFLICT(id) DO NOTHING;
INSERT INTO fracttaldb.tarea_etiquetas (tarea_id, etiqueta_id) VALUES (770, 308) ON CONFLICT (tarea_id, etiqueta_id) DO NOTHING;
INSERT INTO fracttaldb.tarea_etiquetas (tarea_id, etiqueta_id) VALUES (770, 302) ON CONFLICT (tarea_id, etiqueta_id) DO NOTHING;
INSERT INTO fracttaldb.tareas (id, titulo, descripcion, fecha_vencimiento, prioridad, completada, usuario_id, categoria_id, lote) VALUES (771, 'Task 472 for user 1', 'Description for task 472', '2025-10-1', 2, TRUE, 1, 101, 'lote-1') ON CONFLICT(id) DO NOTHING;
INSERT INTO fracttaldb.tarea_etiquetas (tarea_id, etiqueta_id) VALUES (771, 309) ON CONFLICT (tarea_id, etiqueta_id) DO NOTHING;
INSERT INTO fracttaldb.tarea_etiquetas (tarea_id, etiqueta_id) VALUES (771, 305) ON CONFLICT (tarea_id, etiqueta_id) DO NOTHING;
INSERT INTO fracttaldb.tarea_etiquetas (tarea_id, etiqueta_id) VALUES (771, 304) ON CONFLICT (tarea_id, etiqueta_id) DO NOTHING;
INSERT INTO fracttaldb.tareas (id, titulo, descripcion, fecha_vencimiento, prioridad, completada, usuario_id, categoria_id, lote) VALUES (772, 'Task 473 for user 1', 'Description for task 473', '2025-10-23', 1, FALSE, 1, 104, 'lote-1') ON CONFLICT(id) DO NOTHING;
INSERT INTO fracttaldb.tarea_etiquetas (tarea_id, etiqueta_id) VALUES (772, 305) ON CONFLICT (tarea_id, etiqueta_id) DO NOTHING;
INSERT INTO fracttaldb.tarea_etiquetas (tarea_id, etiqueta_id) VALUES (772, 302) ON CONFLICT (tarea_id, etiqueta_id) DO NOTHING;
INSERT INTO fracttaldb.tareas (id, titulo, descripcion, fecha_vencimiento, prioridad, completada, usuario_id, categoria_id, lote) VALUES (773, 'Task 474 for user 1', 'Description for task 474', '2025-11-11', 1, TRUE, 1, 101, 'lote-1') ON CONFLICT(id) DO NOTHING;
INSERT INTO fracttaldb.tarea_etiquetas (tarea_id, etiqueta_id) VALUES (773, 308) ON CONFLICT (tarea_id, etiqueta_id) DO NOTHING;
INSERT INTO fracttaldb.tarea_etiquetas (tarea_id, etiqueta_id) VALUES (773, 304) ON CONFLICT (tarea_id, etiqueta_id) DO NOTHING;
INSERT INTO fracttaldb.tareas (id, titulo, descripcion, fecha_vencimiento, prioridad, completada, usuario_id, categoria_id, lote) VALUES (774, 'Task 475 for user 1', 'Description for task 475', '2025-10-23', 3, TRUE, 1, 102, 'lote-1') ON CONFLICT(id) DO NOTHING;
INSERT INTO fracttaldb.tarea_etiquetas (tarea_id, etiqueta_id) VALUES (774, 305) ON CONFLICT (tarea_id, etiqueta_id) DO NOTHING;
INSERT INTO fracttaldb.tareas (id, titulo, descripcion, fecha_vencimiento, prioridad, completada, usuario_id, categoria_id, lote) VALUES (775, 'Task 476 for user 1', 'Description for task 476', '2025-12-19', 3, FALSE, 1, 105, 'lote-1') ON CONFLICT(id) DO NOTHING;
INSERT INTO fracttaldb.tarea_etiquetas (tarea_id, etiqueta_id) VALUES (775, 301) ON CONFLICT (tarea_id, etiqueta_id) DO NOTHING;
INSERT INTO fracttaldb.tarea_etiquetas (tarea_id, etiqueta_id) VALUES (775, 303) ON CONFLICT (tarea_id, etiqueta_id) DO NOTHING;
INSERT INTO fracttaldb.tarea_etiquetas (tarea_id, etiqueta_id) VALUES (775, 304) ON CONFLICT (tarea_id, etiqueta_id) DO NOTHING;
INSERT INTO fracttaldb.tareas (id, titulo, descripcion, fecha_vencimiento, prioridad, completada, usuario_id, categoria_id, lote) VALUES (776, 'Task 477 for user 1', 'Description for task 477', '2025-10-13', 3, FALSE, 1, 107, 'lote-1') ON CONFLICT(id) DO NOTHING;
INSERT INTO fracttaldb.tarea_etiquetas (tarea_id, etiqueta_id) VALUES (776, 301) ON CONFLICT (tarea_id, etiqueta_id) DO NOTHING;
INSERT INTO fracttaldb.tareas (id, titulo, descripcion, fecha_vencimiento, prioridad, completada, usuario_id, categoria_id, lote) VALUES (777, 'Task 478 for user 1', 'Description for task 478', '2025-10-10', 2, FALSE, 1, 107, 'lote-1') ON CONFLICT(id) DO NOTHING;
INSERT INTO fracttaldb.tarea_etiquetas (tarea_id, etiqueta_id) VALUES (777, 307) ON CONFLICT (tarea_id, etiqueta_id) DO NOTHING;
INSERT INTO fracttaldb.tareas (id, titulo, descripcion, fecha_vencimiento, prioridad, completada, usuario_id, categoria_id, lote) VALUES (778, 'Task 479 for user 1', 'Description for task 479', '2025-10-13', 2, TRUE, 1, 106, 'lote-1') ON CONFLICT(id) DO NOTHING;
INSERT INTO fracttaldb.tarea_etiquetas (tarea_id, etiqueta_id) VALUES (778, 301) ON CONFLICT (tarea_id, etiqueta_id) DO NOTHING;
INSERT INTO fracttaldb.tarea_etiquetas (tarea_id, etiqueta_id) VALUES (778, 304) ON CONFLICT (tarea_id, etiqueta_id) DO NOTHING;
INSERT INTO fracttaldb.tarea_etiquetas (tarea_id, etiqueta_id) VALUES (778, 303) ON CONFLICT (tarea_id, etiqueta_id) DO NOTHING;
INSERT INTO fracttaldb.tareas (id, titulo, descripcion, fecha_vencimiento, prioridad, completada, usuario_id, categoria_id, lote) VALUES (779, 'Task 480 for user 1', 'Description for task 480', '2025-10-18', 3, TRUE, 1, 106, 'lote-1') ON CONFLICT(id) DO NOTHING;
INSERT INTO fracttaldb.tarea_etiquetas (tarea_id, etiqueta_id) VALUES (779, 309) ON CONFLICT (tarea_id, etiqueta_id) DO NOTHING;
INSERT INTO fracttaldb.tareas (id, titulo, descripcion, fecha_vencimiento, prioridad, completada, usuario_id, categoria_id, lote) VALUES (780, 'Task 481 for user 1', 'Description for task 481', '2025-12-2', 1, TRUE, 1, 106, 'lote-1') ON CONFLICT(id) DO NOTHING;
INSERT INTO fracttaldb.tarea_etiquetas (tarea_id, etiqueta_id) VALUES (780, 301) ON CONFLICT (tarea_id, etiqueta_id) DO NOTHING;
INSERT INTO fracttaldb.tareas (id, titulo, descripcion, fecha_vencimiento, prioridad, completada, usuario_id, categoria_id, lote) VALUES (781, 'Task 482 for user 1', 'Description for task 482', '2025-10-25', 2, FALSE, 1, 105, 'lote-1') ON CONFLICT(id) DO NOTHING;
INSERT INTO fracttaldb.tarea_etiquetas (tarea_id, etiqueta_id) VALUES (781, 305) ON CONFLICT (tarea_id, etiqueta_id) DO NOTHING;
INSERT INTO fracttaldb.tarea_etiquetas (tarea_id, etiqueta_id) VALUES (781, 306) ON CONFLICT (tarea_id, etiqueta_id) DO NOTHING;
INSERT INTO fracttaldb.tareas (id, titulo, descripcion, fecha_vencimiento, prioridad, completada, usuario_id, categoria_id, lote) VALUES (782, 'Task 483 for user 1', 'Description for task 483', '2025-12-9', 3, TRUE, 1, 103, 'lote-1') ON CONFLICT(id) DO NOTHING;
INSERT INTO fracttaldb.tarea_etiquetas (tarea_id, etiqueta_id) VALUES (782, 309) ON CONFLICT (tarea_id, etiqueta_id) DO NOTHING;
INSERT INTO fracttaldb.tarea_etiquetas (tarea_id, etiqueta_id) VALUES (782, 308) ON CONFLICT (tarea_id, etiqueta_id) DO NOTHING;
INSERT INTO fracttaldb.tarea_etiquetas (tarea_id, etiqueta_id) VALUES (782, 301) ON CONFLICT (tarea_id, etiqueta_id) DO NOTHING;
INSERT INTO fracttaldb.tareas (id, titulo, descripcion, fecha_vencimiento, prioridad, completada, usuario_id, categoria_id, lote) VALUES (783, 'Task 484 for user 1', 'Description for task 484', '2025-10-8', 2, TRUE, 1, 106, 'lote-1') ON CONFLICT(id) DO NOTHING;
INSERT INTO fracttaldb.tarea_etiquetas (tarea_id, etiqueta_id) VALUES (783, 304) ON CONFLICT (tarea_id, etiqueta_id) DO NOTHING;
INSERT INTO fracttaldb.tareas (id, titulo, descripcion, fecha_vencimiento, prioridad, completada, usuario_id, categoria_id, lote) VALUES (784, 'Task 485 for user 1', 'Description for task 485', '2025-12-9', 2, TRUE, 1, 102, 'lote-1') ON CONFLICT(id) DO NOTHING;
INSERT INTO fracttaldb.tarea_etiquetas (tarea_id, etiqueta_id) VALUES (784, 306) ON CONFLICT (tarea_id, etiqueta_id) DO NOTHING;
INSERT INTO fracttaldb.tareas (id, titulo, descripcion, fecha_vencimiento, prioridad, completada, usuario_id, categoria_id, lote) VALUES (785, 'Task 486 for user 1', 'Description for task 486', '2025-11-17', 1, TRUE, 1, 107, 'lote-1') ON CONFLICT(id) DO NOTHING;
INSERT INTO fracttaldb.tarea_etiquetas (tarea_id, etiqueta_id) VALUES (785, 302) ON CONFLICT (tarea_id, etiqueta_id) DO NOTHING;
INSERT INTO fracttaldb.tarea_etiquetas (tarea_id, etiqueta_id) VALUES (785, 306) ON CONFLICT (tarea_id, etiqueta_id) DO NOTHING;
INSERT INTO fracttaldb.tareas (id, titulo, descripcion, fecha_vencimiento, prioridad, completada, usuario_id, categoria_id, lote) VALUES (786, 'Task 487 for user 1', 'Description for task 487', '2025-11-26', 3, TRUE, 1, 103, 'lote-1') ON CONFLICT(id) DO NOTHING;
INSERT INTO fracttaldb.tarea_etiquetas (tarea_id, etiqueta_id) VALUES (786, 305) ON CONFLICT (tarea_id, etiqueta_id) DO NOTHING;
INSERT INTO fracttaldb.tarea_etiquetas (tarea_id, etiqueta_id) VALUES (786, 306) ON CONFLICT (tarea_id, etiqueta_id) DO NOTHING;
INSERT INTO fracttaldb.tarea_etiquetas (tarea_id, etiqueta_id) VALUES (786, 308) ON CONFLICT (tarea_id, etiqueta_id) DO NOTHING;
INSERT INTO fracttaldb.tareas (id, titulo, descripcion, fecha_vencimiento, prioridad, completada, usuario_id, categoria_id, lote) VALUES (787, 'Task 488 for user 1', 'Description for task 488', '2025-12-8', 1, FALSE, 1, 105, 'lote-1') ON CONFLICT(id) DO NOTHING;
INSERT INTO fracttaldb.tarea_etiquetas (tarea_id, etiqueta_id) VALUES (787, 306) ON CONFLICT (tarea_id, etiqueta_id) DO NOTHING;
INSERT INTO fracttaldb.tarea_etiquetas (tarea_id, etiqueta_id) VALUES (787, 309) ON CONFLICT (tarea_id, etiqueta_id) DO NOTHING;
INSERT INTO fracttaldb.tarea_etiquetas (tarea_id, etiqueta_id) VALUES (787, 304) ON CONFLICT (tarea_id, etiqueta_id) DO NOTHING;
INSERT INTO fracttaldb.tareas (id, titulo, descripcion, fecha_vencimiento, prioridad, completada, usuario_id, categoria_id, lote) VALUES (788, 'Task 489 for user 1', 'Description for task 489', '2025-12-6', 3, TRUE, 1, 107, 'lote-1') ON CONFLICT(id) DO NOTHING;
INSERT INTO fracttaldb.tarea_etiquetas (tarea_id, etiqueta_id) VALUES (788, 304) ON CONFLICT (tarea_id, etiqueta_id) DO NOTHING;
INSERT INTO fracttaldb.tarea_etiquetas (tarea_id, etiqueta_id) VALUES (788, 302) ON CONFLICT (tarea_id, etiqueta_id) DO NOTHING;
INSERT INTO fracttaldb.tarea_etiquetas (tarea_id, etiqueta_id) VALUES (788, 303) ON CONFLICT (tarea_id, etiqueta_id) DO NOTHING;
INSERT INTO fracttaldb.tareas (id, titulo, descripcion, fecha_vencimiento, prioridad, completada, usuario_id, categoria_id, lote) VALUES (789, 'Task 490 for user 1', 'Description for task 490', '2025-10-28', 3, FALSE, 1, 103, 'lote-1') ON CONFLICT(id) DO NOTHING;
INSERT INTO fracttaldb.tarea_etiquetas (tarea_id, etiqueta_id) VALUES (789, 306) ON CONFLICT (tarea_id, etiqueta_id) DO NOTHING;
INSERT INTO fracttaldb.tarea_etiquetas (tarea_id, etiqueta_id) VALUES (789, 307) ON CONFLICT (tarea_id, etiqueta_id) DO NOTHING;
INSERT INTO fracttaldb.tareas (id, titulo, descripcion, fecha_vencimiento, prioridad, completada, usuario_id, categoria_id, lote) VALUES (790, 'Task 491 for user 1', 'Description for task 491', '2025-10-9', 1, TRUE, 1, 107, 'lote-1') ON CONFLICT(id) DO NOTHING;
INSERT INTO fracttaldb.tarea_etiquetas (tarea_id, etiqueta_id) VALUES (790, 306) ON CONFLICT (tarea_id, etiqueta_id) DO NOTHING;
INSERT INTO fracttaldb.tarea_etiquetas (tarea_id, etiqueta_id) VALUES (790, 305) ON CONFLICT (tarea_id, etiqueta_id) DO NOTHING;
INSERT INTO fracttaldb.tarea_etiquetas (tarea_id, etiqueta_id) VALUES (790, 302) ON CONFLICT (tarea_id, etiqueta_id) DO NOTHING;
INSERT INTO fracttaldb.tareas (id, titulo, descripcion, fecha_vencimiento, prioridad, completada, usuario_id, categoria_id, lote) VALUES (791, 'Task 492 for user 1', 'Description for task 492', '2025-12-24', 2, TRUE, 1, 107, 'lote-1') ON CONFLICT(id) DO NOTHING;
INSERT INTO fracttaldb.tarea_etiquetas (tarea_id, etiqueta_id) VALUES (791, 304) ON CONFLICT (tarea_id, etiqueta_id) DO NOTHING;
INSERT INTO fracttaldb.tareas (id, titulo, descripcion, fecha_vencimiento, prioridad, completada, usuario_id, categoria_id, lote) VALUES (792, 'Task 493 for user 1', 'Description for task 493', '2025-11-17', 2, FALSE, 1, 103, 'lote-1') ON CONFLICT(id) DO NOTHING;
INSERT INTO fracttaldb.tarea_etiquetas (tarea_id, etiqueta_id) VALUES (792, 306) ON CONFLICT (tarea_id, etiqueta_id) DO NOTHING;
INSERT INTO fracttaldb.tareas (id, titulo, descripcion, fecha_vencimiento, prioridad, completada, usuario_id, categoria_id, lote) VALUES (793, 'Task 494 for user 1', 'Description for task 494', '2025-11-8', 2, FALSE, 1, 105, 'lote-1') ON CONFLICT(id) DO NOTHING;
INSERT INTO fracttaldb.tarea_etiquetas (tarea_id, etiqueta_id) VALUES (793, 309) ON CONFLICT (tarea_id, etiqueta_id) DO NOTHING;
INSERT INTO fracttaldb.tareas (id, titulo, descripcion, fecha_vencimiento, prioridad, completada, usuario_id, categoria_id, lote) VALUES (794, 'Task 495 for user 1', 'Description for task 495', '2025-11-27', 3, FALSE, 1, 102, 'lote-1') ON CONFLICT(id) DO NOTHING;
INSERT INTO fracttaldb.tarea_etiquetas (tarea_id, etiqueta_id) VALUES (794, 308) ON CONFLICT (tarea_id, etiqueta_id) DO NOTHING;
INSERT INTO fracttaldb.tarea_etiquetas (tarea_id, etiqueta_id) VALUES (794, 309) ON CONFLICT (tarea_id, etiqueta_id) DO NOTHING;
INSERT INTO fracttaldb.tarea_etiquetas (tarea_id, etiqueta_id) VALUES (794, 301) ON CONFLICT (tarea_id, etiqueta_id) DO NOTHING;
INSERT INTO fracttaldb.tareas (id, titulo, descripcion, fecha_vencimiento, prioridad, completada, usuario_id, categoria_id, lote) VALUES (795, 'Task 496 for user 1', 'Description for task 496', '2025-10-20', 1, FALSE, 1, 102, 'lote-1') ON CONFLICT(id) DO NOTHING;
INSERT INTO fracttaldb.tarea_etiquetas (tarea_id, etiqueta_id) VALUES (795, 306) ON CONFLICT (tarea_id, etiqueta_id) DO NOTHING;
INSERT INTO fracttaldb.tarea_etiquetas (tarea_id, etiqueta_id) VALUES (795, 301) ON CONFLICT (tarea_id, etiqueta_id) DO NOTHING;
INSERT INTO fracttaldb.tareas (id, titulo, descripcion, fecha_vencimiento, prioridad, completada, usuario_id, categoria_id, lote) VALUES (796, 'Task 497 for user 1', 'Description for task 497', '2025-10-20', 2, FALSE, 1, 107, 'lote-1') ON CONFLICT(id) DO NOTHING;
INSERT INTO fracttaldb.tarea_etiquetas (tarea_id, etiqueta_id) VALUES (796, 306) ON CONFLICT (tarea_id, etiqueta_id) DO NOTHING;
INSERT INTO fracttaldb.tareas (id, titulo, descripcion, fecha_vencimiento, prioridad, completada, usuario_id, categoria_id, lote) VALUES (797, 'Task 498 for user 1', 'Description for task 498', '2025-10-14', 3, FALSE, 1, 102, 'lote-1') ON CONFLICT(id) DO NOTHING;
INSERT INTO fracttaldb.tarea_etiquetas (tarea_id, etiqueta_id) VALUES (797, 306) ON CONFLICT (tarea_id, etiqueta_id) DO NOTHING;
INSERT INTO fracttaldb.tareas (id, titulo, descripcion, fecha_vencimiento, prioridad, completada, usuario_id, categoria_id, lote) VALUES (798, 'Task 499 for user 1', 'Description for task 499', '2025-11-18', 2, FALSE, 1, 107, 'lote-1') ON CONFLICT(id) DO NOTHING;
INSERT INTO fracttaldb.tarea_etiquetas (tarea_id, etiqueta_id) VALUES (798, 307) ON CONFLICT (tarea_id, etiqueta_id) DO NOTHING;
INSERT INTO fracttaldb.tarea_etiquetas (tarea_id, etiqueta_id) VALUES (798, 309) ON CONFLICT (tarea_id, etiqueta_id) DO NOTHING;
INSERT INTO fracttaldb.tarea_etiquetas (tarea_id, etiqueta_id) VALUES (798, 306) ON CONFLICT (tarea_id, etiqueta_id) DO NOTHING;
INSERT INTO fracttaldb.tareas (id, titulo, descripcion, fecha_vencimiento, prioridad, completada, usuario_id, categoria_id, lote) VALUES (799, 'Task 500 for user 1', 'Description for task 500', '2025-11-19', 3, TRUE, 1, 107, 'lote-1') ON CONFLICT(id) DO NOTHING;
INSERT INTO fracttaldb.tarea_etiquetas (tarea_id, etiqueta_id) VALUES (799, 309) ON CONFLICT (tarea_id, etiqueta_id) DO NOTHING;
INSERT INTO fracttaldb.tareas (id, titulo, descripcion, fecha_vencimiento, prioridad, completada, usuario_id, categoria_id, lote) VALUES (800, 'Task 501 for user 1', 'Description for task 501', '2025-12-6', 1, TRUE, 1, 106, 'lote-2') ON CONFLICT(id) DO NOTHING;
INSERT INTO fracttaldb.tarea_etiquetas (tarea_id, etiqueta_id) VALUES (800, 305) ON CONFLICT (tarea_id, etiqueta_id) DO NOTHING;
INSERT INTO fracttaldb.tarea_etiquetas (tarea_id, etiqueta_id) VALUES (800, 302) ON CONFLICT (tarea_id, etiqueta_id) DO NOTHING;
INSERT INTO fracttaldb.tarea_etiquetas (tarea_id, etiqueta_id) VALUES (800, 301) ON CONFLICT (tarea_id, etiqueta_id) DO NOTHING;
INSERT INTO fracttaldb.tareas (id, titulo, descripcion, fecha_vencimiento, prioridad, completada, usuario_id, categoria_id, lote) VALUES (801, 'Task 502 for user 1', 'Description for task 502', '2025-12-27', 3, TRUE, 1, 104, 'lote-2') ON CONFLICT(id) DO NOTHING;
INSERT INTO fracttaldb.tarea_etiquetas (tarea_id, etiqueta_id) VALUES (801, 309) ON CONFLICT (tarea_id, etiqueta_id) DO NOTHING;
INSERT INTO fracttaldb.tareas (id, titulo, descripcion, fecha_vencimiento, prioridad, completada, usuario_id, categoria_id, lote) VALUES (802, 'Task 503 for user 1', 'Description for task 503', '2025-11-4', 2, FALSE, 1, 101, 'lote-2') ON CONFLICT(id) DO NOTHING;
INSERT INTO fracttaldb.tarea_etiquetas (tarea_id, etiqueta_id) VALUES (802, 306) ON CONFLICT (tarea_id, etiqueta_id) DO NOTHING;
INSERT INTO fracttaldb.tarea_etiquetas (tarea_id, etiqueta_id) VALUES (802, 308) ON CONFLICT (tarea_id, etiqueta_id) DO NOTHING;
INSERT INTO fracttaldb.tarea_etiquetas (tarea_id, etiqueta_id) VALUES (802, 303) ON CONFLICT (tarea_id, etiqueta_id) DO NOTHING;
INSERT INTO fracttaldb.tareas (id, titulo, descripcion, fecha_vencimiento, prioridad, completada, usuario_id, categoria_id, lote) VALUES (803, 'Task 504 for user 1', 'Description for task 504', '2025-11-8', 1, FALSE, 1, 102, 'lote-2') ON CONFLICT(id) DO NOTHING;
INSERT INTO fracttaldb.tarea_etiquetas (tarea_id, etiqueta_id) VALUES (803, 304) ON CONFLICT (tarea_id, etiqueta_id) DO NOTHING;
INSERT INTO fracttaldb.tareas (id, titulo, descripcion, fecha_vencimiento, prioridad, completada, usuario_id, categoria_id, lote) VALUES (804, 'Task 505 for user 1', 'Description for task 505', '2025-11-24', 3, FALSE, 1, 103, 'lote-2') ON CONFLICT(id) DO NOTHING;
INSERT INTO fracttaldb.tarea_etiquetas (tarea_id, etiqueta_id) VALUES (804, 304) ON CONFLICT (tarea_id, etiqueta_id) DO NOTHING;
INSERT INTO fracttaldb.tareas (id, titulo, descripcion, fecha_vencimiento, prioridad, completada, usuario_id, categoria_id, lote) VALUES (805, 'Task 506 for user 1', 'Description for task 506', '2025-11-27', 3, TRUE, 1, 103, 'lote-2') ON CONFLICT(id) DO NOTHING;
INSERT INTO fracttaldb.tarea_etiquetas (tarea_id, etiqueta_id) VALUES (805, 301) ON CONFLICT (tarea_id, etiqueta_id) DO NOTHING;
INSERT INTO fracttaldb.tareas (id, titulo, descripcion, fecha_vencimiento, prioridad, completada, usuario_id, categoria_id, lote) VALUES (806, 'Task 507 for user 1', 'Description for task 507', '2025-11-10', 2, TRUE, 1, 102, 'lote-2') ON CONFLICT(id) DO NOTHING;
INSERT INTO fracttaldb.tarea_etiquetas (tarea_id, etiqueta_id) VALUES (806, 307) ON CONFLICT (tarea_id, etiqueta_id) DO NOTHING;
INSERT INTO fracttaldb.tareas (id, titulo, descripcion, fecha_vencimiento, prioridad, completada, usuario_id, categoria_id, lote) VALUES (807, 'Task 508 for user 1', 'Description for task 508', '2025-11-25', 2, TRUE, 1, 104, 'lote-2') ON CONFLICT(id) DO NOTHING;
INSERT INTO fracttaldb.tarea_etiquetas (tarea_id, etiqueta_id) VALUES (807, 306) ON CONFLICT (tarea_id, etiqueta_id) DO NOTHING;
INSERT INTO fracttaldb.tarea_etiquetas (tarea_id, etiqueta_id) VALUES (807, 303) ON CONFLICT (tarea_id, etiqueta_id) DO NOTHING;
INSERT INTO fracttaldb.tareas (id, titulo, descripcion, fecha_vencimiento, prioridad, completada, usuario_id, categoria_id, lote) VALUES (808, 'Task 509 for user 1', 'Description for task 509', '2025-11-17', 1, FALSE, 1, 105, 'lote-2') ON CONFLICT(id) DO NOTHING;
INSERT INTO fracttaldb.tarea_etiquetas (tarea_id, etiqueta_id) VALUES (808, 301) ON CONFLICT (tarea_id, etiqueta_id) DO NOTHING;
INSERT INTO fracttaldb.tarea_etiquetas (tarea_id, etiqueta_id) VALUES (808, 305) ON CONFLICT (tarea_id, etiqueta_id) DO NOTHING;
INSERT INTO fracttaldb.tareas (id, titulo, descripcion, fecha_vencimiento, prioridad, completada, usuario_id, categoria_id, lote) VALUES (809, 'Task 510 for user 1', 'Description for task 510', '2025-10-26', 3, FALSE, 1, 104, 'lote-2') ON CONFLICT(id) DO NOTHING;
INSERT INTO fracttaldb.tarea_etiquetas (tarea_id, etiqueta_id) VALUES (809, 304) ON CONFLICT (tarea_id, etiqueta_id) DO NOTHING;
INSERT INTO fracttaldb.tareas (id, titulo, descripcion, fecha_vencimiento, prioridad, completada, usuario_id, categoria_id, lote) VALUES (810, 'Task 511 for user 1', 'Description for task 511', '2025-12-13', 3, TRUE, 1, 104, 'lote-2') ON CONFLICT(id) DO NOTHING;
INSERT INTO fracttaldb.tarea_etiquetas (tarea_id, etiqueta_id) VALUES (810, 308) ON CONFLICT (tarea_id, etiqueta_id) DO NOTHING;
INSERT INTO fracttaldb.tarea_etiquetas (tarea_id, etiqueta_id) VALUES (810, 305) ON CONFLICT (tarea_id, etiqueta_id) DO NOTHING;
INSERT INTO fracttaldb.tarea_etiquetas (tarea_id, etiqueta_id) VALUES (810, 303) ON CONFLICT (tarea_id, etiqueta_id) DO NOTHING;
INSERT INTO fracttaldb.tareas (id, titulo, descripcion, fecha_vencimiento, prioridad, completada, usuario_id, categoria_id, lote) VALUES (811, 'Task 512 for user 1', 'Description for task 512', '2025-11-4', 2, TRUE, 1, 106, 'lote-2') ON CONFLICT(id) DO NOTHING;
INSERT INTO fracttaldb.tarea_etiquetas (tarea_id, etiqueta_id) VALUES (811, 301) ON CONFLICT (tarea_id, etiqueta_id) DO NOTHING;
INSERT INTO fracttaldb.tareas (id, titulo, descripcion, fecha_vencimiento, prioridad, completada, usuario_id, categoria_id, lote) VALUES (812, 'Task 513 for user 1', 'Description for task 513', '2025-11-4', 1, FALSE, 1, 104, 'lote-2') ON CONFLICT(id) DO NOTHING;
INSERT INTO fracttaldb.tarea_etiquetas (tarea_id, etiqueta_id) VALUES (812, 305) ON CONFLICT (tarea_id, etiqueta_id) DO NOTHING;
INSERT INTO fracttaldb.tarea_etiquetas (tarea_id, etiqueta_id) VALUES (812, 307) ON CONFLICT (tarea_id, etiqueta_id) DO NOTHING;
INSERT INTO fracttaldb.tarea_etiquetas (tarea_id, etiqueta_id) VALUES (812, 301) ON CONFLICT (tarea_id, etiqueta_id) DO NOTHING;
INSERT INTO fracttaldb.tareas (id, titulo, descripcion, fecha_vencimiento, prioridad, completada, usuario_id, categoria_id, lote) VALUES (813, 'Task 514 for user 1', 'Description for task 514', '2025-10-22', 2, FALSE, 1, 104, 'lote-2') ON CONFLICT(id) DO NOTHING;
INSERT INTO fracttaldb.tarea_etiquetas (tarea_id, etiqueta_id) VALUES (813, 305) ON CONFLICT (tarea_id, etiqueta_id) DO NOTHING;
INSERT INTO fracttaldb.tarea_etiquetas (tarea_id, etiqueta_id) VALUES (813, 303) ON CONFLICT (tarea_id, etiqueta_id) DO NOTHING;
INSERT INTO fracttaldb.tarea_etiquetas (tarea_id, etiqueta_id) VALUES (813, 304) ON CONFLICT (tarea_id, etiqueta_id) DO NOTHING;
INSERT INTO fracttaldb.tareas (id, titulo, descripcion, fecha_vencimiento, prioridad, completada, usuario_id, categoria_id, lote) VALUES (814, 'Task 515 for user 1', 'Description for task 515', '2025-10-17', 1, FALSE, 1, 102, 'lote-2') ON CONFLICT(id) DO NOTHING;
INSERT INTO fracttaldb.tarea_etiquetas (tarea_id, etiqueta_id) VALUES (814, 301) ON CONFLICT (tarea_id, etiqueta_id) DO NOTHING;
INSERT INTO fracttaldb.tareas (id, titulo, descripcion, fecha_vencimiento, prioridad, completada, usuario_id, categoria_id, lote) VALUES (815, 'Task 516 for user 1', 'Description for task 516', '2025-11-1', 3, FALSE, 1, 105, 'lote-2') ON CONFLICT(id) DO NOTHING;
INSERT INTO fracttaldb.tarea_etiquetas (tarea_id, etiqueta_id) VALUES (815, 304) ON CONFLICT (tarea_id, etiqueta_id) DO NOTHING;
INSERT INTO fracttaldb.tarea_etiquetas (tarea_id, etiqueta_id) VALUES (815, 307) ON CONFLICT (tarea_id, etiqueta_id) DO NOTHING;
INSERT INTO fracttaldb.tareas (id, titulo, descripcion, fecha_vencimiento, prioridad, completada, usuario_id, categoria_id, lote) VALUES (816, 'Task 517 for user 1', 'Description for task 517', '2025-10-6', 2, TRUE, 1, 104, 'lote-2') ON CONFLICT(id) DO NOTHING;
INSERT INTO fracttaldb.tarea_etiquetas (tarea_id, etiqueta_id) VALUES (816, 306) ON CONFLICT (tarea_id, etiqueta_id) DO NOTHING;
INSERT INTO fracttaldb.tarea_etiquetas (tarea_id, etiqueta_id) VALUES (816, 303) ON CONFLICT (tarea_id, etiqueta_id) DO NOTHING;
INSERT INTO fracttaldb.tarea_etiquetas (tarea_id, etiqueta_id) VALUES (816, 308) ON CONFLICT (tarea_id, etiqueta_id) DO NOTHING;
INSERT INTO fracttaldb.tareas (id, titulo, descripcion, fecha_vencimiento, prioridad, completada, usuario_id, categoria_id, lote) VALUES (817, 'Task 518 for user 1', 'Description for task 518', '2025-10-6', 3, TRUE, 1, 106, 'lote-2') ON CONFLICT(id) DO NOTHING;
INSERT INTO fracttaldb.tarea_etiquetas (tarea_id, etiqueta_id) VALUES (817, 304) ON CONFLICT (tarea_id, etiqueta_id) DO NOTHING;
INSERT INTO fracttaldb.tareas (id, titulo, descripcion, fecha_vencimiento, prioridad, completada, usuario_id, categoria_id, lote) VALUES (818, 'Task 519 for user 1', 'Description for task 519', '2025-10-22', 1, TRUE, 1, 102, 'lote-2') ON CONFLICT(id) DO NOTHING;
INSERT INTO fracttaldb.tarea_etiquetas (tarea_id, etiqueta_id) VALUES (818, 302) ON CONFLICT (tarea_id, etiqueta_id) DO NOTHING;
INSERT INTO fracttaldb.tarea_etiquetas (tarea_id, etiqueta_id) VALUES (818, 305) ON CONFLICT (tarea_id, etiqueta_id) DO NOTHING;
INSERT INTO fracttaldb.tareas (id, titulo, descripcion, fecha_vencimiento, prioridad, completada, usuario_id, categoria_id, lote) VALUES (819, 'Task 520 for user 1', 'Description for task 520', '2025-10-13', 3, FALSE, 1, 101, 'lote-2') ON CONFLICT(id) DO NOTHING;
INSERT INTO fracttaldb.tarea_etiquetas (tarea_id, etiqueta_id) VALUES (819, 302) ON CONFLICT (tarea_id, etiqueta_id) DO NOTHING;
INSERT INTO fracttaldb.tarea_etiquetas (tarea_id, etiqueta_id) VALUES (819, 304) ON CONFLICT (tarea_id, etiqueta_id) DO NOTHING;
INSERT INTO fracttaldb.tareas (id, titulo, descripcion, fecha_vencimiento, prioridad, completada, usuario_id, categoria_id, lote) VALUES (820, 'Task 521 for user 1', 'Description for task 521', '2025-11-7', 2, FALSE, 1, 107, 'lote-2') ON CONFLICT(id) DO NOTHING;
INSERT INTO fracttaldb.tarea_etiquetas (tarea_id, etiqueta_id) VALUES (820, 305) ON CONFLICT (tarea_id, etiqueta_id) DO NOTHING;
INSERT INTO fracttaldb.tareas (id, titulo, descripcion, fecha_vencimiento, prioridad, completada, usuario_id, categoria_id, lote) VALUES (821, 'Task 522 for user 1', 'Description for task 522', '2025-10-24', 2, FALSE, 1, 107, 'lote-2') ON CONFLICT(id) DO NOTHING;
INSERT INTO fracttaldb.tarea_etiquetas (tarea_id, etiqueta_id) VALUES (821, 302) ON CONFLICT (tarea_id, etiqueta_id) DO NOTHING;
INSERT INTO fracttaldb.tarea_etiquetas (tarea_id, etiqueta_id) VALUES (821, 309) ON CONFLICT (tarea_id, etiqueta_id) DO NOTHING;
INSERT INTO fracttaldb.tareas (id, titulo, descripcion, fecha_vencimiento, prioridad, completada, usuario_id, categoria_id, lote) VALUES (822, 'Task 523 for user 1', 'Description for task 523', '2025-11-10', 3, FALSE, 1, 107, 'lote-2') ON CONFLICT(id) DO NOTHING;
INSERT INTO fracttaldb.tarea_etiquetas (tarea_id, etiqueta_id) VALUES (822, 306) ON CONFLICT (tarea_id, etiqueta_id) DO NOTHING;
INSERT INTO fracttaldb.tareas (id, titulo, descripcion, fecha_vencimiento, prioridad, completada, usuario_id, categoria_id, lote) VALUES (823, 'Task 524 for user 1', 'Description for task 524', '2025-12-23', 1, FALSE, 1, 105, 'lote-2') ON CONFLICT(id) DO NOTHING;
INSERT INTO fracttaldb.tarea_etiquetas (tarea_id, etiqueta_id) VALUES (823, 304) ON CONFLICT (tarea_id, etiqueta_id) DO NOTHING;
INSERT INTO fracttaldb.tarea_etiquetas (tarea_id, etiqueta_id) VALUES (823, 302) ON CONFLICT (tarea_id, etiqueta_id) DO NOTHING;
INSERT INTO fracttaldb.tareas (id, titulo, descripcion, fecha_vencimiento, prioridad, completada, usuario_id, categoria_id, lote) VALUES (824, 'Task 525 for user 1', 'Description for task 525', '2025-12-27', 1, TRUE, 1, 107, 'lote-2') ON CONFLICT(id) DO NOTHING;
INSERT INTO fracttaldb.tarea_etiquetas (tarea_id, etiqueta_id) VALUES (824, 302) ON CONFLICT (tarea_id, etiqueta_id) DO NOTHING;
INSERT INTO fracttaldb.tarea_etiquetas (tarea_id, etiqueta_id) VALUES (824, 307) ON CONFLICT (tarea_id, etiqueta_id) DO NOTHING;
INSERT INTO fracttaldb.tarea_etiquetas (tarea_id, etiqueta_id) VALUES (824, 309) ON CONFLICT (tarea_id, etiqueta_id) DO NOTHING;
INSERT INTO fracttaldb.tareas (id, titulo, descripcion, fecha_vencimiento, prioridad, completada, usuario_id, categoria_id, lote) VALUES (825, 'Task 526 for user 1', 'Description for task 526', '2025-10-25', 1, FALSE, 1, 101, 'lote-2') ON CONFLICT(id) DO NOTHING;
INSERT INTO fracttaldb.tarea_etiquetas (tarea_id, etiqueta_id) VALUES (825, 304) ON CONFLICT (tarea_id, etiqueta_id) DO NOTHING;
INSERT INTO fracttaldb.tarea_etiquetas (tarea_id, etiqueta_id) VALUES (825, 303) ON CONFLICT (tarea_id, etiqueta_id) DO NOTHING;
INSERT INTO fracttaldb.tarea_etiquetas (tarea_id, etiqueta_id) VALUES (825, 305) ON CONFLICT (tarea_id, etiqueta_id) DO NOTHING;
INSERT INTO fracttaldb.tareas (id, titulo, descripcion, fecha_vencimiento, prioridad, completada, usuario_id, categoria_id, lote) VALUES (826, 'Task 527 for user 1', 'Description for task 527', '2025-11-9', 3, TRUE, 1, 101, 'lote-2') ON CONFLICT(id) DO NOTHING;
INSERT INTO fracttaldb.tarea_etiquetas (tarea_id, etiqueta_id) VALUES (826, 306) ON CONFLICT (tarea_id, etiqueta_id) DO NOTHING;
INSERT INTO fracttaldb.tareas (id, titulo, descripcion, fecha_vencimiento, prioridad, completada, usuario_id, categoria_id, lote) VALUES (827, 'Task 528 for user 1', 'Description for task 528', '2025-10-10', 1, FALSE, 1, 106, 'lote-2') ON CONFLICT(id) DO NOTHING;
INSERT INTO fracttaldb.tarea_etiquetas (tarea_id, etiqueta_id) VALUES (827, 307) ON CONFLICT (tarea_id, etiqueta_id) DO NOTHING;
INSERT INTO fracttaldb.tarea_etiquetas (tarea_id, etiqueta_id) VALUES (827, 306) ON CONFLICT (tarea_id, etiqueta_id) DO NOTHING;
INSERT INTO fracttaldb.tareas (id, titulo, descripcion, fecha_vencimiento, prioridad, completada, usuario_id, categoria_id, lote) VALUES (828, 'Task 529 for user 1', 'Description for task 529', '2025-11-6', 3, FALSE, 1, 102, 'lote-2') ON CONFLICT(id) DO NOTHING;
INSERT INTO fracttaldb.tarea_etiquetas (tarea_id, etiqueta_id) VALUES (828, 308) ON CONFLICT (tarea_id, etiqueta_id) DO NOTHING;
INSERT INTO fracttaldb.tareas (id, titulo, descripcion, fecha_vencimiento, prioridad, completada, usuario_id, categoria_id, lote) VALUES (829, 'Task 530 for user 1', 'Description for task 530', '2025-12-16', 1, FALSE, 1, 103, 'lote-2') ON CONFLICT(id) DO NOTHING;
INSERT INTO fracttaldb.tarea_etiquetas (tarea_id, etiqueta_id) VALUES (829, 304) ON CONFLICT (tarea_id, etiqueta_id) DO NOTHING;
INSERT INTO fracttaldb.tareas (id, titulo, descripcion, fecha_vencimiento, prioridad, completada, usuario_id, categoria_id, lote) VALUES (830, 'Task 531 for user 1', 'Description for task 531', '2025-12-23', 2, FALSE, 1, 101, 'lote-2') ON CONFLICT(id) DO NOTHING;
INSERT INTO fracttaldb.tarea_etiquetas (tarea_id, etiqueta_id) VALUES (830, 307) ON CONFLICT (tarea_id, etiqueta_id) DO NOTHING;
INSERT INTO fracttaldb.tarea_etiquetas (tarea_id, etiqueta_id) VALUES (830, 304) ON CONFLICT (tarea_id, etiqueta_id) DO NOTHING;
INSERT INTO fracttaldb.tarea_etiquetas (tarea_id, etiqueta_id) VALUES (830, 302) ON CONFLICT (tarea_id, etiqueta_id) DO NOTHING;
INSERT INTO fracttaldb.tareas (id, titulo, descripcion, fecha_vencimiento, prioridad, completada, usuario_id, categoria_id, lote) VALUES (831, 'Task 532 for user 1', 'Description for task 532', '2025-12-6', 3, TRUE, 1, 102, 'lote-2') ON CONFLICT(id) DO NOTHING;
INSERT INTO fracttaldb.tarea_etiquetas (tarea_id, etiqueta_id) VALUES (831, 304) ON CONFLICT (tarea_id, etiqueta_id) DO NOTHING;
INSERT INTO fracttaldb.tareas (id, titulo, descripcion, fecha_vencimiento, prioridad, completada, usuario_id, categoria_id, lote) VALUES (832, 'Task 533 for user 1', 'Description for task 533', '2025-12-20', 3, FALSE, 1, 101, 'lote-2') ON CONFLICT(id) DO NOTHING;
INSERT INTO fracttaldb.tarea_etiquetas (tarea_id, etiqueta_id) VALUES (832, 306) ON CONFLICT (tarea_id, etiqueta_id) DO NOTHING;
INSERT INTO fracttaldb.tarea_etiquetas (tarea_id, etiqueta_id) VALUES (832, 303) ON CONFLICT (tarea_id, etiqueta_id) DO NOTHING;
INSERT INTO fracttaldb.tareas (id, titulo, descripcion, fecha_vencimiento, prioridad, completada, usuario_id, categoria_id, lote) VALUES (833, 'Task 534 for user 1', 'Description for task 534', '2025-12-18', 2, TRUE, 1, 106, 'lote-2') ON CONFLICT(id) DO NOTHING;
INSERT INTO fracttaldb.tarea_etiquetas (tarea_id, etiqueta_id) VALUES (833, 303) ON CONFLICT (tarea_id, etiqueta_id) DO NOTHING;
INSERT INTO fracttaldb.tarea_etiquetas (tarea_id, etiqueta_id) VALUES (833, 301) ON CONFLICT (tarea_id, etiqueta_id) DO NOTHING;
INSERT INTO fracttaldb.tareas (id, titulo, descripcion, fecha_vencimiento, prioridad, completada, usuario_id, categoria_id, lote) VALUES (834, 'Task 535 for user 1', 'Description for task 535', '2025-11-28', 3, FALSE, 1, 103, 'lote-2') ON CONFLICT(id) DO NOTHING;
INSERT INTO fracttaldb.tarea_etiquetas (tarea_id, etiqueta_id) VALUES (834, 304) ON CONFLICT (tarea_id, etiqueta_id) DO NOTHING;
INSERT INTO fracttaldb.tarea_etiquetas (tarea_id, etiqueta_id) VALUES (834, 301) ON CONFLICT (tarea_id, etiqueta_id) DO NOTHING;
INSERT INTO fracttaldb.tareas (id, titulo, descripcion, fecha_vencimiento, prioridad, completada, usuario_id, categoria_id, lote) VALUES (835, 'Task 536 for user 1', 'Description for task 536', '2025-10-25', 1, TRUE, 1, 105, 'lote-2') ON CONFLICT(id) DO NOTHING;
INSERT INTO fracttaldb.tarea_etiquetas (tarea_id, etiqueta_id) VALUES (835, 309) ON CONFLICT (tarea_id, etiqueta_id) DO NOTHING;
INSERT INTO fracttaldb.tarea_etiquetas (tarea_id, etiqueta_id) VALUES (835, 308) ON CONFLICT (tarea_id, etiqueta_id) DO NOTHING;
INSERT INTO fracttaldb.tarea_etiquetas (tarea_id, etiqueta_id) VALUES (835, 306) ON CONFLICT (tarea_id, etiqueta_id) DO NOTHING;
INSERT INTO fracttaldb.tareas (id, titulo, descripcion, fecha_vencimiento, prioridad, completada, usuario_id, categoria_id, lote) VALUES (836, 'Task 537 for user 1', 'Description for task 537', '2025-11-19', 2, FALSE, 1, 105, 'lote-2') ON CONFLICT(id) DO NOTHING;
INSERT INTO fracttaldb.tarea_etiquetas (tarea_id, etiqueta_id) VALUES (836, 301) ON CONFLICT (tarea_id, etiqueta_id) DO NOTHING;
INSERT INTO fracttaldb.tarea_etiquetas (tarea_id, etiqueta_id) VALUES (836, 303) ON CONFLICT (tarea_id, etiqueta_id) DO NOTHING;
INSERT INTO fracttaldb.tarea_etiquetas (tarea_id, etiqueta_id) VALUES (836, 306) ON CONFLICT (tarea_id, etiqueta_id) DO NOTHING;
INSERT INTO fracttaldb.tareas (id, titulo, descripcion, fecha_vencimiento, prioridad, completada, usuario_id, categoria_id, lote) VALUES (837, 'Task 538 for user 1', 'Description for task 538', '2025-10-7', 1, FALSE, 1, 101, 'lote-2') ON CONFLICT(id) DO NOTHING;
INSERT INTO fracttaldb.tarea_etiquetas (tarea_id, etiqueta_id) VALUES (837, 302) ON CONFLICT (tarea_id, etiqueta_id) DO NOTHING;
INSERT INTO fracttaldb.tarea_etiquetas (tarea_id, etiqueta_id) VALUES (837, 303) ON CONFLICT (tarea_id, etiqueta_id) DO NOTHING;
INSERT INTO fracttaldb.tarea_etiquetas (tarea_id, etiqueta_id) VALUES (837, 301) ON CONFLICT (tarea_id, etiqueta_id) DO NOTHING;
INSERT INTO fracttaldb.tareas (id, titulo, descripcion, fecha_vencimiento, prioridad, completada, usuario_id, categoria_id, lote) VALUES (838, 'Task 539 for user 1', 'Description for task 539', '2025-12-1', 3, FALSE, 1, 104, 'lote-2') ON CONFLICT(id) DO NOTHING;
INSERT INTO fracttaldb.tarea_etiquetas (tarea_id, etiqueta_id) VALUES (838, 305) ON CONFLICT (tarea_id, etiqueta_id) DO NOTHING;
INSERT INTO fracttaldb.tarea_etiquetas (tarea_id, etiqueta_id) VALUES (838, 309) ON CONFLICT (tarea_id, etiqueta_id) DO NOTHING;
INSERT INTO fracttaldb.tareas (id, titulo, descripcion, fecha_vencimiento, prioridad, completada, usuario_id, categoria_id, lote) VALUES (839, 'Task 540 for user 1', 'Description for task 540', '2025-10-22', 3, TRUE, 1, 102, 'lote-2') ON CONFLICT(id) DO NOTHING;
INSERT INTO fracttaldb.tarea_etiquetas (tarea_id, etiqueta_id) VALUES (839, 304) ON CONFLICT (tarea_id, etiqueta_id) DO NOTHING;
INSERT INTO fracttaldb.tareas (id, titulo, descripcion, fecha_vencimiento, prioridad, completada, usuario_id, categoria_id, lote) VALUES (840, 'Task 541 for user 1', 'Description for task 541', '2025-12-12', 2, TRUE, 1, 104, 'lote-2') ON CONFLICT(id) DO NOTHING;
INSERT INTO fracttaldb.tarea_etiquetas (tarea_id, etiqueta_id) VALUES (840, 303) ON CONFLICT (tarea_id, etiqueta_id) DO NOTHING;
INSERT INTO fracttaldb.tareas (id, titulo, descripcion, fecha_vencimiento, prioridad, completada, usuario_id, categoria_id, lote) VALUES (841, 'Task 542 for user 1', 'Description for task 542', '2025-12-7', 1, FALSE, 1, 103, 'lote-2') ON CONFLICT(id) DO NOTHING;
INSERT INTO fracttaldb.tarea_etiquetas (tarea_id, etiqueta_id) VALUES (841, 303) ON CONFLICT (tarea_id, etiqueta_id) DO NOTHING;
INSERT INTO fracttaldb.tareas (id, titulo, descripcion, fecha_vencimiento, prioridad, completada, usuario_id, categoria_id, lote) VALUES (842, 'Task 543 for user 1', 'Description for task 543', '2025-11-2', 2, FALSE, 1, 104, 'lote-2') ON CONFLICT(id) DO NOTHING;
INSERT INTO fracttaldb.tarea_etiquetas (tarea_id, etiqueta_id) VALUES (842, 309) ON CONFLICT (tarea_id, etiqueta_id) DO NOTHING;
INSERT INTO fracttaldb.tarea_etiquetas (tarea_id, etiqueta_id) VALUES (842, 308) ON CONFLICT (tarea_id, etiqueta_id) DO NOTHING;
INSERT INTO fracttaldb.tareas (id, titulo, descripcion, fecha_vencimiento, prioridad, completada, usuario_id, categoria_id, lote) VALUES (843, 'Task 544 for user 1', 'Description for task 544', '2025-12-20', 2, TRUE, 1, 102, 'lote-2') ON CONFLICT(id) DO NOTHING;
INSERT INTO fracttaldb.tarea_etiquetas (tarea_id, etiqueta_id) VALUES (843, 304) ON CONFLICT (tarea_id, etiqueta_id) DO NOTHING;
INSERT INTO fracttaldb.tarea_etiquetas (tarea_id, etiqueta_id) VALUES (843, 309) ON CONFLICT (tarea_id, etiqueta_id) DO NOTHING;
INSERT INTO fracttaldb.tareas (id, titulo, descripcion, fecha_vencimiento, prioridad, completada, usuario_id, categoria_id, lote) VALUES (844, 'Task 545 for user 1', 'Description for task 545', '2025-12-7', 1, TRUE, 1, 102, 'lote-2') ON CONFLICT(id) DO NOTHING;
INSERT INTO fracttaldb.tarea_etiquetas (tarea_id, etiqueta_id) VALUES (844, 302) ON CONFLICT (tarea_id, etiqueta_id) DO NOTHING;
INSERT INTO fracttaldb.tareas (id, titulo, descripcion, fecha_vencimiento, prioridad, completada, usuario_id, categoria_id, lote) VALUES (845, 'Task 546 for user 1', 'Description for task 546', '2025-10-24', 1, TRUE, 1, 104, 'lote-2') ON CONFLICT(id) DO NOTHING;
INSERT INTO fracttaldb.tarea_etiquetas (tarea_id, etiqueta_id) VALUES (845, 301) ON CONFLICT (tarea_id, etiqueta_id) DO NOTHING;
INSERT INTO fracttaldb.tareas (id, titulo, descripcion, fecha_vencimiento, prioridad, completada, usuario_id, categoria_id, lote) VALUES (846, 'Task 547 for user 1', 'Description for task 547', '2025-11-16', 3, FALSE, 1, 105, 'lote-2') ON CONFLICT(id) DO NOTHING;
INSERT INTO fracttaldb.tarea_etiquetas (tarea_id, etiqueta_id) VALUES (846, 308) ON CONFLICT (tarea_id, etiqueta_id) DO NOTHING;
INSERT INTO fracttaldb.tareas (id, titulo, descripcion, fecha_vencimiento, prioridad, completada, usuario_id, categoria_id, lote) VALUES (847, 'Task 548 for user 1', 'Description for task 548', '2025-11-14', 3, FALSE, 1, 104, 'lote-2') ON CONFLICT(id) DO NOTHING;
INSERT INTO fracttaldb.tarea_etiquetas (tarea_id, etiqueta_id) VALUES (847, 303) ON CONFLICT (tarea_id, etiqueta_id) DO NOTHING;
INSERT INTO fracttaldb.tareas (id, titulo, descripcion, fecha_vencimiento, prioridad, completada, usuario_id, categoria_id, lote) VALUES (848, 'Task 549 for user 1', 'Description for task 549', '2025-10-21', 1, TRUE, 1, 103, 'lote-2') ON CONFLICT(id) DO NOTHING;
INSERT INTO fracttaldb.tarea_etiquetas (tarea_id, etiqueta_id) VALUES (848, 301) ON CONFLICT (tarea_id, etiqueta_id) DO NOTHING;
INSERT INTO fracttaldb.tarea_etiquetas (tarea_id, etiqueta_id) VALUES (848, 306) ON CONFLICT (tarea_id, etiqueta_id) DO NOTHING;
INSERT INTO fracttaldb.tareas (id, titulo, descripcion, fecha_vencimiento, prioridad, completada, usuario_id, categoria_id, lote) VALUES (849, 'Task 550 for user 1', 'Description for task 550', '2025-11-9', 2, TRUE, 1, 107, 'lote-2') ON CONFLICT(id) DO NOTHING;
INSERT INTO fracttaldb.tarea_etiquetas (tarea_id, etiqueta_id) VALUES (849, 302) ON CONFLICT (tarea_id, etiqueta_id) DO NOTHING;
INSERT INTO fracttaldb.tarea_etiquetas (tarea_id, etiqueta_id) VALUES (849, 308) ON CONFLICT (tarea_id, etiqueta_id) DO NOTHING;
INSERT INTO fracttaldb.tareas (id, titulo, descripcion, fecha_vencimiento, prioridad, completada, usuario_id, categoria_id, lote) VALUES (850, 'Task 551 for user 1', 'Description for task 551', '2025-10-20', 3, TRUE, 1, 105, 'lote-2') ON CONFLICT(id) DO NOTHING;
INSERT INTO fracttaldb.tarea_etiquetas (tarea_id, etiqueta_id) VALUES (850, 307) ON CONFLICT (tarea_id, etiqueta_id) DO NOTHING;
INSERT INTO fracttaldb.tareas (id, titulo, descripcion, fecha_vencimiento, prioridad, completada, usuario_id, categoria_id, lote) VALUES (851, 'Task 552 for user 1', 'Description for task 552', '2025-10-22', 1, FALSE, 1, 106, 'lote-2') ON CONFLICT(id) DO NOTHING;
INSERT INTO fracttaldb.tarea_etiquetas (tarea_id, etiqueta_id) VALUES (851, 303) ON CONFLICT (tarea_id, etiqueta_id) DO NOTHING;
INSERT INTO fracttaldb.tarea_etiquetas (tarea_id, etiqueta_id) VALUES (851, 305) ON CONFLICT (tarea_id, etiqueta_id) DO NOTHING;
INSERT INTO fracttaldb.tarea_etiquetas (tarea_id, etiqueta_id) VALUES (851, 308) ON CONFLICT (tarea_id, etiqueta_id) DO NOTHING;
INSERT INTO fracttaldb.tareas (id, titulo, descripcion, fecha_vencimiento, prioridad, completada, usuario_id, categoria_id, lote) VALUES (852, 'Task 553 for user 1', 'Description for task 553', '2025-11-26', 1, TRUE, 1, 106, 'lote-2') ON CONFLICT(id) DO NOTHING;
INSERT INTO fracttaldb.tarea_etiquetas (tarea_id, etiqueta_id) VALUES (852, 304) ON CONFLICT (tarea_id, etiqueta_id) DO NOTHING;
INSERT INTO fracttaldb.tarea_etiquetas (tarea_id, etiqueta_id) VALUES (852, 306) ON CONFLICT (tarea_id, etiqueta_id) DO NOTHING;
INSERT INTO fracttaldb.tareas (id, titulo, descripcion, fecha_vencimiento, prioridad, completada, usuario_id, categoria_id, lote) VALUES (853, 'Task 554 for user 1', 'Description for task 554', '2025-12-20', 2, FALSE, 1, 104, 'lote-2') ON CONFLICT(id) DO NOTHING;
INSERT INTO fracttaldb.tarea_etiquetas (tarea_id, etiqueta_id) VALUES (853, 305) ON CONFLICT (tarea_id, etiqueta_id) DO NOTHING;
INSERT INTO fracttaldb.tarea_etiquetas (tarea_id, etiqueta_id) VALUES (853, 306) ON CONFLICT (tarea_id, etiqueta_id) DO NOTHING;
INSERT INTO fracttaldb.tareas (id, titulo, descripcion, fecha_vencimiento, prioridad, completada, usuario_id, categoria_id, lote) VALUES (854, 'Task 555 for user 1', 'Description for task 555', '2025-12-5', 1, FALSE, 1, 103, 'lote-2') ON CONFLICT(id) DO NOTHING;
INSERT INTO fracttaldb.tarea_etiquetas (tarea_id, etiqueta_id) VALUES (854, 303) ON CONFLICT (tarea_id, etiqueta_id) DO NOTHING;
INSERT INTO fracttaldb.tarea_etiquetas (tarea_id, etiqueta_id) VALUES (854, 306) ON CONFLICT (tarea_id, etiqueta_id) DO NOTHING;
INSERT INTO fracttaldb.tarea_etiquetas (tarea_id, etiqueta_id) VALUES (854, 301) ON CONFLICT (tarea_id, etiqueta_id) DO NOTHING;
INSERT INTO fracttaldb.tareas (id, titulo, descripcion, fecha_vencimiento, prioridad, completada, usuario_id, categoria_id, lote) VALUES (855, 'Task 556 for user 1', 'Description for task 556', '2025-12-7', 3, TRUE, 1, 106, 'lote-2') ON CONFLICT(id) DO NOTHING;
INSERT INTO fracttaldb.tarea_etiquetas (tarea_id, etiqueta_id) VALUES (855, 306) ON CONFLICT (tarea_id, etiqueta_id) DO NOTHING;
INSERT INTO fracttaldb.tarea_etiquetas (tarea_id, etiqueta_id) VALUES (855, 309) ON CONFLICT (tarea_id, etiqueta_id) DO NOTHING;
INSERT INTO fracttaldb.tareas (id, titulo, descripcion, fecha_vencimiento, prioridad, completada, usuario_id, categoria_id, lote) VALUES (856, 'Task 557 for user 1', 'Description for task 557', '2025-12-15', 1, FALSE, 1, 102, 'lote-2') ON CONFLICT(id) DO NOTHING;
INSERT INTO fracttaldb.tarea_etiquetas (tarea_id, etiqueta_id) VALUES (856, 301) ON CONFLICT (tarea_id, etiqueta_id) DO NOTHING;
INSERT INTO fracttaldb.tarea_etiquetas (tarea_id, etiqueta_id) VALUES (856, 304) ON CONFLICT (tarea_id, etiqueta_id) DO NOTHING;
INSERT INTO fracttaldb.tareas (id, titulo, descripcion, fecha_vencimiento, prioridad, completada, usuario_id, categoria_id, lote) VALUES (857, 'Task 558 for user 1', 'Description for task 558', '2025-12-15', 1, FALSE, 1, 105, 'lote-2') ON CONFLICT(id) DO NOTHING;
INSERT INTO fracttaldb.tarea_etiquetas (tarea_id, etiqueta_id) VALUES (857, 305) ON CONFLICT (tarea_id, etiqueta_id) DO NOTHING;
INSERT INTO fracttaldb.tarea_etiquetas (tarea_id, etiqueta_id) VALUES (857, 301) ON CONFLICT (tarea_id, etiqueta_id) DO NOTHING;
INSERT INTO fracttaldb.tarea_etiquetas (tarea_id, etiqueta_id) VALUES (857, 302) ON CONFLICT (tarea_id, etiqueta_id) DO NOTHING;
INSERT INTO fracttaldb.tareas (id, titulo, descripcion, fecha_vencimiento, prioridad, completada, usuario_id, categoria_id, lote) VALUES (858, 'Task 559 for user 1', 'Description for task 559', '2025-11-22', 3, TRUE, 1, 106, 'lote-2') ON CONFLICT(id) DO NOTHING;
INSERT INTO fracttaldb.tarea_etiquetas (tarea_id, etiqueta_id) VALUES (858, 308) ON CONFLICT (tarea_id, etiqueta_id) DO NOTHING;
INSERT INTO fracttaldb.tarea_etiquetas (tarea_id, etiqueta_id) VALUES (858, 301) ON CONFLICT (tarea_id, etiqueta_id) DO NOTHING;
INSERT INTO fracttaldb.tareas (id, titulo, descripcion, fecha_vencimiento, prioridad, completada, usuario_id, categoria_id, lote) VALUES (859, 'Task 560 for user 1', 'Description for task 560', '2025-10-14', 1, FALSE, 1, 102, 'lote-2') ON CONFLICT(id) DO NOTHING;
INSERT INTO fracttaldb.tarea_etiquetas (tarea_id, etiqueta_id) VALUES (859, 304) ON CONFLICT (tarea_id, etiqueta_id) DO NOTHING;
INSERT INTO fracttaldb.tareas (id, titulo, descripcion, fecha_vencimiento, prioridad, completada, usuario_id, categoria_id, lote) VALUES (860, 'Task 561 for user 1', 'Description for task 561', '2025-10-21', 3, FALSE, 1, 102, 'lote-2') ON CONFLICT(id) DO NOTHING;
INSERT INTO fracttaldb.tarea_etiquetas (tarea_id, etiqueta_id) VALUES (860, 304) ON CONFLICT (tarea_id, etiqueta_id) DO NOTHING;
INSERT INTO fracttaldb.tareas (id, titulo, descripcion, fecha_vencimiento, prioridad, completada, usuario_id, categoria_id, lote) VALUES (861, 'Task 562 for user 1', 'Description for task 562', '2025-10-17', 1, FALSE, 1, 104, 'lote-2') ON CONFLICT(id) DO NOTHING;
INSERT INTO fracttaldb.tarea_etiquetas (tarea_id, etiqueta_id) VALUES (861, 309) ON CONFLICT (tarea_id, etiqueta_id) DO NOTHING;
INSERT INTO fracttaldb.tarea_etiquetas (tarea_id, etiqueta_id) VALUES (861, 305) ON CONFLICT (tarea_id, etiqueta_id) DO NOTHING;
INSERT INTO fracttaldb.tareas (id, titulo, descripcion, fecha_vencimiento, prioridad, completada, usuario_id, categoria_id, lote) VALUES (862, 'Task 563 for user 1', 'Description for task 563', '2025-11-2', 1, FALSE, 1, 101, 'lote-2') ON CONFLICT(id) DO NOTHING;
INSERT INTO fracttaldb.tarea_etiquetas (tarea_id, etiqueta_id) VALUES (862, 306) ON CONFLICT (tarea_id, etiqueta_id) DO NOTHING;
INSERT INTO fracttaldb.tarea_etiquetas (tarea_id, etiqueta_id) VALUES (862, 309) ON CONFLICT (tarea_id, etiqueta_id) DO NOTHING;
INSERT INTO fracttaldb.tareas (id, titulo, descripcion, fecha_vencimiento, prioridad, completada, usuario_id, categoria_id, lote) VALUES (863, 'Task 564 for user 1', 'Description for task 564', '2025-12-25', 2, FALSE, 1, 107, 'lote-2') ON CONFLICT(id) DO NOTHING;
INSERT INTO fracttaldb.tarea_etiquetas (tarea_id, etiqueta_id) VALUES (863, 309) ON CONFLICT (tarea_id, etiqueta_id) DO NOTHING;
INSERT INTO fracttaldb.tarea_etiquetas (tarea_id, etiqueta_id) VALUES (863, 301) ON CONFLICT (tarea_id, etiqueta_id) DO NOTHING;
INSERT INTO fracttaldb.tarea_etiquetas (tarea_id, etiqueta_id) VALUES (863, 302) ON CONFLICT (tarea_id, etiqueta_id) DO NOTHING;
INSERT INTO fracttaldb.tareas (id, titulo, descripcion, fecha_vencimiento, prioridad, completada, usuario_id, categoria_id, lote) VALUES (864, 'Task 565 for user 1', 'Description for task 565', '2025-10-9', 2, TRUE, 1, 105, 'lote-2') ON CONFLICT(id) DO NOTHING;
INSERT INTO fracttaldb.tarea_etiquetas (tarea_id, etiqueta_id) VALUES (864, 301) ON CONFLICT (tarea_id, etiqueta_id) DO NOTHING;
INSERT INTO fracttaldb.tarea_etiquetas (tarea_id, etiqueta_id) VALUES (864, 305) ON CONFLICT (tarea_id, etiqueta_id) DO NOTHING;
INSERT INTO fracttaldb.tarea_etiquetas (tarea_id, etiqueta_id) VALUES (864, 304) ON CONFLICT (tarea_id, etiqueta_id) DO NOTHING;
INSERT INTO fracttaldb.tareas (id, titulo, descripcion, fecha_vencimiento, prioridad, completada, usuario_id, categoria_id, lote) VALUES (865, 'Task 566 for user 1', 'Description for task 566', '2025-10-10', 2, FALSE, 1, 106, 'lote-2') ON CONFLICT(id) DO NOTHING;
INSERT INTO fracttaldb.tarea_etiquetas (tarea_id, etiqueta_id) VALUES (865, 301) ON CONFLICT (tarea_id, etiqueta_id) DO NOTHING;
INSERT INTO fracttaldb.tareas (id, titulo, descripcion, fecha_vencimiento, prioridad, completada, usuario_id, categoria_id, lote) VALUES (866, 'Task 567 for user 1', 'Description for task 567', '2025-10-2', 2, TRUE, 1, 101, 'lote-2') ON CONFLICT(id) DO NOTHING;
INSERT INTO fracttaldb.tarea_etiquetas (tarea_id, etiqueta_id) VALUES (866, 308) ON CONFLICT (tarea_id, etiqueta_id) DO NOTHING;
INSERT INTO fracttaldb.tareas (id, titulo, descripcion, fecha_vencimiento, prioridad, completada, usuario_id, categoria_id, lote) VALUES (867, 'Task 568 for user 1', 'Description for task 568', '2025-12-5', 1, FALSE, 1, 102, 'lote-2') ON CONFLICT(id) DO NOTHING;
INSERT INTO fracttaldb.tarea_etiquetas (tarea_id, etiqueta_id) VALUES (867, 301) ON CONFLICT (tarea_id, etiqueta_id) DO NOTHING;
INSERT INTO fracttaldb.tareas (id, titulo, descripcion, fecha_vencimiento, prioridad, completada, usuario_id, categoria_id, lote) VALUES (868, 'Task 569 for user 1', 'Description for task 569', '2025-12-21', 3, FALSE, 1, 106, 'lote-2') ON CONFLICT(id) DO NOTHING;
INSERT INTO fracttaldb.tarea_etiquetas (tarea_id, etiqueta_id) VALUES (868, 303) ON CONFLICT (tarea_id, etiqueta_id) DO NOTHING;
INSERT INTO fracttaldb.tarea_etiquetas (tarea_id, etiqueta_id) VALUES (868, 309) ON CONFLICT (tarea_id, etiqueta_id) DO NOTHING;
INSERT INTO fracttaldb.tareas (id, titulo, descripcion, fecha_vencimiento, prioridad, completada, usuario_id, categoria_id, lote) VALUES (869, 'Task 570 for user 1', 'Description for task 570', '2025-10-17', 2, TRUE, 1, 107, 'lote-2') ON CONFLICT(id) DO NOTHING;
INSERT INTO fracttaldb.tarea_etiquetas (tarea_id, etiqueta_id) VALUES (869, 307) ON CONFLICT (tarea_id, etiqueta_id) DO NOTHING;
INSERT INTO fracttaldb.tarea_etiquetas (tarea_id, etiqueta_id) VALUES (869, 306) ON CONFLICT (tarea_id, etiqueta_id) DO NOTHING;
INSERT INTO fracttaldb.tarea_etiquetas (tarea_id, etiqueta_id) VALUES (869, 304) ON CONFLICT (tarea_id, etiqueta_id) DO NOTHING;
INSERT INTO fracttaldb.tareas (id, titulo, descripcion, fecha_vencimiento, prioridad, completada, usuario_id, categoria_id, lote) VALUES (870, 'Task 571 for user 1', 'Description for task 571', '2025-11-25', 3, TRUE, 1, 107, 'lote-2') ON CONFLICT(id) DO NOTHING;
INSERT INTO fracttaldb.tarea_etiquetas (tarea_id, etiqueta_id) VALUES (870, 306) ON CONFLICT (tarea_id, etiqueta_id) DO NOTHING;
INSERT INTO fracttaldb.tarea_etiquetas (tarea_id, etiqueta_id) VALUES (870, 304) ON CONFLICT (tarea_id, etiqueta_id) DO NOTHING;
INSERT INTO fracttaldb.tarea_etiquetas (tarea_id, etiqueta_id) VALUES (870, 301) ON CONFLICT (tarea_id, etiqueta_id) DO NOTHING;
INSERT INTO fracttaldb.tareas (id, titulo, descripcion, fecha_vencimiento, prioridad, completada, usuario_id, categoria_id, lote) VALUES (871, 'Task 572 for user 1', 'Description for task 572', '2025-10-9', 1, TRUE, 1, 101, 'lote-2') ON CONFLICT(id) DO NOTHING;
INSERT INTO fracttaldb.tarea_etiquetas (tarea_id, etiqueta_id) VALUES (871, 306) ON CONFLICT (tarea_id, etiqueta_id) DO NOTHING;
INSERT INTO fracttaldb.tarea_etiquetas (tarea_id, etiqueta_id) VALUES (871, 303) ON CONFLICT (tarea_id, etiqueta_id) DO NOTHING;
INSERT INTO fracttaldb.tareas (id, titulo, descripcion, fecha_vencimiento, prioridad, completada, usuario_id, categoria_id, lote) VALUES (872, 'Task 573 for user 1', 'Description for task 573', '2025-12-24', 2, TRUE, 1, 106, 'lote-2') ON CONFLICT(id) DO NOTHING;
INSERT INTO fracttaldb.tarea_etiquetas (tarea_id, etiqueta_id) VALUES (872, 307) ON CONFLICT (tarea_id, etiqueta_id) DO NOTHING;
INSERT INTO fracttaldb.tareas (id, titulo, descripcion, fecha_vencimiento, prioridad, completada, usuario_id, categoria_id, lote) VALUES (873, 'Task 574 for user 1', 'Description for task 574', '2025-12-2', 1, FALSE, 1, 101, 'lote-2') ON CONFLICT(id) DO NOTHING;
INSERT INTO fracttaldb.tarea_etiquetas (tarea_id, etiqueta_id) VALUES (873, 302) ON CONFLICT (tarea_id, etiqueta_id) DO NOTHING;
INSERT INTO fracttaldb.tarea_etiquetas (tarea_id, etiqueta_id) VALUES (873, 306) ON CONFLICT (tarea_id, etiqueta_id) DO NOTHING;
INSERT INTO fracttaldb.tareas (id, titulo, descripcion, fecha_vencimiento, prioridad, completada, usuario_id, categoria_id, lote) VALUES (874, 'Task 575 for user 1', 'Description for task 575', '2025-10-24', 3, FALSE, 1, 106, 'lote-2') ON CONFLICT(id) DO NOTHING;
INSERT INTO fracttaldb.tarea_etiquetas (tarea_id, etiqueta_id) VALUES (874, 305) ON CONFLICT (tarea_id, etiqueta_id) DO NOTHING;
INSERT INTO fracttaldb.tarea_etiquetas (tarea_id, etiqueta_id) VALUES (874, 303) ON CONFLICT (tarea_id, etiqueta_id) DO NOTHING;
INSERT INTO fracttaldb.tareas (id, titulo, descripcion, fecha_vencimiento, prioridad, completada, usuario_id, categoria_id, lote) VALUES (875, 'Task 576 for user 1', 'Description for task 576', '2025-12-24', 1, TRUE, 1, 107, 'lote-2') ON CONFLICT(id) DO NOTHING;
INSERT INTO fracttaldb.tarea_etiquetas (tarea_id, etiqueta_id) VALUES (875, 306) ON CONFLICT (tarea_id, etiqueta_id) DO NOTHING;
INSERT INTO fracttaldb.tarea_etiquetas (tarea_id, etiqueta_id) VALUES (875, 302) ON CONFLICT (tarea_id, etiqueta_id) DO NOTHING;
INSERT INTO fracttaldb.tarea_etiquetas (tarea_id, etiqueta_id) VALUES (875, 307) ON CONFLICT (tarea_id, etiqueta_id) DO NOTHING;
INSERT INTO fracttaldb.tareas (id, titulo, descripcion, fecha_vencimiento, prioridad, completada, usuario_id, categoria_id, lote) VALUES (876, 'Task 577 for user 1', 'Description for task 577', '2025-12-2', 1, FALSE, 1, 103, 'lote-2') ON CONFLICT(id) DO NOTHING;
INSERT INTO fracttaldb.tarea_etiquetas (tarea_id, etiqueta_id) VALUES (876, 301) ON CONFLICT (tarea_id, etiqueta_id) DO NOTHING;
INSERT INTO fracttaldb.tareas (id, titulo, descripcion, fecha_vencimiento, prioridad, completada, usuario_id, categoria_id, lote) VALUES (877, 'Task 578 for user 1', 'Description for task 578', '2025-11-11', 3, TRUE, 1, 105, 'lote-2') ON CONFLICT(id) DO NOTHING;
INSERT INTO fracttaldb.tarea_etiquetas (tarea_id, etiqueta_id) VALUES (877, 306) ON CONFLICT (tarea_id, etiqueta_id) DO NOTHING;
INSERT INTO fracttaldb.tarea_etiquetas (tarea_id, etiqueta_id) VALUES (877, 303) ON CONFLICT (tarea_id, etiqueta_id) DO NOTHING;
INSERT INTO fracttaldb.tarea_etiquetas (tarea_id, etiqueta_id) VALUES (877, 304) ON CONFLICT (tarea_id, etiqueta_id) DO NOTHING;
INSERT INTO fracttaldb.tareas (id, titulo, descripcion, fecha_vencimiento, prioridad, completada, usuario_id, categoria_id, lote) VALUES (878, 'Task 579 for user 1', 'Description for task 579', '2025-10-26', 1, TRUE, 1, 103, 'lote-2') ON CONFLICT(id) DO NOTHING;
INSERT INTO fracttaldb.tarea_etiquetas (tarea_id, etiqueta_id) VALUES (878, 307) ON CONFLICT (tarea_id, etiqueta_id) DO NOTHING;
INSERT INTO fracttaldb.tarea_etiquetas (tarea_id, etiqueta_id) VALUES (878, 301) ON CONFLICT (tarea_id, etiqueta_id) DO NOTHING;
INSERT INTO fracttaldb.tareas (id, titulo, descripcion, fecha_vencimiento, prioridad, completada, usuario_id, categoria_id, lote) VALUES (879, 'Task 580 for user 1', 'Description for task 580', '2025-12-25', 3, FALSE, 1, 101, 'lote-2') ON CONFLICT(id) DO NOTHING;
INSERT INTO fracttaldb.tarea_etiquetas (tarea_id, etiqueta_id) VALUES (879, 308) ON CONFLICT (tarea_id, etiqueta_id) DO NOTHING;
INSERT INTO fracttaldb.tarea_etiquetas (tarea_id, etiqueta_id) VALUES (879, 301) ON CONFLICT (tarea_id, etiqueta_id) DO NOTHING;
INSERT INTO fracttaldb.tareas (id, titulo, descripcion, fecha_vencimiento, prioridad, completada, usuario_id, categoria_id, lote) VALUES (880, 'Task 581 for user 1', 'Description for task 581', '2025-11-22', 1, FALSE, 1, 107, 'lote-2') ON CONFLICT(id) DO NOTHING;
INSERT INTO fracttaldb.tarea_etiquetas (tarea_id, etiqueta_id) VALUES (880, 301) ON CONFLICT (tarea_id, etiqueta_id) DO NOTHING;
INSERT INTO fracttaldb.tareas (id, titulo, descripcion, fecha_vencimiento, prioridad, completada, usuario_id, categoria_id, lote) VALUES (881, 'Task 582 for user 1', 'Description for task 582', '2025-12-2', 1, FALSE, 1, 103, 'lote-2') ON CONFLICT(id) DO NOTHING;
INSERT INTO fracttaldb.tarea_etiquetas (tarea_id, etiqueta_id) VALUES (881, 307) ON CONFLICT (tarea_id, etiqueta_id) DO NOTHING;
INSERT INTO fracttaldb.tareas (id, titulo, descripcion, fecha_vencimiento, prioridad, completada, usuario_id, categoria_id, lote) VALUES (882, 'Task 583 for user 1', 'Description for task 583', '2025-12-19', 3, TRUE, 1, 101, 'lote-2') ON CONFLICT(id) DO NOTHING;
INSERT INTO fracttaldb.tarea_etiquetas (tarea_id, etiqueta_id) VALUES (882, 306) ON CONFLICT (tarea_id, etiqueta_id) DO NOTHING;
INSERT INTO fracttaldb.tarea_etiquetas (tarea_id, etiqueta_id) VALUES (882, 308) ON CONFLICT (tarea_id, etiqueta_id) DO NOTHING;
INSERT INTO fracttaldb.tarea_etiquetas (tarea_id, etiqueta_id) VALUES (882, 301) ON CONFLICT (tarea_id, etiqueta_id) DO NOTHING;
INSERT INTO fracttaldb.tareas (id, titulo, descripcion, fecha_vencimiento, prioridad, completada, usuario_id, categoria_id, lote) VALUES (883, 'Task 584 for user 1', 'Description for task 584', '2025-11-19', 3, FALSE, 1, 107, 'lote-2') ON CONFLICT(id) DO NOTHING;
INSERT INTO fracttaldb.tarea_etiquetas (tarea_id, etiqueta_id) VALUES (883, 308) ON CONFLICT (tarea_id, etiqueta_id) DO NOTHING;
INSERT INTO fracttaldb.tareas (id, titulo, descripcion, fecha_vencimiento, prioridad, completada, usuario_id, categoria_id, lote) VALUES (884, 'Task 585 for user 1', 'Description for task 585', '2025-11-24', 3, TRUE, 1, 106, 'lote-2') ON CONFLICT(id) DO NOTHING;
INSERT INTO fracttaldb.tarea_etiquetas (tarea_id, etiqueta_id) VALUES (884, 307) ON CONFLICT (tarea_id, etiqueta_id) DO NOTHING;
INSERT INTO fracttaldb.tareas (id, titulo, descripcion, fecha_vencimiento, prioridad, completada, usuario_id, categoria_id, lote) VALUES (885, 'Task 586 for user 1', 'Description for task 586', '2025-10-11', 3, TRUE, 1, 103, 'lote-2') ON CONFLICT(id) DO NOTHING;
INSERT INTO fracttaldb.tarea_etiquetas (tarea_id, etiqueta_id) VALUES (885, 303) ON CONFLICT (tarea_id, etiqueta_id) DO NOTHING;
INSERT INTO fracttaldb.tarea_etiquetas (tarea_id, etiqueta_id) VALUES (885, 301) ON CONFLICT (tarea_id, etiqueta_id) DO NOTHING;
INSERT INTO fracttaldb.tareas (id, titulo, descripcion, fecha_vencimiento, prioridad, completada, usuario_id, categoria_id, lote) VALUES (886, 'Task 587 for user 1', 'Description for task 587', '2025-11-1', 3, FALSE, 1, 105, 'lote-2') ON CONFLICT(id) DO NOTHING;
INSERT INTO fracttaldb.tarea_etiquetas (tarea_id, etiqueta_id) VALUES (886, 304) ON CONFLICT (tarea_id, etiqueta_id) DO NOTHING;
INSERT INTO fracttaldb.tarea_etiquetas (tarea_id, etiqueta_id) VALUES (886, 308) ON CONFLICT (tarea_id, etiqueta_id) DO NOTHING;
INSERT INTO fracttaldb.tareas (id, titulo, descripcion, fecha_vencimiento, prioridad, completada, usuario_id, categoria_id, lote) VALUES (887, 'Task 588 for user 1', 'Description for task 588', '2025-10-9', 2, TRUE, 1, 105, 'lote-2') ON CONFLICT(id) DO NOTHING;
INSERT INTO fracttaldb.tarea_etiquetas (tarea_id, etiqueta_id) VALUES (887, 306) ON CONFLICT (tarea_id, etiqueta_id) DO NOTHING;
INSERT INTO fracttaldb.tarea_etiquetas (tarea_id, etiqueta_id) VALUES (887, 301) ON CONFLICT (tarea_id, etiqueta_id) DO NOTHING;
INSERT INTO fracttaldb.tareas (id, titulo, descripcion, fecha_vencimiento, prioridad, completada, usuario_id, categoria_id, lote) VALUES (888, 'Task 589 for user 1', 'Description for task 589', '2025-11-8', 2, FALSE, 1, 102, 'lote-2') ON CONFLICT(id) DO NOTHING;
INSERT INTO fracttaldb.tarea_etiquetas (tarea_id, etiqueta_id) VALUES (888, 307) ON CONFLICT (tarea_id, etiqueta_id) DO NOTHING;
INSERT INTO fracttaldb.tarea_etiquetas (tarea_id, etiqueta_id) VALUES (888, 304) ON CONFLICT (tarea_id, etiqueta_id) DO NOTHING;
INSERT INTO fracttaldb.tarea_etiquetas (tarea_id, etiqueta_id) VALUES (888, 308) ON CONFLICT (tarea_id, etiqueta_id) DO NOTHING;
INSERT INTO fracttaldb.tareas (id, titulo, descripcion, fecha_vencimiento, prioridad, completada, usuario_id, categoria_id, lote) VALUES (889, 'Task 590 for user 1', 'Description for task 590', '2025-10-9', 1, FALSE, 1, 104, 'lote-2') ON CONFLICT(id) DO NOTHING;
INSERT INTO fracttaldb.tarea_etiquetas (tarea_id, etiqueta_id) VALUES (889, 303) ON CONFLICT (tarea_id, etiqueta_id) DO NOTHING;
INSERT INTO fracttaldb.tarea_etiquetas (tarea_id, etiqueta_id) VALUES (889, 309) ON CONFLICT (tarea_id, etiqueta_id) DO NOTHING;
INSERT INTO fracttaldb.tarea_etiquetas (tarea_id, etiqueta_id) VALUES (889, 302) ON CONFLICT (tarea_id, etiqueta_id) DO NOTHING;
INSERT INTO fracttaldb.tareas (id, titulo, descripcion, fecha_vencimiento, prioridad, completada, usuario_id, categoria_id, lote) VALUES (890, 'Task 591 for user 1', 'Description for task 591', '2025-12-4', 1, FALSE, 1, 103, 'lote-2') ON CONFLICT(id) DO NOTHING;
INSERT INTO fracttaldb.tarea_etiquetas (tarea_id, etiqueta_id) VALUES (890, 302) ON CONFLICT (tarea_id, etiqueta_id) DO NOTHING;
INSERT INTO fracttaldb.tarea_etiquetas (tarea_id, etiqueta_id) VALUES (890, 307) ON CONFLICT (tarea_id, etiqueta_id) DO NOTHING;
INSERT INTO fracttaldb.tarea_etiquetas (tarea_id, etiqueta_id) VALUES (890, 309) ON CONFLICT (tarea_id, etiqueta_id) DO NOTHING;
INSERT INTO fracttaldb.tareas (id, titulo, descripcion, fecha_vencimiento, prioridad, completada, usuario_id, categoria_id, lote) VALUES (891, 'Task 592 for user 1', 'Description for task 592', '2025-12-18', 2, TRUE, 1, 101, 'lote-2') ON CONFLICT(id) DO NOTHING;
INSERT INTO fracttaldb.tarea_etiquetas (tarea_id, etiqueta_id) VALUES (891, 301) ON CONFLICT (tarea_id, etiqueta_id) DO NOTHING;
INSERT INTO fracttaldb.tarea_etiquetas (tarea_id, etiqueta_id) VALUES (891, 307) ON CONFLICT (tarea_id, etiqueta_id) DO NOTHING;
INSERT INTO fracttaldb.tareas (id, titulo, descripcion, fecha_vencimiento, prioridad, completada, usuario_id, categoria_id, lote) VALUES (892, 'Task 593 for user 1', 'Description for task 593', '2025-10-15', 3, TRUE, 1, 103, 'lote-2') ON CONFLICT(id) DO NOTHING;
INSERT INTO fracttaldb.tarea_etiquetas (tarea_id, etiqueta_id) VALUES (892, 305) ON CONFLICT (tarea_id, etiqueta_id) DO NOTHING;
INSERT INTO fracttaldb.tarea_etiquetas (tarea_id, etiqueta_id) VALUES (892, 309) ON CONFLICT (tarea_id, etiqueta_id) DO NOTHING;
INSERT INTO fracttaldb.tareas (id, titulo, descripcion, fecha_vencimiento, prioridad, completada, usuario_id, categoria_id, lote) VALUES (893, 'Task 594 for user 1', 'Description for task 594', '2025-12-7', 1, TRUE, 1, 102, 'lote-2') ON CONFLICT(id) DO NOTHING;
INSERT INTO fracttaldb.tarea_etiquetas (tarea_id, etiqueta_id) VALUES (893, 302) ON CONFLICT (tarea_id, etiqueta_id) DO NOTHING;
INSERT INTO fracttaldb.tareas (id, titulo, descripcion, fecha_vencimiento, prioridad, completada, usuario_id, categoria_id, lote) VALUES (894, 'Task 595 for user 1', 'Description for task 595', '2025-12-8', 1, TRUE, 1, 101, 'lote-2') ON CONFLICT(id) DO NOTHING;
INSERT INTO fracttaldb.tarea_etiquetas (tarea_id, etiqueta_id) VALUES (894, 303) ON CONFLICT (tarea_id, etiqueta_id) DO NOTHING;
INSERT INTO fracttaldb.tarea_etiquetas (tarea_id, etiqueta_id) VALUES (894, 307) ON CONFLICT (tarea_id, etiqueta_id) DO NOTHING;
INSERT INTO fracttaldb.tareas (id, titulo, descripcion, fecha_vencimiento, prioridad, completada, usuario_id, categoria_id, lote) VALUES (895, 'Task 596 for user 1', 'Description for task 596', '2025-12-8', 3, FALSE, 1, 105, 'lote-2') ON CONFLICT(id) DO NOTHING;
INSERT INTO fracttaldb.tarea_etiquetas (tarea_id, etiqueta_id) VALUES (895, 304) ON CONFLICT (tarea_id, etiqueta_id) DO NOTHING;
INSERT INTO fracttaldb.tareas (id, titulo, descripcion, fecha_vencimiento, prioridad, completada, usuario_id, categoria_id, lote) VALUES (896, 'Task 597 for user 1', 'Description for task 597', '2025-12-23', 2, FALSE, 1, 101, 'lote-2') ON CONFLICT(id) DO NOTHING;
INSERT INTO fracttaldb.tarea_etiquetas (tarea_id, etiqueta_id) VALUES (896, 309) ON CONFLICT (tarea_id, etiqueta_id) DO NOTHING;
INSERT INTO fracttaldb.tarea_etiquetas (tarea_id, etiqueta_id) VALUES (896, 306) ON CONFLICT (tarea_id, etiqueta_id) DO NOTHING;
INSERT INTO fracttaldb.tareas (id, titulo, descripcion, fecha_vencimiento, prioridad, completada, usuario_id, categoria_id, lote) VALUES (897, 'Task 598 for user 1', 'Description for task 598', '2025-10-20', 3, FALSE, 1, 104, 'lote-2') ON CONFLICT(id) DO NOTHING;
INSERT INTO fracttaldb.tarea_etiquetas (tarea_id, etiqueta_id) VALUES (897, 306) ON CONFLICT (tarea_id, etiqueta_id) DO NOTHING;
INSERT INTO fracttaldb.tarea_etiquetas (tarea_id, etiqueta_id) VALUES (897, 308) ON CONFLICT (tarea_id, etiqueta_id) DO NOTHING;
INSERT INTO fracttaldb.tarea_etiquetas (tarea_id, etiqueta_id) VALUES (897, 305) ON CONFLICT (tarea_id, etiqueta_id) DO NOTHING;
INSERT INTO fracttaldb.tareas (id, titulo, descripcion, fecha_vencimiento, prioridad, completada, usuario_id, categoria_id, lote) VALUES (898, 'Task 599 for user 1', 'Description for task 599', '2025-11-16', 1, TRUE, 1, 107, 'lote-2') ON CONFLICT(id) DO NOTHING;
INSERT INTO fracttaldb.tarea_etiquetas (tarea_id, etiqueta_id) VALUES (898, 303) ON CONFLICT (tarea_id, etiqueta_id) DO NOTHING;
INSERT INTO fracttaldb.tareas (id, titulo, descripcion, fecha_vencimiento, prioridad, completada, usuario_id, categoria_id, lote) VALUES (899, 'Task 600 for user 1', 'Description for task 600', '2025-12-1', 3, TRUE, 1, 104, 'lote-2') ON CONFLICT(id) DO NOTHING;
INSERT INTO fracttaldb.tarea_etiquetas (tarea_id, etiqueta_id) VALUES (899, 309) ON CONFLICT (tarea_id, etiqueta_id) DO NOTHING;
INSERT INTO fracttaldb.tarea_etiquetas (tarea_id, etiqueta_id) VALUES (899, 303) ON CONFLICT (tarea_id, etiqueta_id) DO NOTHING;
INSERT INTO fracttaldb.tarea_etiquetas (tarea_id, etiqueta_id) VALUES (899, 307) ON CONFLICT (tarea_id, etiqueta_id) DO NOTHING;
INSERT INTO fracttaldb.tareas (id, titulo, descripcion, fecha_vencimiento, prioridad, completada, usuario_id, categoria_id, lote) VALUES (900, 'Task 601 for user 1', 'Description for task 601', '2025-10-15', 2, TRUE, 1, 103, 'lote-2') ON CONFLICT(id) DO NOTHING;
INSERT INTO fracttaldb.tarea_etiquetas (tarea_id, etiqueta_id) VALUES (900, 303) ON CONFLICT (tarea_id, etiqueta_id) DO NOTHING;
INSERT INTO fracttaldb.tareas (id, titulo, descripcion, fecha_vencimiento, prioridad, completada, usuario_id, categoria_id, lote) VALUES (901, 'Task 602 for user 1', 'Description for task 602', '2025-11-24', 3, TRUE, 1, 104, 'lote-2') ON CONFLICT(id) DO NOTHING;
INSERT INTO fracttaldb.tarea_etiquetas (tarea_id, etiqueta_id) VALUES (901, 306) ON CONFLICT (tarea_id, etiqueta_id) DO NOTHING;
INSERT INTO fracttaldb.tarea_etiquetas (tarea_id, etiqueta_id) VALUES (901, 305) ON CONFLICT (tarea_id, etiqueta_id) DO NOTHING;
INSERT INTO fracttaldb.tarea_etiquetas (tarea_id, etiqueta_id) VALUES (901, 309) ON CONFLICT (tarea_id, etiqueta_id) DO NOTHING;
INSERT INTO fracttaldb.tareas (id, titulo, descripcion, fecha_vencimiento, prioridad, completada, usuario_id, categoria_id, lote) VALUES (902, 'Task 603 for user 1', 'Description for task 603', '2025-10-26', 3, FALSE, 1, 103, 'lote-2') ON CONFLICT(id) DO NOTHING;
INSERT INTO fracttaldb.tarea_etiquetas (tarea_id, etiqueta_id) VALUES (902, 303) ON CONFLICT (tarea_id, etiqueta_id) DO NOTHING;
INSERT INTO fracttaldb.tarea_etiquetas (tarea_id, etiqueta_id) VALUES (902, 305) ON CONFLICT (tarea_id, etiqueta_id) DO NOTHING;
INSERT INTO fracttaldb.tarea_etiquetas (tarea_id, etiqueta_id) VALUES (902, 308) ON CONFLICT (tarea_id, etiqueta_id) DO NOTHING;
INSERT INTO fracttaldb.tareas (id, titulo, descripcion, fecha_vencimiento, prioridad, completada, usuario_id, categoria_id, lote) VALUES (903, 'Task 604 for user 1', 'Description for task 604', '2025-12-28', 3, FALSE, 1, 105, 'lote-2') ON CONFLICT(id) DO NOTHING;
INSERT INTO fracttaldb.tarea_etiquetas (tarea_id, etiqueta_id) VALUES (903, 302) ON CONFLICT (tarea_id, etiqueta_id) DO NOTHING;
INSERT INTO fracttaldb.tarea_etiquetas (tarea_id, etiqueta_id) VALUES (903, 304) ON CONFLICT (tarea_id, etiqueta_id) DO NOTHING;
INSERT INTO fracttaldb.tareas (id, titulo, descripcion, fecha_vencimiento, prioridad, completada, usuario_id, categoria_id, lote) VALUES (904, 'Task 605 for user 1', 'Description for task 605', '2025-11-13', 3, TRUE, 1, 107, 'lote-2') ON CONFLICT(id) DO NOTHING;
INSERT INTO fracttaldb.tarea_etiquetas (tarea_id, etiqueta_id) VALUES (904, 309) ON CONFLICT (tarea_id, etiqueta_id) DO NOTHING;
INSERT INTO fracttaldb.tarea_etiquetas (tarea_id, etiqueta_id) VALUES (904, 308) ON CONFLICT (tarea_id, etiqueta_id) DO NOTHING;
INSERT INTO fracttaldb.tareas (id, titulo, descripcion, fecha_vencimiento, prioridad, completada, usuario_id, categoria_id, lote) VALUES (905, 'Task 606 for user 1', 'Description for task 606', '2025-12-10', 2, FALSE, 1, 106, 'lote-2') ON CONFLICT(id) DO NOTHING;
INSERT INTO fracttaldb.tarea_etiquetas (tarea_id, etiqueta_id) VALUES (905, 302) ON CONFLICT (tarea_id, etiqueta_id) DO NOTHING;
INSERT INTO fracttaldb.tareas (id, titulo, descripcion, fecha_vencimiento, prioridad, completada, usuario_id, categoria_id, lote) VALUES (906, 'Task 607 for user 1', 'Description for task 607', '2025-12-10', 3, TRUE, 1, 101, 'lote-2') ON CONFLICT(id) DO NOTHING;
INSERT INTO fracttaldb.tarea_etiquetas (tarea_id, etiqueta_id) VALUES (906, 304) ON CONFLICT (tarea_id, etiqueta_id) DO NOTHING;
INSERT INTO fracttaldb.tareas (id, titulo, descripcion, fecha_vencimiento, prioridad, completada, usuario_id, categoria_id, lote) VALUES (907, 'Task 608 for user 1', 'Description for task 608', '2025-11-26', 3, TRUE, 1, 106, 'lote-2') ON CONFLICT(id) DO NOTHING;
INSERT INTO fracttaldb.tarea_etiquetas (tarea_id, etiqueta_id) VALUES (907, 308) ON CONFLICT (tarea_id, etiqueta_id) DO NOTHING;
INSERT INTO fracttaldb.tareas (id, titulo, descripcion, fecha_vencimiento, prioridad, completada, usuario_id, categoria_id, lote) VALUES (908, 'Task 609 for user 1', 'Description for task 609', '2025-12-6', 2, FALSE, 1, 107, 'lote-2') ON CONFLICT(id) DO NOTHING;
INSERT INTO fracttaldb.tarea_etiquetas (tarea_id, etiqueta_id) VALUES (908, 308) ON CONFLICT (tarea_id, etiqueta_id) DO NOTHING;
INSERT INTO fracttaldb.tarea_etiquetas (tarea_id, etiqueta_id) VALUES (908, 307) ON CONFLICT (tarea_id, etiqueta_id) DO NOTHING;
INSERT INTO fracttaldb.tarea_etiquetas (tarea_id, etiqueta_id) VALUES (908, 305) ON CONFLICT (tarea_id, etiqueta_id) DO NOTHING;
INSERT INTO fracttaldb.tareas (id, titulo, descripcion, fecha_vencimiento, prioridad, completada, usuario_id, categoria_id, lote) VALUES (909, 'Task 610 for user 1', 'Description for task 610', '2025-11-18', 2, TRUE, 1, 101, 'lote-2') ON CONFLICT(id) DO NOTHING;
INSERT INTO fracttaldb.tarea_etiquetas (tarea_id, etiqueta_id) VALUES (909, 306) ON CONFLICT (tarea_id, etiqueta_id) DO NOTHING;
INSERT INTO fracttaldb.tarea_etiquetas (tarea_id, etiqueta_id) VALUES (909, 301) ON CONFLICT (tarea_id, etiqueta_id) DO NOTHING;
INSERT INTO fracttaldb.tarea_etiquetas (tarea_id, etiqueta_id) VALUES (909, 305) ON CONFLICT (tarea_id, etiqueta_id) DO NOTHING;
INSERT INTO fracttaldb.tareas (id, titulo, descripcion, fecha_vencimiento, prioridad, completada, usuario_id, categoria_id, lote) VALUES (910, 'Task 611 for user 1', 'Description for task 611', '2025-12-11', 3, TRUE, 1, 107, 'lote-2') ON CONFLICT(id) DO NOTHING;
INSERT INTO fracttaldb.tarea_etiquetas (tarea_id, etiqueta_id) VALUES (910, 309) ON CONFLICT (tarea_id, etiqueta_id) DO NOTHING;
INSERT INTO fracttaldb.tareas (id, titulo, descripcion, fecha_vencimiento, prioridad, completada, usuario_id, categoria_id, lote) VALUES (911, 'Task 612 for user 1', 'Description for task 612', '2025-11-20', 3, TRUE, 1, 105, 'lote-2') ON CONFLICT(id) DO NOTHING;
INSERT INTO fracttaldb.tarea_etiquetas (tarea_id, etiqueta_id) VALUES (911, 306) ON CONFLICT (tarea_id, etiqueta_id) DO NOTHING;
INSERT INTO fracttaldb.tarea_etiquetas (tarea_id, etiqueta_id) VALUES (911, 303) ON CONFLICT (tarea_id, etiqueta_id) DO NOTHING;
INSERT INTO fracttaldb.tarea_etiquetas (tarea_id, etiqueta_id) VALUES (911, 308) ON CONFLICT (tarea_id, etiqueta_id) DO NOTHING;
INSERT INTO fracttaldb.tareas (id, titulo, descripcion, fecha_vencimiento, prioridad, completada, usuario_id, categoria_id, lote) VALUES (912, 'Task 613 for user 1', 'Description for task 613', '2025-10-19', 1, FALSE, 1, 103, 'lote-2') ON CONFLICT(id) DO NOTHING;
INSERT INTO fracttaldb.tarea_etiquetas (tarea_id, etiqueta_id) VALUES (912, 304) ON CONFLICT (tarea_id, etiqueta_id) DO NOTHING;
INSERT INTO fracttaldb.tarea_etiquetas (tarea_id, etiqueta_id) VALUES (912, 305) ON CONFLICT (tarea_id, etiqueta_id) DO NOTHING;
INSERT INTO fracttaldb.tareas (id, titulo, descripcion, fecha_vencimiento, prioridad, completada, usuario_id, categoria_id, lote) VALUES (913, 'Task 614 for user 1', 'Description for task 614', '2025-12-28', 1, TRUE, 1, 101, 'lote-2') ON CONFLICT(id) DO NOTHING;
INSERT INTO fracttaldb.tarea_etiquetas (tarea_id, etiqueta_id) VALUES (913, 309) ON CONFLICT (tarea_id, etiqueta_id) DO NOTHING;
INSERT INTO fracttaldb.tarea_etiquetas (tarea_id, etiqueta_id) VALUES (913, 308) ON CONFLICT (tarea_id, etiqueta_id) DO NOTHING;
INSERT INTO fracttaldb.tareas (id, titulo, descripcion, fecha_vencimiento, prioridad, completada, usuario_id, categoria_id, lote) VALUES (914, 'Task 615 for user 1', 'Description for task 615', '2025-12-7', 2, FALSE, 1, 107, 'lote-2') ON CONFLICT(id) DO NOTHING;
INSERT INTO fracttaldb.tarea_etiquetas (tarea_id, etiqueta_id) VALUES (914, 304) ON CONFLICT (tarea_id, etiqueta_id) DO NOTHING;
INSERT INTO fracttaldb.tareas (id, titulo, descripcion, fecha_vencimiento, prioridad, completada, usuario_id, categoria_id, lote) VALUES (915, 'Task 616 for user 1', 'Description for task 616', '2025-10-5', 3, TRUE, 1, 106, 'lote-2') ON CONFLICT(id) DO NOTHING;
INSERT INTO fracttaldb.tarea_etiquetas (tarea_id, etiqueta_id) VALUES (915, 302) ON CONFLICT (tarea_id, etiqueta_id) DO NOTHING;
INSERT INTO fracttaldb.tarea_etiquetas (tarea_id, etiqueta_id) VALUES (915, 301) ON CONFLICT (tarea_id, etiqueta_id) DO NOTHING;
INSERT INTO fracttaldb.tarea_etiquetas (tarea_id, etiqueta_id) VALUES (915, 305) ON CONFLICT (tarea_id, etiqueta_id) DO NOTHING;
INSERT INTO fracttaldb.tareas (id, titulo, descripcion, fecha_vencimiento, prioridad, completada, usuario_id, categoria_id, lote) VALUES (916, 'Task 617 for user 1', 'Description for task 617', '2025-12-21', 3, TRUE, 1, 107, 'lote-2') ON CONFLICT(id) DO NOTHING;
INSERT INTO fracttaldb.tarea_etiquetas (tarea_id, etiqueta_id) VALUES (916, 309) ON CONFLICT (tarea_id, etiqueta_id) DO NOTHING;
INSERT INTO fracttaldb.tareas (id, titulo, descripcion, fecha_vencimiento, prioridad, completada, usuario_id, categoria_id, lote) VALUES (917, 'Task 618 for user 1', 'Description for task 618', '2025-12-7', 1, FALSE, 1, 105, 'lote-2') ON CONFLICT(id) DO NOTHING;
INSERT INTO fracttaldb.tarea_etiquetas (tarea_id, etiqueta_id) VALUES (917, 309) ON CONFLICT (tarea_id, etiqueta_id) DO NOTHING;
INSERT INTO fracttaldb.tarea_etiquetas (tarea_id, etiqueta_id) VALUES (917, 302) ON CONFLICT (tarea_id, etiqueta_id) DO NOTHING;
INSERT INTO fracttaldb.tarea_etiquetas (tarea_id, etiqueta_id) VALUES (917, 301) ON CONFLICT (tarea_id, etiqueta_id) DO NOTHING;
INSERT INTO fracttaldb.tareas (id, titulo, descripcion, fecha_vencimiento, prioridad, completada, usuario_id, categoria_id, lote) VALUES (918, 'Task 619 for user 1', 'Description for task 619', '2025-11-6', 2, TRUE, 1, 107, 'lote-2') ON CONFLICT(id) DO NOTHING;
INSERT INTO fracttaldb.tarea_etiquetas (tarea_id, etiqueta_id) VALUES (918, 303) ON CONFLICT (tarea_id, etiqueta_id) DO NOTHING;
INSERT INTO fracttaldb.tarea_etiquetas (tarea_id, etiqueta_id) VALUES (918, 305) ON CONFLICT (tarea_id, etiqueta_id) DO NOTHING;
INSERT INTO fracttaldb.tarea_etiquetas (tarea_id, etiqueta_id) VALUES (918, 309) ON CONFLICT (tarea_id, etiqueta_id) DO NOTHING;
INSERT INTO fracttaldb.tareas (id, titulo, descripcion, fecha_vencimiento, prioridad, completada, usuario_id, categoria_id, lote) VALUES (919, 'Task 620 for user 1', 'Description for task 620', '2025-10-7', 2, FALSE, 1, 102, 'lote-2') ON CONFLICT(id) DO NOTHING;
INSERT INTO fracttaldb.tarea_etiquetas (tarea_id, etiqueta_id) VALUES (919, 303) ON CONFLICT (tarea_id, etiqueta_id) DO NOTHING;
INSERT INTO fracttaldb.tarea_etiquetas (tarea_id, etiqueta_id) VALUES (919, 306) ON CONFLICT (tarea_id, etiqueta_id) DO NOTHING;
INSERT INTO fracttaldb.tarea_etiquetas (tarea_id, etiqueta_id) VALUES (919, 305) ON CONFLICT (tarea_id, etiqueta_id) DO NOTHING;
INSERT INTO fracttaldb.tareas (id, titulo, descripcion, fecha_vencimiento, prioridad, completada, usuario_id, categoria_id, lote) VALUES (920, 'Task 621 for user 1', 'Description for task 621', '2025-12-22', 3, FALSE, 1, 107, 'lote-2') ON CONFLICT(id) DO NOTHING;
INSERT INTO fracttaldb.tarea_etiquetas (tarea_id, etiqueta_id) VALUES (920, 302) ON CONFLICT (tarea_id, etiqueta_id) DO NOTHING;
INSERT INTO fracttaldb.tarea_etiquetas (tarea_id, etiqueta_id) VALUES (920, 304) ON CONFLICT (tarea_id, etiqueta_id) DO NOTHING;
INSERT INTO fracttaldb.tareas (id, titulo, descripcion, fecha_vencimiento, prioridad, completada, usuario_id, categoria_id, lote) VALUES (921, 'Task 622 for user 1', 'Description for task 622', '2025-10-19', 1, FALSE, 1, 106, 'lote-2') ON CONFLICT(id) DO NOTHING;
INSERT INTO fracttaldb.tarea_etiquetas (tarea_id, etiqueta_id) VALUES (921, 306) ON CONFLICT (tarea_id, etiqueta_id) DO NOTHING;
INSERT INTO fracttaldb.tarea_etiquetas (tarea_id, etiqueta_id) VALUES (921, 302) ON CONFLICT (tarea_id, etiqueta_id) DO NOTHING;
INSERT INTO fracttaldb.tareas (id, titulo, descripcion, fecha_vencimiento, prioridad, completada, usuario_id, categoria_id, lote) VALUES (922, 'Task 623 for user 1', 'Description for task 623', '2025-11-13', 3, FALSE, 1, 104, 'lote-2') ON CONFLICT(id) DO NOTHING;
INSERT INTO fracttaldb.tarea_etiquetas (tarea_id, etiqueta_id) VALUES (922, 301) ON CONFLICT (tarea_id, etiqueta_id) DO NOTHING;
INSERT INTO fracttaldb.tareas (id, titulo, descripcion, fecha_vencimiento, prioridad, completada, usuario_id, categoria_id, lote) VALUES (923, 'Task 624 for user 1', 'Description for task 624', '2025-10-14', 1, TRUE, 1, 107, 'lote-2') ON CONFLICT(id) DO NOTHING;
INSERT INTO fracttaldb.tarea_etiquetas (tarea_id, etiqueta_id) VALUES (923, 303) ON CONFLICT (tarea_id, etiqueta_id) DO NOTHING;
INSERT INTO fracttaldb.tareas (id, titulo, descripcion, fecha_vencimiento, prioridad, completada, usuario_id, categoria_id, lote) VALUES (924, 'Task 625 for user 1', 'Description for task 625', '2025-11-24', 2, TRUE, 1, 103, 'lote-2') ON CONFLICT(id) DO NOTHING;
INSERT INTO fracttaldb.tarea_etiquetas (tarea_id, etiqueta_id) VALUES (924, 309) ON CONFLICT (tarea_id, etiqueta_id) DO NOTHING;
INSERT INTO fracttaldb.tareas (id, titulo, descripcion, fecha_vencimiento, prioridad, completada, usuario_id, categoria_id, lote) VALUES (925, 'Task 626 for user 1', 'Description for task 626', '2025-12-3', 1, TRUE, 1, 106, 'lote-2') ON CONFLICT(id) DO NOTHING;
INSERT INTO fracttaldb.tarea_etiquetas (tarea_id, etiqueta_id) VALUES (925, 304) ON CONFLICT (tarea_id, etiqueta_id) DO NOTHING;
INSERT INTO fracttaldb.tarea_etiquetas (tarea_id, etiqueta_id) VALUES (925, 306) ON CONFLICT (tarea_id, etiqueta_id) DO NOTHING;
INSERT INTO fracttaldb.tareas (id, titulo, descripcion, fecha_vencimiento, prioridad, completada, usuario_id, categoria_id, lote) VALUES (926, 'Task 627 for user 1', 'Description for task 627', '2025-10-17', 1, TRUE, 1, 106, 'lote-2') ON CONFLICT(id) DO NOTHING;
INSERT INTO fracttaldb.tarea_etiquetas (tarea_id, etiqueta_id) VALUES (926, 307) ON CONFLICT (tarea_id, etiqueta_id) DO NOTHING;
INSERT INTO fracttaldb.tareas (id, titulo, descripcion, fecha_vencimiento, prioridad, completada, usuario_id, categoria_id, lote) VALUES (927, 'Task 628 for user 1', 'Description for task 628', '2025-10-4', 3, FALSE, 1, 103, 'lote-2') ON CONFLICT(id) DO NOTHING;
INSERT INTO fracttaldb.tarea_etiquetas (tarea_id, etiqueta_id) VALUES (927, 308) ON CONFLICT (tarea_id, etiqueta_id) DO NOTHING;
INSERT INTO fracttaldb.tarea_etiquetas (tarea_id, etiqueta_id) VALUES (927, 303) ON CONFLICT (tarea_id, etiqueta_id) DO NOTHING;
INSERT INTO fracttaldb.tareas (id, titulo, descripcion, fecha_vencimiento, prioridad, completada, usuario_id, categoria_id, lote) VALUES (928, 'Task 629 for user 1', 'Description for task 629', '2025-10-23', 1, FALSE, 1, 103, 'lote-2') ON CONFLICT(id) DO NOTHING;
INSERT INTO fracttaldb.tarea_etiquetas (tarea_id, etiqueta_id) VALUES (928, 301) ON CONFLICT (tarea_id, etiqueta_id) DO NOTHING;
INSERT INTO fracttaldb.tareas (id, titulo, descripcion, fecha_vencimiento, prioridad, completada, usuario_id, categoria_id, lote) VALUES (929, 'Task 630 for user 1', 'Description for task 630', '2025-11-28', 3, FALSE, 1, 105, 'lote-2') ON CONFLICT(id) DO NOTHING;
INSERT INTO fracttaldb.tarea_etiquetas (tarea_id, etiqueta_id) VALUES (929, 306) ON CONFLICT (tarea_id, etiqueta_id) DO NOTHING;
INSERT INTO fracttaldb.tarea_etiquetas (tarea_id, etiqueta_id) VALUES (929, 303) ON CONFLICT (tarea_id, etiqueta_id) DO NOTHING;
INSERT INTO fracttaldb.tareas (id, titulo, descripcion, fecha_vencimiento, prioridad, completada, usuario_id, categoria_id, lote) VALUES (930, 'Task 631 for user 1', 'Description for task 631', '2025-12-27', 2, FALSE, 1, 101, 'lote-2') ON CONFLICT(id) DO NOTHING;
INSERT INTO fracttaldb.tarea_etiquetas (tarea_id, etiqueta_id) VALUES (930, 303) ON CONFLICT (tarea_id, etiqueta_id) DO NOTHING;
INSERT INTO fracttaldb.tarea_etiquetas (tarea_id, etiqueta_id) VALUES (930, 307) ON CONFLICT (tarea_id, etiqueta_id) DO NOTHING;
INSERT INTO fracttaldb.tareas (id, titulo, descripcion, fecha_vencimiento, prioridad, completada, usuario_id, categoria_id, lote) VALUES (931, 'Task 632 for user 1', 'Description for task 632', '2025-10-13', 1, TRUE, 1, 105, 'lote-2') ON CONFLICT(id) DO NOTHING;
INSERT INTO fracttaldb.tarea_etiquetas (tarea_id, etiqueta_id) VALUES (931, 303) ON CONFLICT (tarea_id, etiqueta_id) DO NOTHING;
INSERT INTO fracttaldb.tareas (id, titulo, descripcion, fecha_vencimiento, prioridad, completada, usuario_id, categoria_id, lote) VALUES (932, 'Task 633 for user 1', 'Description for task 633', '2025-11-12', 1, TRUE, 1, 107, 'lote-2') ON CONFLICT(id) DO NOTHING;
INSERT INTO fracttaldb.tarea_etiquetas (tarea_id, etiqueta_id) VALUES (932, 304) ON CONFLICT (tarea_id, etiqueta_id) DO NOTHING;
INSERT INTO fracttaldb.tarea_etiquetas (tarea_id, etiqueta_id) VALUES (932, 301) ON CONFLICT (tarea_id, etiqueta_id) DO NOTHING;
INSERT INTO fracttaldb.tarea_etiquetas (tarea_id, etiqueta_id) VALUES (932, 303) ON CONFLICT (tarea_id, etiqueta_id) DO NOTHING;
INSERT INTO fracttaldb.tareas (id, titulo, descripcion, fecha_vencimiento, prioridad, completada, usuario_id, categoria_id, lote) VALUES (933, 'Task 634 for user 1', 'Description for task 634', '2025-12-15', 3, FALSE, 1, 106, 'lote-2') ON CONFLICT(id) DO NOTHING;
INSERT INTO fracttaldb.tarea_etiquetas (tarea_id, etiqueta_id) VALUES (933, 305) ON CONFLICT (tarea_id, etiqueta_id) DO NOTHING;
INSERT INTO fracttaldb.tarea_etiquetas (tarea_id, etiqueta_id) VALUES (933, 308) ON CONFLICT (tarea_id, etiqueta_id) DO NOTHING;
INSERT INTO fracttaldb.tarea_etiquetas (tarea_id, etiqueta_id) VALUES (933, 307) ON CONFLICT (tarea_id, etiqueta_id) DO NOTHING;
INSERT INTO fracttaldb.tareas (id, titulo, descripcion, fecha_vencimiento, prioridad, completada, usuario_id, categoria_id, lote) VALUES (934, 'Task 635 for user 1', 'Description for task 635', '2025-11-5', 2, FALSE, 1, 103, 'lote-2') ON CONFLICT(id) DO NOTHING;
INSERT INTO fracttaldb.tarea_etiquetas (tarea_id, etiqueta_id) VALUES (934, 303) ON CONFLICT (tarea_id, etiqueta_id) DO NOTHING;
INSERT INTO fracttaldb.tarea_etiquetas (tarea_id, etiqueta_id) VALUES (934, 302) ON CONFLICT (tarea_id, etiqueta_id) DO NOTHING;
INSERT INTO fracttaldb.tarea_etiquetas (tarea_id, etiqueta_id) VALUES (934, 301) ON CONFLICT (tarea_id, etiqueta_id) DO NOTHING;
INSERT INTO fracttaldb.tareas (id, titulo, descripcion, fecha_vencimiento, prioridad, completada, usuario_id, categoria_id, lote) VALUES (935, 'Task 636 for user 1', 'Description for task 636', '2025-12-20', 3, TRUE, 1, 105, 'lote-2') ON CONFLICT(id) DO NOTHING;
INSERT INTO fracttaldb.tarea_etiquetas (tarea_id, etiqueta_id) VALUES (935, 303) ON CONFLICT (tarea_id, etiqueta_id) DO NOTHING;
INSERT INTO fracttaldb.tareas (id, titulo, descripcion, fecha_vencimiento, prioridad, completada, usuario_id, categoria_id, lote) VALUES (936, 'Task 637 for user 1', 'Description for task 637', '2025-12-19', 2, FALSE, 1, 101, 'lote-2') ON CONFLICT(id) DO NOTHING;
INSERT INTO fracttaldb.tarea_etiquetas (tarea_id, etiqueta_id) VALUES (936, 306) ON CONFLICT (tarea_id, etiqueta_id) DO NOTHING;
INSERT INTO fracttaldb.tarea_etiquetas (tarea_id, etiqueta_id) VALUES (936, 303) ON CONFLICT (tarea_id, etiqueta_id) DO NOTHING;
INSERT INTO fracttaldb.tarea_etiquetas (tarea_id, etiqueta_id) VALUES (936, 305) ON CONFLICT (tarea_id, etiqueta_id) DO NOTHING;
INSERT INTO fracttaldb.tareas (id, titulo, descripcion, fecha_vencimiento, prioridad, completada, usuario_id, categoria_id, lote) VALUES (937, 'Task 638 for user 1', 'Description for task 638', '2025-12-27', 3, TRUE, 1, 104, 'lote-2') ON CONFLICT(id) DO NOTHING;
INSERT INTO fracttaldb.tarea_etiquetas (tarea_id, etiqueta_id) VALUES (937, 306) ON CONFLICT (tarea_id, etiqueta_id) DO NOTHING;
INSERT INTO fracttaldb.tareas (id, titulo, descripcion, fecha_vencimiento, prioridad, completada, usuario_id, categoria_id, lote) VALUES (938, 'Task 639 for user 1', 'Description for task 639', '2025-11-28', 3, TRUE, 1, 101, 'lote-2') ON CONFLICT(id) DO NOTHING;
INSERT INTO fracttaldb.tarea_etiquetas (tarea_id, etiqueta_id) VALUES (938, 308) ON CONFLICT (tarea_id, etiqueta_id) DO NOTHING;
INSERT INTO fracttaldb.tarea_etiquetas (tarea_id, etiqueta_id) VALUES (938, 302) ON CONFLICT (tarea_id, etiqueta_id) DO NOTHING;
INSERT INTO fracttaldb.tareas (id, titulo, descripcion, fecha_vencimiento, prioridad, completada, usuario_id, categoria_id, lote) VALUES (939, 'Task 640 for user 1', 'Description for task 640', '2025-12-24', 2, TRUE, 1, 102, 'lote-2') ON CONFLICT(id) DO NOTHING;
INSERT INTO fracttaldb.tarea_etiquetas (tarea_id, etiqueta_id) VALUES (939, 301) ON CONFLICT (tarea_id, etiqueta_id) DO NOTHING;
INSERT INTO fracttaldb.tarea_etiquetas (tarea_id, etiqueta_id) VALUES (939, 304) ON CONFLICT (tarea_id, etiqueta_id) DO NOTHING;
INSERT INTO fracttaldb.tareas (id, titulo, descripcion, fecha_vencimiento, prioridad, completada, usuario_id, categoria_id, lote) VALUES (940, 'Task 641 for user 1', 'Description for task 641', '2025-10-4', 3, FALSE, 1, 104, 'lote-2') ON CONFLICT(id) DO NOTHING;
INSERT INTO fracttaldb.tarea_etiquetas (tarea_id, etiqueta_id) VALUES (940, 307) ON CONFLICT (tarea_id, etiqueta_id) DO NOTHING;
INSERT INTO fracttaldb.tarea_etiquetas (tarea_id, etiqueta_id) VALUES (940, 308) ON CONFLICT (tarea_id, etiqueta_id) DO NOTHING;
INSERT INTO fracttaldb.tarea_etiquetas (tarea_id, etiqueta_id) VALUES (940, 309) ON CONFLICT (tarea_id, etiqueta_id) DO NOTHING;
INSERT INTO fracttaldb.tareas (id, titulo, descripcion, fecha_vencimiento, prioridad, completada, usuario_id, categoria_id, lote) VALUES (941, 'Task 642 for user 1', 'Description for task 642', '2025-11-6', 3, FALSE, 1, 103, 'lote-2') ON CONFLICT(id) DO NOTHING;
INSERT INTO fracttaldb.tarea_etiquetas (tarea_id, etiqueta_id) VALUES (941, 301) ON CONFLICT (tarea_id, etiqueta_id) DO NOTHING;
INSERT INTO fracttaldb.tareas (id, titulo, descripcion, fecha_vencimiento, prioridad, completada, usuario_id, categoria_id, lote) VALUES (942, 'Task 643 for user 1', 'Description for task 643', '2025-10-28', 2, TRUE, 1, 102, 'lote-2') ON CONFLICT(id) DO NOTHING;
INSERT INTO fracttaldb.tarea_etiquetas (tarea_id, etiqueta_id) VALUES (942, 305) ON CONFLICT (tarea_id, etiqueta_id) DO NOTHING;
INSERT INTO fracttaldb.tarea_etiquetas (tarea_id, etiqueta_id) VALUES (942, 303) ON CONFLICT (tarea_id, etiqueta_id) DO NOTHING;
INSERT INTO fracttaldb.tarea_etiquetas (tarea_id, etiqueta_id) VALUES (942, 309) ON CONFLICT (tarea_id, etiqueta_id) DO NOTHING;
INSERT INTO fracttaldb.tareas (id, titulo, descripcion, fecha_vencimiento, prioridad, completada, usuario_id, categoria_id, lote) VALUES (943, 'Task 644 for user 1', 'Description for task 644', '2025-11-6', 3, FALSE, 1, 107, 'lote-2') ON CONFLICT(id) DO NOTHING;
INSERT INTO fracttaldb.tarea_etiquetas (tarea_id, etiqueta_id) VALUES (943, 301) ON CONFLICT (tarea_id, etiqueta_id) DO NOTHING;
INSERT INTO fracttaldb.tarea_etiquetas (tarea_id, etiqueta_id) VALUES (943, 304) ON CONFLICT (tarea_id, etiqueta_id) DO NOTHING;
INSERT INTO fracttaldb.tarea_etiquetas (tarea_id, etiqueta_id) VALUES (943, 308) ON CONFLICT (tarea_id, etiqueta_id) DO NOTHING;
INSERT INTO fracttaldb.tareas (id, titulo, descripcion, fecha_vencimiento, prioridad, completada, usuario_id, categoria_id, lote) VALUES (944, 'Task 645 for user 1', 'Description for task 645', '2025-10-24', 2, TRUE, 1, 105, 'lote-2') ON CONFLICT(id) DO NOTHING;
INSERT INTO fracttaldb.tarea_etiquetas (tarea_id, etiqueta_id) VALUES (944, 304) ON CONFLICT (tarea_id, etiqueta_id) DO NOTHING;
INSERT INTO fracttaldb.tareas (id, titulo, descripcion, fecha_vencimiento, prioridad, completada, usuario_id, categoria_id, lote) VALUES (945, 'Task 646 for user 1', 'Description for task 646', '2025-12-19', 1, TRUE, 1, 101, 'lote-2') ON CONFLICT(id) DO NOTHING;
INSERT INTO fracttaldb.tarea_etiquetas (tarea_id, etiqueta_id) VALUES (945, 305) ON CONFLICT (tarea_id, etiqueta_id) DO NOTHING;
INSERT INTO fracttaldb.tareas (id, titulo, descripcion, fecha_vencimiento, prioridad, completada, usuario_id, categoria_id, lote) VALUES (946, 'Task 647 for user 1', 'Description for task 647', '2025-10-27', 2, TRUE, 1, 101, 'lote-2') ON CONFLICT(id) DO NOTHING;
INSERT INTO fracttaldb.tarea_etiquetas (tarea_id, etiqueta_id) VALUES (946, 306) ON CONFLICT (tarea_id, etiqueta_id) DO NOTHING;
INSERT INTO fracttaldb.tareas (id, titulo, descripcion, fecha_vencimiento, prioridad, completada, usuario_id, categoria_id, lote) VALUES (947, 'Task 648 for user 1', 'Description for task 648', '2025-10-7', 2, TRUE, 1, 101, 'lote-2') ON CONFLICT(id) DO NOTHING;
INSERT INTO fracttaldb.tarea_etiquetas (tarea_id, etiqueta_id) VALUES (947, 307) ON CONFLICT (tarea_id, etiqueta_id) DO NOTHING;
INSERT INTO fracttaldb.tareas (id, titulo, descripcion, fecha_vencimiento, prioridad, completada, usuario_id, categoria_id, lote) VALUES (948, 'Task 649 for user 1', 'Description for task 649', '2025-11-23', 3, TRUE, 1, 107, 'lote-2') ON CONFLICT(id) DO NOTHING;
INSERT INTO fracttaldb.tarea_etiquetas (tarea_id, etiqueta_id) VALUES (948, 303) ON CONFLICT (tarea_id, etiqueta_id) DO NOTHING;
INSERT INTO fracttaldb.tareas (id, titulo, descripcion, fecha_vencimiento, prioridad, completada, usuario_id, categoria_id, lote) VALUES (949, 'Task 650 for user 1', 'Description for task 650', '2025-12-16', 3, TRUE, 1, 106, 'lote-2') ON CONFLICT(id) DO NOTHING;
INSERT INTO fracttaldb.tarea_etiquetas (tarea_id, etiqueta_id) VALUES (949, 301) ON CONFLICT (tarea_id, etiqueta_id) DO NOTHING;
INSERT INTO fracttaldb.tarea_etiquetas (tarea_id, etiqueta_id) VALUES (949, 306) ON CONFLICT (tarea_id, etiqueta_id) DO NOTHING;
INSERT INTO fracttaldb.tarea_etiquetas (tarea_id, etiqueta_id) VALUES (949, 303) ON CONFLICT (tarea_id, etiqueta_id) DO NOTHING;
INSERT INTO fracttaldb.tareas (id, titulo, descripcion, fecha_vencimiento, prioridad, completada, usuario_id, categoria_id, lote) VALUES (950, 'Task 651 for user 1', 'Description for task 651', '2025-12-16', 2, TRUE, 1, 101, 'lote-2') ON CONFLICT(id) DO NOTHING;
INSERT INTO fracttaldb.tarea_etiquetas (tarea_id, etiqueta_id) VALUES (950, 304) ON CONFLICT (tarea_id, etiqueta_id) DO NOTHING;
INSERT INTO fracttaldb.tarea_etiquetas (tarea_id, etiqueta_id) VALUES (950, 309) ON CONFLICT (tarea_id, etiqueta_id) DO NOTHING;
INSERT INTO fracttaldb.tareas (id, titulo, descripcion, fecha_vencimiento, prioridad, completada, usuario_id, categoria_id, lote) VALUES (951, 'Task 652 for user 1', 'Description for task 652', '2025-10-3', 2, FALSE, 1, 107, 'lote-2') ON CONFLICT(id) DO NOTHING;
INSERT INTO fracttaldb.tarea_etiquetas (tarea_id, etiqueta_id) VALUES (951, 301) ON CONFLICT (tarea_id, etiqueta_id) DO NOTHING;
INSERT INTO fracttaldb.tareas (id, titulo, descripcion, fecha_vencimiento, prioridad, completada, usuario_id, categoria_id, lote) VALUES (952, 'Task 653 for user 1', 'Description for task 653', '2025-11-8', 2, TRUE, 1, 104, 'lote-2') ON CONFLICT(id) DO NOTHING;
INSERT INTO fracttaldb.tarea_etiquetas (tarea_id, etiqueta_id) VALUES (952, 302) ON CONFLICT (tarea_id, etiqueta_id) DO NOTHING;
INSERT INTO fracttaldb.tarea_etiquetas (tarea_id, etiqueta_id) VALUES (952, 301) ON CONFLICT (tarea_id, etiqueta_id) DO NOTHING;
INSERT INTO fracttaldb.tareas (id, titulo, descripcion, fecha_vencimiento, prioridad, completada, usuario_id, categoria_id, lote) VALUES (953, 'Task 654 for user 1', 'Description for task 654', '2025-12-6', 2, FALSE, 1, 101, 'lote-2') ON CONFLICT(id) DO NOTHING;
INSERT INTO fracttaldb.tarea_etiquetas (tarea_id, etiqueta_id) VALUES (953, 306) ON CONFLICT (tarea_id, etiqueta_id) DO NOTHING;
INSERT INTO fracttaldb.tarea_etiquetas (tarea_id, etiqueta_id) VALUES (953, 301) ON CONFLICT (tarea_id, etiqueta_id) DO NOTHING;
INSERT INTO fracttaldb.tarea_etiquetas (tarea_id, etiqueta_id) VALUES (953, 305) ON CONFLICT (tarea_id, etiqueta_id) DO NOTHING;
INSERT INTO fracttaldb.tareas (id, titulo, descripcion, fecha_vencimiento, prioridad, completada, usuario_id, categoria_id, lote) VALUES (954, 'Task 655 for user 1', 'Description for task 655', '2025-10-7', 1, TRUE, 1, 106, 'lote-2') ON CONFLICT(id) DO NOTHING;
INSERT INTO fracttaldb.tarea_etiquetas (tarea_id, etiqueta_id) VALUES (954, 309) ON CONFLICT (tarea_id, etiqueta_id) DO NOTHING;
INSERT INTO fracttaldb.tarea_etiquetas (tarea_id, etiqueta_id) VALUES (954, 304) ON CONFLICT (tarea_id, etiqueta_id) DO NOTHING;
INSERT INTO fracttaldb.tareas (id, titulo, descripcion, fecha_vencimiento, prioridad, completada, usuario_id, categoria_id, lote) VALUES (955, 'Task 656 for user 1', 'Description for task 656', '2025-12-2', 2, TRUE, 1, 107, 'lote-2') ON CONFLICT(id) DO NOTHING;
INSERT INTO fracttaldb.tarea_etiquetas (tarea_id, etiqueta_id) VALUES (955, 302) ON CONFLICT (tarea_id, etiqueta_id) DO NOTHING;
INSERT INTO fracttaldb.tarea_etiquetas (tarea_id, etiqueta_id) VALUES (955, 304) ON CONFLICT (tarea_id, etiqueta_id) DO NOTHING;
INSERT INTO fracttaldb.tarea_etiquetas (tarea_id, etiqueta_id) VALUES (955, 307) ON CONFLICT (tarea_id, etiqueta_id) DO NOTHING;
INSERT INTO fracttaldb.tareas (id, titulo, descripcion, fecha_vencimiento, prioridad, completada, usuario_id, categoria_id, lote) VALUES (956, 'Task 657 for user 1', 'Description for task 657', '2025-11-25', 1, TRUE, 1, 103, 'lote-2') ON CONFLICT(id) DO NOTHING;
INSERT INTO fracttaldb.tarea_etiquetas (tarea_id, etiqueta_id) VALUES (956, 303) ON CONFLICT (tarea_id, etiqueta_id) DO NOTHING;
INSERT INTO fracttaldb.tarea_etiquetas (tarea_id, etiqueta_id) VALUES (956, 309) ON CONFLICT (tarea_id, etiqueta_id) DO NOTHING;
INSERT INTO fracttaldb.tareas (id, titulo, descripcion, fecha_vencimiento, prioridad, completada, usuario_id, categoria_id, lote) VALUES (957, 'Task 658 for user 1', 'Description for task 658', '2025-12-1', 2, FALSE, 1, 101, 'lote-2') ON CONFLICT(id) DO NOTHING;
INSERT INTO fracttaldb.tarea_etiquetas (tarea_id, etiqueta_id) VALUES (957, 306) ON CONFLICT (tarea_id, etiqueta_id) DO NOTHING;
INSERT INTO fracttaldb.tarea_etiquetas (tarea_id, etiqueta_id) VALUES (957, 308) ON CONFLICT (tarea_id, etiqueta_id) DO NOTHING;
INSERT INTO fracttaldb.tarea_etiquetas (tarea_id, etiqueta_id) VALUES (957, 309) ON CONFLICT (tarea_id, etiqueta_id) DO NOTHING;
INSERT INTO fracttaldb.tareas (id, titulo, descripcion, fecha_vencimiento, prioridad, completada, usuario_id, categoria_id, lote) VALUES (958, 'Task 659 for user 1', 'Description for task 659', '2025-10-24', 1, FALSE, 1, 102, 'lote-2') ON CONFLICT(id) DO NOTHING;
INSERT INTO fracttaldb.tarea_etiquetas (tarea_id, etiqueta_id) VALUES (958, 302) ON CONFLICT (tarea_id, etiqueta_id) DO NOTHING;
INSERT INTO fracttaldb.tarea_etiquetas (tarea_id, etiqueta_id) VALUES (958, 307) ON CONFLICT (tarea_id, etiqueta_id) DO NOTHING;
INSERT INTO fracttaldb.tarea_etiquetas (tarea_id, etiqueta_id) VALUES (958, 304) ON CONFLICT (tarea_id, etiqueta_id) DO NOTHING;
INSERT INTO fracttaldb.tareas (id, titulo, descripcion, fecha_vencimiento, prioridad, completada, usuario_id, categoria_id, lote) VALUES (959, 'Task 660 for user 1', 'Description for task 660', '2025-11-23', 2, TRUE, 1, 101, 'lote-2') ON CONFLICT(id) DO NOTHING;
INSERT INTO fracttaldb.tarea_etiquetas (tarea_id, etiqueta_id) VALUES (959, 306) ON CONFLICT (tarea_id, etiqueta_id) DO NOTHING;
INSERT INTO fracttaldb.tarea_etiquetas (tarea_id, etiqueta_id) VALUES (959, 303) ON CONFLICT (tarea_id, etiqueta_id) DO NOTHING;
INSERT INTO fracttaldb.tareas (id, titulo, descripcion, fecha_vencimiento, prioridad, completada, usuario_id, categoria_id, lote) VALUES (960, 'Task 661 for user 1', 'Description for task 661', '2025-12-15', 1, TRUE, 1, 104, 'lote-2') ON CONFLICT(id) DO NOTHING;
INSERT INTO fracttaldb.tarea_etiquetas (tarea_id, etiqueta_id) VALUES (960, 302) ON CONFLICT (tarea_id, etiqueta_id) DO NOTHING;
INSERT INTO fracttaldb.tareas (id, titulo, descripcion, fecha_vencimiento, prioridad, completada, usuario_id, categoria_id, lote) VALUES (961, 'Task 662 for user 1', 'Description for task 662', '2025-11-20', 2, FALSE, 1, 102, 'lote-2') ON CONFLICT(id) DO NOTHING;
INSERT INTO fracttaldb.tarea_etiquetas (tarea_id, etiqueta_id) VALUES (961, 304) ON CONFLICT (tarea_id, etiqueta_id) DO NOTHING;
INSERT INTO fracttaldb.tarea_etiquetas (tarea_id, etiqueta_id) VALUES (961, 301) ON CONFLICT (tarea_id, etiqueta_id) DO NOTHING;
INSERT INTO fracttaldb.tarea_etiquetas (tarea_id, etiqueta_id) VALUES (961, 305) ON CONFLICT (tarea_id, etiqueta_id) DO NOTHING;
INSERT INTO fracttaldb.tareas (id, titulo, descripcion, fecha_vencimiento, prioridad, completada, usuario_id, categoria_id, lote) VALUES (962, 'Task 663 for user 1', 'Description for task 663', '2025-11-22', 3, TRUE, 1, 106, 'lote-2') ON CONFLICT(id) DO NOTHING;
INSERT INTO fracttaldb.tarea_etiquetas (tarea_id, etiqueta_id) VALUES (962, 304) ON CONFLICT (tarea_id, etiqueta_id) DO NOTHING;
INSERT INTO fracttaldb.tareas (id, titulo, descripcion, fecha_vencimiento, prioridad, completada, usuario_id, categoria_id, lote) VALUES (963, 'Task 664 for user 1', 'Description for task 664', '2025-11-13', 1, TRUE, 1, 104, 'lote-2') ON CONFLICT(id) DO NOTHING;
INSERT INTO fracttaldb.tarea_etiquetas (tarea_id, etiqueta_id) VALUES (963, 306) ON CONFLICT (tarea_id, etiqueta_id) DO NOTHING;
INSERT INTO fracttaldb.tarea_etiquetas (tarea_id, etiqueta_id) VALUES (963, 303) ON CONFLICT (tarea_id, etiqueta_id) DO NOTHING;
INSERT INTO fracttaldb.tarea_etiquetas (tarea_id, etiqueta_id) VALUES (963, 308) ON CONFLICT (tarea_id, etiqueta_id) DO NOTHING;
INSERT INTO fracttaldb.tareas (id, titulo, descripcion, fecha_vencimiento, prioridad, completada, usuario_id, categoria_id, lote) VALUES (964, 'Task 665 for user 1', 'Description for task 665', '2025-10-15', 2, TRUE, 1, 101, 'lote-2') ON CONFLICT(id) DO NOTHING;
INSERT INTO fracttaldb.tarea_etiquetas (tarea_id, etiqueta_id) VALUES (964, 307) ON CONFLICT (tarea_id, etiqueta_id) DO NOTHING;
INSERT INTO fracttaldb.tarea_etiquetas (tarea_id, etiqueta_id) VALUES (964, 301) ON CONFLICT (tarea_id, etiqueta_id) DO NOTHING;
INSERT INTO fracttaldb.tareas (id, titulo, descripcion, fecha_vencimiento, prioridad, completada, usuario_id, categoria_id, lote) VALUES (965, 'Task 666 for user 1', 'Description for task 666', '2025-11-28', 3, FALSE, 1, 107, 'lote-2') ON CONFLICT(id) DO NOTHING;
INSERT INTO fracttaldb.tarea_etiquetas (tarea_id, etiqueta_id) VALUES (965, 308) ON CONFLICT (tarea_id, etiqueta_id) DO NOTHING;
INSERT INTO fracttaldb.tarea_etiquetas (tarea_id, etiqueta_id) VALUES (965, 302) ON CONFLICT (tarea_id, etiqueta_id) DO NOTHING;
INSERT INTO fracttaldb.tarea_etiquetas (tarea_id, etiqueta_id) VALUES (965, 306) ON CONFLICT (tarea_id, etiqueta_id) DO NOTHING;
INSERT INTO fracttaldb.tareas (id, titulo, descripcion, fecha_vencimiento, prioridad, completada, usuario_id, categoria_id, lote) VALUES (966, 'Task 667 for user 1', 'Description for task 667', '2025-10-19', 3, TRUE, 1, 105, 'lote-2') ON CONFLICT(id) DO NOTHING;
INSERT INTO fracttaldb.tarea_etiquetas (tarea_id, etiqueta_id) VALUES (966, 307) ON CONFLICT (tarea_id, etiqueta_id) DO NOTHING;
INSERT INTO fracttaldb.tarea_etiquetas (tarea_id, etiqueta_id) VALUES (966, 304) ON CONFLICT (tarea_id, etiqueta_id) DO NOTHING;
INSERT INTO fracttaldb.tareas (id, titulo, descripcion, fecha_vencimiento, prioridad, completada, usuario_id, categoria_id, lote) VALUES (967, 'Task 668 for user 1', 'Description for task 668', '2025-11-24', 2, TRUE, 1, 101, 'lote-2') ON CONFLICT(id) DO NOTHING;
INSERT INTO fracttaldb.tarea_etiquetas (tarea_id, etiqueta_id) VALUES (967, 306) ON CONFLICT (tarea_id, etiqueta_id) DO NOTHING;
INSERT INTO fracttaldb.tareas (id, titulo, descripcion, fecha_vencimiento, prioridad, completada, usuario_id, categoria_id, lote) VALUES (968, 'Task 669 for user 1', 'Description for task 669', '2025-10-24', 2, FALSE, 1, 105, 'lote-2') ON CONFLICT(id) DO NOTHING;
INSERT INTO fracttaldb.tarea_etiquetas (tarea_id, etiqueta_id) VALUES (968, 306) ON CONFLICT (tarea_id, etiqueta_id) DO NOTHING;
INSERT INTO fracttaldb.tareas (id, titulo, descripcion, fecha_vencimiento, prioridad, completada, usuario_id, categoria_id, lote) VALUES (969, 'Task 670 for user 1', 'Description for task 670', '2025-11-10', 1, TRUE, 1, 103, 'lote-2') ON CONFLICT(id) DO NOTHING;
INSERT INTO fracttaldb.tarea_etiquetas (tarea_id, etiqueta_id) VALUES (969, 308) ON CONFLICT (tarea_id, etiqueta_id) DO NOTHING;
INSERT INTO fracttaldb.tareas (id, titulo, descripcion, fecha_vencimiento, prioridad, completada, usuario_id, categoria_id, lote) VALUES (970, 'Task 671 for user 1', 'Description for task 671', '2025-12-6', 2, TRUE, 1, 103, 'lote-2') ON CONFLICT(id) DO NOTHING;
INSERT INTO fracttaldb.tarea_etiquetas (tarea_id, etiqueta_id) VALUES (970, 301) ON CONFLICT (tarea_id, etiqueta_id) DO NOTHING;
INSERT INTO fracttaldb.tarea_etiquetas (tarea_id, etiqueta_id) VALUES (970, 304) ON CONFLICT (tarea_id, etiqueta_id) DO NOTHING;
INSERT INTO fracttaldb.tarea_etiquetas (tarea_id, etiqueta_id) VALUES (970, 306) ON CONFLICT (tarea_id, etiqueta_id) DO NOTHING;
INSERT INTO fracttaldb.tareas (id, titulo, descripcion, fecha_vencimiento, prioridad, completada, usuario_id, categoria_id, lote) VALUES (971, 'Task 672 for user 1', 'Description for task 672', '2025-12-28', 2, TRUE, 1, 102, 'lote-2') ON CONFLICT(id) DO NOTHING;
INSERT INTO fracttaldb.tarea_etiquetas (tarea_id, etiqueta_id) VALUES (971, 301) ON CONFLICT (tarea_id, etiqueta_id) DO NOTHING;
INSERT INTO fracttaldb.tarea_etiquetas (tarea_id, etiqueta_id) VALUES (971, 304) ON CONFLICT (tarea_id, etiqueta_id) DO NOTHING;
INSERT INTO fracttaldb.tareas (id, titulo, descripcion, fecha_vencimiento, prioridad, completada, usuario_id, categoria_id, lote) VALUES (972, 'Task 673 for user 1', 'Description for task 673', '2025-11-24', 2, TRUE, 1, 105, 'lote-2') ON CONFLICT(id) DO NOTHING;
INSERT INTO fracttaldb.tarea_etiquetas (tarea_id, etiqueta_id) VALUES (972, 301) ON CONFLICT (tarea_id, etiqueta_id) DO NOTHING;
INSERT INTO fracttaldb.tarea_etiquetas (tarea_id, etiqueta_id) VALUES (972, 309) ON CONFLICT (tarea_id, etiqueta_id) DO NOTHING;
INSERT INTO fracttaldb.tareas (id, titulo, descripcion, fecha_vencimiento, prioridad, completada, usuario_id, categoria_id, lote) VALUES (973, 'Task 674 for user 1', 'Description for task 674', '2025-10-17', 3, FALSE, 1, 106, 'lote-2') ON CONFLICT(id) DO NOTHING;
INSERT INTO fracttaldb.tarea_etiquetas (tarea_id, etiqueta_id) VALUES (973, 307) ON CONFLICT (tarea_id, etiqueta_id) DO NOTHING;
INSERT INTO fracttaldb.tarea_etiquetas (tarea_id, etiqueta_id) VALUES (973, 304) ON CONFLICT (tarea_id, etiqueta_id) DO NOTHING;
INSERT INTO fracttaldb.tarea_etiquetas (tarea_id, etiqueta_id) VALUES (973, 308) ON CONFLICT (tarea_id, etiqueta_id) DO NOTHING;
INSERT INTO fracttaldb.tareas (id, titulo, descripcion, fecha_vencimiento, prioridad, completada, usuario_id, categoria_id, lote) VALUES (974, 'Task 675 for user 1', 'Description for task 675', '2025-12-17', 2, TRUE, 1, 104, 'lote-2') ON CONFLICT(id) DO NOTHING;
INSERT INTO fracttaldb.tarea_etiquetas (tarea_id, etiqueta_id) VALUES (974, 309) ON CONFLICT (tarea_id, etiqueta_id) DO NOTHING;
INSERT INTO fracttaldb.tareas (id, titulo, descripcion, fecha_vencimiento, prioridad, completada, usuario_id, categoria_id, lote) VALUES (975, 'Task 676 for user 1', 'Description for task 676', '2025-11-4', 2, TRUE, 1, 105, 'lote-2') ON CONFLICT(id) DO NOTHING;
INSERT INTO fracttaldb.tarea_etiquetas (tarea_id, etiqueta_id) VALUES (975, 304) ON CONFLICT (tarea_id, etiqueta_id) DO NOTHING;
INSERT INTO fracttaldb.tarea_etiquetas (tarea_id, etiqueta_id) VALUES (975, 307) ON CONFLICT (tarea_id, etiqueta_id) DO NOTHING;
INSERT INTO fracttaldb.tarea_etiquetas (tarea_id, etiqueta_id) VALUES (975, 306) ON CONFLICT (tarea_id, etiqueta_id) DO NOTHING;
INSERT INTO fracttaldb.tareas (id, titulo, descripcion, fecha_vencimiento, prioridad, completada, usuario_id, categoria_id, lote) VALUES (976, 'Task 677 for user 1', 'Description for task 677', '2025-11-11', 2, FALSE, 1, 103, 'lote-2') ON CONFLICT(id) DO NOTHING;
INSERT INTO fracttaldb.tarea_etiquetas (tarea_id, etiqueta_id) VALUES (976, 308) ON CONFLICT (tarea_id, etiqueta_id) DO NOTHING;
INSERT INTO fracttaldb.tareas (id, titulo, descripcion, fecha_vencimiento, prioridad, completada, usuario_id, categoria_id, lote) VALUES (977, 'Task 678 for user 1', 'Description for task 678', '2025-10-13', 3, FALSE, 1, 101, 'lote-2') ON CONFLICT(id) DO NOTHING;
INSERT INTO fracttaldb.tarea_etiquetas (tarea_id, etiqueta_id) VALUES (977, 307) ON CONFLICT (tarea_id, etiqueta_id) DO NOTHING;
INSERT INTO fracttaldb.tarea_etiquetas (tarea_id, etiqueta_id) VALUES (977, 301) ON CONFLICT (tarea_id, etiqueta_id) DO NOTHING;
INSERT INTO fracttaldb.tareas (id, titulo, descripcion, fecha_vencimiento, prioridad, completada, usuario_id, categoria_id, lote) VALUES (978, 'Task 679 for user 1', 'Description for task 679', '2025-11-27', 2, FALSE, 1, 107, 'lote-2') ON CONFLICT(id) DO NOTHING;
INSERT INTO fracttaldb.tarea_etiquetas (tarea_id, etiqueta_id) VALUES (978, 307) ON CONFLICT (tarea_id, etiqueta_id) DO NOTHING;
INSERT INTO fracttaldb.tareas (id, titulo, descripcion, fecha_vencimiento, prioridad, completada, usuario_id, categoria_id, lote) VALUES (979, 'Task 680 for user 1', 'Description for task 680', '2025-10-6', 2, TRUE, 1, 104, 'lote-2') ON CONFLICT(id) DO NOTHING;
INSERT INTO fracttaldb.tarea_etiquetas (tarea_id, etiqueta_id) VALUES (979, 309) ON CONFLICT (tarea_id, etiqueta_id) DO NOTHING;
INSERT INTO fracttaldb.tarea_etiquetas (tarea_id, etiqueta_id) VALUES (979, 301) ON CONFLICT (tarea_id, etiqueta_id) DO NOTHING;
INSERT INTO fracttaldb.tarea_etiquetas (tarea_id, etiqueta_id) VALUES (979, 306) ON CONFLICT (tarea_id, etiqueta_id) DO NOTHING;
INSERT INTO fracttaldb.tareas (id, titulo, descripcion, fecha_vencimiento, prioridad, completada, usuario_id, categoria_id, lote) VALUES (980, 'Task 681 for user 1', 'Description for task 681', '2025-11-28', 2, FALSE, 1, 106, 'lote-2') ON CONFLICT(id) DO NOTHING;
INSERT INTO fracttaldb.tarea_etiquetas (tarea_id, etiqueta_id) VALUES (980, 302) ON CONFLICT (tarea_id, etiqueta_id) DO NOTHING;
INSERT INTO fracttaldb.tarea_etiquetas (tarea_id, etiqueta_id) VALUES (980, 308) ON CONFLICT (tarea_id, etiqueta_id) DO NOTHING;
INSERT INTO fracttaldb.tarea_etiquetas (tarea_id, etiqueta_id) VALUES (980, 305) ON CONFLICT (tarea_id, etiqueta_id) DO NOTHING;
INSERT INTO fracttaldb.tareas (id, titulo, descripcion, fecha_vencimiento, prioridad, completada, usuario_id, categoria_id, lote) VALUES (981, 'Task 682 for user 1', 'Description for task 682', '2025-12-2', 1, FALSE, 1, 104, 'lote-2') ON CONFLICT(id) DO NOTHING;
INSERT INTO fracttaldb.tarea_etiquetas (tarea_id, etiqueta_id) VALUES (981, 309) ON CONFLICT (tarea_id, etiqueta_id) DO NOTHING;
INSERT INTO fracttaldb.tarea_etiquetas (tarea_id, etiqueta_id) VALUES (981, 307) ON CONFLICT (tarea_id, etiqueta_id) DO NOTHING;
INSERT INTO fracttaldb.tareas (id, titulo, descripcion, fecha_vencimiento, prioridad, completada, usuario_id, categoria_id, lote) VALUES (982, 'Task 683 for user 1', 'Description for task 683', '2025-10-14', 1, FALSE, 1, 107, 'lote-2') ON CONFLICT(id) DO NOTHING;
INSERT INTO fracttaldb.tarea_etiquetas (tarea_id, etiqueta_id) VALUES (982, 307) ON CONFLICT (tarea_id, etiqueta_id) DO NOTHING;
INSERT INTO fracttaldb.tareas (id, titulo, descripcion, fecha_vencimiento, prioridad, completada, usuario_id, categoria_id, lote) VALUES (983, 'Task 684 for user 1', 'Description for task 684', '2025-10-16', 1, FALSE, 1, 101, 'lote-2') ON CONFLICT(id) DO NOTHING;
INSERT INTO fracttaldb.tarea_etiquetas (tarea_id, etiqueta_id) VALUES (983, 302) ON CONFLICT (tarea_id, etiqueta_id) DO NOTHING;
INSERT INTO fracttaldb.tareas (id, titulo, descripcion, fecha_vencimiento, prioridad, completada, usuario_id, categoria_id, lote) VALUES (984, 'Task 685 for user 1', 'Description for task 685', '2025-12-24', 1, FALSE, 1, 102, 'lote-2') ON CONFLICT(id) DO NOTHING;
INSERT INTO fracttaldb.tarea_etiquetas (tarea_id, etiqueta_id) VALUES (984, 302) ON CONFLICT (tarea_id, etiqueta_id) DO NOTHING;
INSERT INTO fracttaldb.tarea_etiquetas (tarea_id, etiqueta_id) VALUES (984, 308) ON CONFLICT (tarea_id, etiqueta_id) DO NOTHING;
INSERT INTO fracttaldb.tareas (id, titulo, descripcion, fecha_vencimiento, prioridad, completada, usuario_id, categoria_id, lote) VALUES (985, 'Task 686 for user 1', 'Description for task 686', '2025-11-9', 1, FALSE, 1, 107, 'lote-2') ON CONFLICT(id) DO NOTHING;
INSERT INTO fracttaldb.tarea_etiquetas (tarea_id, etiqueta_id) VALUES (985, 307) ON CONFLICT (tarea_id, etiqueta_id) DO NOTHING;
INSERT INTO fracttaldb.tarea_etiquetas (tarea_id, etiqueta_id) VALUES (985, 303) ON CONFLICT (tarea_id, etiqueta_id) DO NOTHING;
INSERT INTO fracttaldb.tarea_etiquetas (tarea_id, etiqueta_id) VALUES (985, 302) ON CONFLICT (tarea_id, etiqueta_id) DO NOTHING;
INSERT INTO fracttaldb.tareas (id, titulo, descripcion, fecha_vencimiento, prioridad, completada, usuario_id, categoria_id, lote) VALUES (986, 'Task 687 for user 1', 'Description for task 687', '2025-12-14', 2, FALSE, 1, 102, 'lote-2') ON CONFLICT(id) DO NOTHING;
INSERT INTO fracttaldb.tarea_etiquetas (tarea_id, etiqueta_id) VALUES (986, 304) ON CONFLICT (tarea_id, etiqueta_id) DO NOTHING;
INSERT INTO fracttaldb.tareas (id, titulo, descripcion, fecha_vencimiento, prioridad, completada, usuario_id, categoria_id, lote) VALUES (987, 'Task 688 for user 1', 'Description for task 688', '2025-12-5', 2, TRUE, 1, 103, 'lote-2') ON CONFLICT(id) DO NOTHING;
INSERT INTO fracttaldb.tarea_etiquetas (tarea_id, etiqueta_id) VALUES (987, 307) ON CONFLICT (tarea_id, etiqueta_id) DO NOTHING;
INSERT INTO fracttaldb.tarea_etiquetas (tarea_id, etiqueta_id) VALUES (987, 301) ON CONFLICT (tarea_id, etiqueta_id) DO NOTHING;
INSERT INTO fracttaldb.tareas (id, titulo, descripcion, fecha_vencimiento, prioridad, completada, usuario_id, categoria_id, lote) VALUES (988, 'Task 689 for user 1', 'Description for task 689', '2025-10-12', 2, TRUE, 1, 104, 'lote-2') ON CONFLICT(id) DO NOTHING;
INSERT INTO fracttaldb.tarea_etiquetas (tarea_id, etiqueta_id) VALUES (988, 301) ON CONFLICT (tarea_id, etiqueta_id) DO NOTHING;
INSERT INTO fracttaldb.tareas (id, titulo, descripcion, fecha_vencimiento, prioridad, completada, usuario_id, categoria_id, lote) VALUES (989, 'Task 690 for user 1', 'Description for task 690', '2025-11-15', 3, TRUE, 1, 101, 'lote-2') ON CONFLICT(id) DO NOTHING;
INSERT INTO fracttaldb.tarea_etiquetas (tarea_id, etiqueta_id) VALUES (989, 309) ON CONFLICT (tarea_id, etiqueta_id) DO NOTHING;
INSERT INTO fracttaldb.tarea_etiquetas (tarea_id, etiqueta_id) VALUES (989, 302) ON CONFLICT (tarea_id, etiqueta_id) DO NOTHING;
INSERT INTO fracttaldb.tarea_etiquetas (tarea_id, etiqueta_id) VALUES (989, 303) ON CONFLICT (tarea_id, etiqueta_id) DO NOTHING;
INSERT INTO fracttaldb.tareas (id, titulo, descripcion, fecha_vencimiento, prioridad, completada, usuario_id, categoria_id, lote) VALUES (990, 'Task 691 for user 1', 'Description for task 691', '2025-11-2', 1, FALSE, 1, 101, 'lote-2') ON CONFLICT(id) DO NOTHING;
INSERT INTO fracttaldb.tarea_etiquetas (tarea_id, etiqueta_id) VALUES (990, 308) ON CONFLICT (tarea_id, etiqueta_id) DO NOTHING;
INSERT INTO fracttaldb.tareas (id, titulo, descripcion, fecha_vencimiento, prioridad, completada, usuario_id, categoria_id, lote) VALUES (991, 'Task 692 for user 1', 'Description for task 692', '2025-11-4', 3, TRUE, 1, 103, 'lote-2') ON CONFLICT(id) DO NOTHING;
INSERT INTO fracttaldb.tarea_etiquetas (tarea_id, etiqueta_id) VALUES (991, 303) ON CONFLICT (tarea_id, etiqueta_id) DO NOTHING;
INSERT INTO fracttaldb.tareas (id, titulo, descripcion, fecha_vencimiento, prioridad, completada, usuario_id, categoria_id, lote) VALUES (992, 'Task 693 for user 1', 'Description for task 693', '2025-12-20', 2, TRUE, 1, 101, 'lote-2') ON CONFLICT(id) DO NOTHING;
INSERT INTO fracttaldb.tarea_etiquetas (tarea_id, etiqueta_id) VALUES (992, 309) ON CONFLICT (tarea_id, etiqueta_id) DO NOTHING;
INSERT INTO fracttaldb.tareas (id, titulo, descripcion, fecha_vencimiento, prioridad, completada, usuario_id, categoria_id, lote) VALUES (993, 'Task 694 for user 1', 'Description for task 694', '2025-11-16', 3, FALSE, 1, 106, 'lote-2') ON CONFLICT(id) DO NOTHING;
INSERT INTO fracttaldb.tarea_etiquetas (tarea_id, etiqueta_id) VALUES (993, 307) ON CONFLICT (tarea_id, etiqueta_id) DO NOTHING;
INSERT INTO fracttaldb.tarea_etiquetas (tarea_id, etiqueta_id) VALUES (993, 306) ON CONFLICT (tarea_id, etiqueta_id) DO NOTHING;
INSERT INTO fracttaldb.tareas (id, titulo, descripcion, fecha_vencimiento, prioridad, completada, usuario_id, categoria_id, lote) VALUES (994, 'Task 695 for user 1', 'Description for task 695', '2025-11-28', 2, FALSE, 1, 105, 'lote-2') ON CONFLICT(id) DO NOTHING;
INSERT INTO fracttaldb.tarea_etiquetas (tarea_id, etiqueta_id) VALUES (994, 306) ON CONFLICT (tarea_id, etiqueta_id) DO NOTHING;
INSERT INTO fracttaldb.tareas (id, titulo, descripcion, fecha_vencimiento, prioridad, completada, usuario_id, categoria_id, lote) VALUES (995, 'Task 696 for user 1', 'Description for task 696', '2025-10-28', 2, TRUE, 1, 103, 'lote-2') ON CONFLICT(id) DO NOTHING;
INSERT INTO fracttaldb.tarea_etiquetas (tarea_id, etiqueta_id) VALUES (995, 301) ON CONFLICT (tarea_id, etiqueta_id) DO NOTHING;
INSERT INTO fracttaldb.tarea_etiquetas (tarea_id, etiqueta_id) VALUES (995, 303) ON CONFLICT (tarea_id, etiqueta_id) DO NOTHING;
INSERT INTO fracttaldb.tarea_etiquetas (tarea_id, etiqueta_id) VALUES (995, 308) ON CONFLICT (tarea_id, etiqueta_id) DO NOTHING;
INSERT INTO fracttaldb.tareas (id, titulo, descripcion, fecha_vencimiento, prioridad, completada, usuario_id, categoria_id, lote) VALUES (996, 'Task 697 for user 1', 'Description for task 697', '2025-11-20', 1, FALSE, 1, 104, 'lote-2') ON CONFLICT(id) DO NOTHING;
INSERT INTO fracttaldb.tarea_etiquetas (tarea_id, etiqueta_id) VALUES (996, 303) ON CONFLICT (tarea_id, etiqueta_id) DO NOTHING;
INSERT INTO fracttaldb.tarea_etiquetas (tarea_id, etiqueta_id) VALUES (996, 302) ON CONFLICT (tarea_id, etiqueta_id) DO NOTHING;
INSERT INTO fracttaldb.tareas (id, titulo, descripcion, fecha_vencimiento, prioridad, completada, usuario_id, categoria_id, lote) VALUES (997, 'Task 698 for user 1', 'Description for task 698', '2025-11-23', 1, TRUE, 1, 105, 'lote-2') ON CONFLICT(id) DO NOTHING;
INSERT INTO fracttaldb.tarea_etiquetas (tarea_id, etiqueta_id) VALUES (997, 304) ON CONFLICT (tarea_id, etiqueta_id) DO NOTHING;
INSERT INTO fracttaldb.tareas (id, titulo, descripcion, fecha_vencimiento, prioridad, completada, usuario_id, categoria_id, lote) VALUES (998, 'Task 699 for user 1', 'Description for task 699', '2025-10-28', 3, TRUE, 1, 106, 'lote-2') ON CONFLICT(id) DO NOTHING;
INSERT INTO fracttaldb.tarea_etiquetas (tarea_id, etiqueta_id) VALUES (998, 303) ON CONFLICT (tarea_id, etiqueta_id) DO NOTHING;
INSERT INTO fracttaldb.tarea_etiquetas (tarea_id, etiqueta_id) VALUES (998, 305) ON CONFLICT (tarea_id, etiqueta_id) DO NOTHING;
INSERT INTO fracttaldb.tarea_etiquetas (tarea_id, etiqueta_id) VALUES (998, 304) ON CONFLICT (tarea_id, etiqueta_id) DO NOTHING;
INSERT INTO fracttaldb.tareas (id, titulo, descripcion, fecha_vencimiento, prioridad, completada, usuario_id, categoria_id, lote) VALUES (999, 'Task 700 for user 1', 'Description for task 700', '2025-10-15', 2, TRUE, 1, 102, 'lote-2') ON CONFLICT(id) DO NOTHING;
INSERT INTO fracttaldb.tarea_etiquetas (tarea_id, etiqueta_id) VALUES (999, 301) ON CONFLICT (tarea_id, etiqueta_id) DO NOTHING;
INSERT INTO fracttaldb.tareas (id, titulo, descripcion, fecha_vencimiento, prioridad, completada, usuario_id, categoria_id, lote) VALUES (1000, 'Task 701 for user 1', 'Description for task 701', '2025-12-11', 3, FALSE, 1, 101, 'lote-2') ON CONFLICT(id) DO NOTHING;
INSERT INTO fracttaldb.tarea_etiquetas (tarea_id, etiqueta_id) VALUES (1000, 307) ON CONFLICT (tarea_id, etiqueta_id) DO NOTHING;
INSERT INTO fracttaldb.tarea_etiquetas (tarea_id, etiqueta_id) VALUES (1000, 305) ON CONFLICT (tarea_id, etiqueta_id) DO NOTHING;
INSERT INTO fracttaldb.tarea_etiquetas (tarea_id, etiqueta_id) VALUES (1000, 301) ON CONFLICT (tarea_id, etiqueta_id) DO NOTHING;
INSERT INTO fracttaldb.tareas (id, titulo, descripcion, fecha_vencimiento, prioridad, completada, usuario_id, categoria_id, lote) VALUES (1001, 'Task 702 for user 1', 'Description for task 702', '2025-12-10', 2, TRUE, 1, 103, 'lote-2') ON CONFLICT(id) DO NOTHING;
INSERT INTO fracttaldb.tarea_etiquetas (tarea_id, etiqueta_id) VALUES (1001, 307) ON CONFLICT (tarea_id, etiqueta_id) DO NOTHING;
INSERT INTO fracttaldb.tareas (id, titulo, descripcion, fecha_vencimiento, prioridad, completada, usuario_id, categoria_id, lote) VALUES (1002, 'Task 703 for user 1', 'Description for task 703', '2025-11-22', 2, TRUE, 1, 103, 'lote-2') ON CONFLICT(id) DO NOTHING;
INSERT INTO fracttaldb.tarea_etiquetas (tarea_id, etiqueta_id) VALUES (1002, 307) ON CONFLICT (tarea_id, etiqueta_id) DO NOTHING;
INSERT INTO fracttaldb.tarea_etiquetas (tarea_id, etiqueta_id) VALUES (1002, 309) ON CONFLICT (tarea_id, etiqueta_id) DO NOTHING;
INSERT INTO fracttaldb.tareas (id, titulo, descripcion, fecha_vencimiento, prioridad, completada, usuario_id, categoria_id, lote) VALUES (1003, 'Task 704 for user 1', 'Description for task 704', '2025-12-4', 1, FALSE, 1, 106, 'lote-2') ON CONFLICT(id) DO NOTHING;
INSERT INTO fracttaldb.tarea_etiquetas (tarea_id, etiqueta_id) VALUES (1003, 308) ON CONFLICT (tarea_id, etiqueta_id) DO NOTHING;
INSERT INTO fracttaldb.tarea_etiquetas (tarea_id, etiqueta_id) VALUES (1003, 304) ON CONFLICT (tarea_id, etiqueta_id) DO NOTHING;
INSERT INTO fracttaldb.tareas (id, titulo, descripcion, fecha_vencimiento, prioridad, completada, usuario_id, categoria_id, lote) VALUES (1004, 'Task 705 for user 1', 'Description for task 705', '2025-11-20', 3, TRUE, 1, 107, 'lote-2') ON CONFLICT(id) DO NOTHING;
INSERT INTO fracttaldb.tarea_etiquetas (tarea_id, etiqueta_id) VALUES (1004, 309) ON CONFLICT (tarea_id, etiqueta_id) DO NOTHING;
INSERT INTO fracttaldb.tareas (id, titulo, descripcion, fecha_vencimiento, prioridad, completada, usuario_id, categoria_id, lote) VALUES (1005, 'Task 706 for user 1', 'Description for task 706', '2025-11-11', 2, FALSE, 1, 103, 'lote-2') ON CONFLICT(id) DO NOTHING;
INSERT INTO fracttaldb.tarea_etiquetas (tarea_id, etiqueta_id) VALUES (1005, 308) ON CONFLICT (tarea_id, etiqueta_id) DO NOTHING;
INSERT INTO fracttaldb.tarea_etiquetas (tarea_id, etiqueta_id) VALUES (1005, 303) ON CONFLICT (tarea_id, etiqueta_id) DO NOTHING;
INSERT INTO fracttaldb.tareas (id, titulo, descripcion, fecha_vencimiento, prioridad, completada, usuario_id, categoria_id, lote) VALUES (1006, 'Task 707 for user 1', 'Description for task 707', '2025-10-23', 3, TRUE, 1, 101, 'lote-2') ON CONFLICT(id) DO NOTHING;
INSERT INTO fracttaldb.tarea_etiquetas (tarea_id, etiqueta_id) VALUES (1006, 306) ON CONFLICT (tarea_id, etiqueta_id) DO NOTHING;
INSERT INTO fracttaldb.tarea_etiquetas (tarea_id, etiqueta_id) VALUES (1006, 304) ON CONFLICT (tarea_id, etiqueta_id) DO NOTHING;
INSERT INTO fracttaldb.tarea_etiquetas (tarea_id, etiqueta_id) VALUES (1006, 302) ON CONFLICT (tarea_id, etiqueta_id) DO NOTHING;
INSERT INTO fracttaldb.tareas (id, titulo, descripcion, fecha_vencimiento, prioridad, completada, usuario_id, categoria_id, lote) VALUES (1007, 'Task 708 for user 1', 'Description for task 708', '2025-10-26', 3, FALSE, 1, 106, 'lote-2') ON CONFLICT(id) DO NOTHING;
INSERT INTO fracttaldb.tarea_etiquetas (tarea_id, etiqueta_id) VALUES (1007, 303) ON CONFLICT (tarea_id, etiqueta_id) DO NOTHING;
INSERT INTO fracttaldb.tareas (id, titulo, descripcion, fecha_vencimiento, prioridad, completada, usuario_id, categoria_id, lote) VALUES (1008, 'Task 709 for user 1', 'Description for task 709', '2025-10-4', 3, FALSE, 1, 102, 'lote-2') ON CONFLICT(id) DO NOTHING;
INSERT INTO fracttaldb.tarea_etiquetas (tarea_id, etiqueta_id) VALUES (1008, 309) ON CONFLICT (tarea_id, etiqueta_id) DO NOTHING;
INSERT INTO fracttaldb.tareas (id, titulo, descripcion, fecha_vencimiento, prioridad, completada, usuario_id, categoria_id, lote) VALUES (1009, 'Task 710 for user 1', 'Description for task 710', '2025-12-19', 3, TRUE, 1, 102, 'lote-2') ON CONFLICT(id) DO NOTHING;
INSERT INTO fracttaldb.tarea_etiquetas (tarea_id, etiqueta_id) VALUES (1009, 307) ON CONFLICT (tarea_id, etiqueta_id) DO NOTHING;
INSERT INTO fracttaldb.tareas (id, titulo, descripcion, fecha_vencimiento, prioridad, completada, usuario_id, categoria_id, lote) VALUES (1010, 'Task 711 for user 1', 'Description for task 711', '2025-12-26', 3, FALSE, 1, 105, 'lote-2') ON CONFLICT(id) DO NOTHING;
INSERT INTO fracttaldb.tarea_etiquetas (tarea_id, etiqueta_id) VALUES (1010, 307) ON CONFLICT (tarea_id, etiqueta_id) DO NOTHING;
INSERT INTO fracttaldb.tarea_etiquetas (tarea_id, etiqueta_id) VALUES (1010, 303) ON CONFLICT (tarea_id, etiqueta_id) DO NOTHING;
INSERT INTO fracttaldb.tarea_etiquetas (tarea_id, etiqueta_id) VALUES (1010, 302) ON CONFLICT (tarea_id, etiqueta_id) DO NOTHING;
INSERT INTO fracttaldb.tareas (id, titulo, descripcion, fecha_vencimiento, prioridad, completada, usuario_id, categoria_id, lote) VALUES (1011, 'Task 712 for user 1', 'Description for task 712', '2025-12-21', 2, TRUE, 1, 105, 'lote-2') ON CONFLICT(id) DO NOTHING;
INSERT INTO fracttaldb.tarea_etiquetas (tarea_id, etiqueta_id) VALUES (1011, 305) ON CONFLICT (tarea_id, etiqueta_id) DO NOTHING;
INSERT INTO fracttaldb.tarea_etiquetas (tarea_id, etiqueta_id) VALUES (1011, 307) ON CONFLICT (tarea_id, etiqueta_id) DO NOTHING;
INSERT INTO fracttaldb.tareas (id, titulo, descripcion, fecha_vencimiento, prioridad, completada, usuario_id, categoria_id, lote) VALUES (1012, 'Task 713 for user 1', 'Description for task 713', '2025-11-22', 3, FALSE, 1, 101, 'lote-2') ON CONFLICT(id) DO NOTHING;
INSERT INTO fracttaldb.tarea_etiquetas (tarea_id, etiqueta_id) VALUES (1012, 302) ON CONFLICT (tarea_id, etiqueta_id) DO NOTHING;
INSERT INTO fracttaldb.tarea_etiquetas (tarea_id, etiqueta_id) VALUES (1012, 306) ON CONFLICT (tarea_id, etiqueta_id) DO NOTHING;
INSERT INTO fracttaldb.tareas (id, titulo, descripcion, fecha_vencimiento, prioridad, completada, usuario_id, categoria_id, lote) VALUES (1013, 'Task 714 for user 1', 'Description for task 714', '2025-11-19', 1, TRUE, 1, 102, 'lote-2') ON CONFLICT(id) DO NOTHING;
INSERT INTO fracttaldb.tarea_etiquetas (tarea_id, etiqueta_id) VALUES (1013, 308) ON CONFLICT (tarea_id, etiqueta_id) DO NOTHING;
INSERT INTO fracttaldb.tareas (id, titulo, descripcion, fecha_vencimiento, prioridad, completada, usuario_id, categoria_id, lote) VALUES (1014, 'Task 715 for user 1', 'Description for task 715', '2025-10-15', 1, TRUE, 1, 107, 'lote-2') ON CONFLICT(id) DO NOTHING;
INSERT INTO fracttaldb.tarea_etiquetas (tarea_id, etiqueta_id) VALUES (1014, 305) ON CONFLICT (tarea_id, etiqueta_id) DO NOTHING;
INSERT INTO fracttaldb.tareas (id, titulo, descripcion, fecha_vencimiento, prioridad, completada, usuario_id, categoria_id, lote) VALUES (1015, 'Task 716 for user 1', 'Description for task 716', '2025-10-6', 3, FALSE, 1, 105, 'lote-2') ON CONFLICT(id) DO NOTHING;
INSERT INTO fracttaldb.tarea_etiquetas (tarea_id, etiqueta_id) VALUES (1015, 303) ON CONFLICT (tarea_id, etiqueta_id) DO NOTHING;
INSERT INTO fracttaldb.tarea_etiquetas (tarea_id, etiqueta_id) VALUES (1015, 309) ON CONFLICT (tarea_id, etiqueta_id) DO NOTHING;
INSERT INTO fracttaldb.tarea_etiquetas (tarea_id, etiqueta_id) VALUES (1015, 307) ON CONFLICT (tarea_id, etiqueta_id) DO NOTHING;
INSERT INTO fracttaldb.tareas (id, titulo, descripcion, fecha_vencimiento, prioridad, completada, usuario_id, categoria_id, lote) VALUES (1016, 'Task 717 for user 1', 'Description for task 717', '2025-12-18', 1, TRUE, 1, 106, 'lote-2') ON CONFLICT(id) DO NOTHING;
INSERT INTO fracttaldb.tarea_etiquetas (tarea_id, etiqueta_id) VALUES (1016, 308) ON CONFLICT (tarea_id, etiqueta_id) DO NOTHING;
INSERT INTO fracttaldb.tareas (id, titulo, descripcion, fecha_vencimiento, prioridad, completada, usuario_id, categoria_id, lote) VALUES (1017, 'Task 718 for user 1', 'Description for task 718', '2025-11-24', 2, FALSE, 1, 102, 'lote-2') ON CONFLICT(id) DO NOTHING;
INSERT INTO fracttaldb.tarea_etiquetas (tarea_id, etiqueta_id) VALUES (1017, 308) ON CONFLICT (tarea_id, etiqueta_id) DO NOTHING;
INSERT INTO fracttaldb.tarea_etiquetas (tarea_id, etiqueta_id) VALUES (1017, 309) ON CONFLICT (tarea_id, etiqueta_id) DO NOTHING;
INSERT INTO fracttaldb.tareas (id, titulo, descripcion, fecha_vencimiento, prioridad, completada, usuario_id, categoria_id, lote) VALUES (1018, 'Task 719 for user 1', 'Description for task 719', '2025-10-24', 1, TRUE, 1, 105, 'lote-2') ON CONFLICT(id) DO NOTHING;
INSERT INTO fracttaldb.tarea_etiquetas (tarea_id, etiqueta_id) VALUES (1018, 307) ON CONFLICT (tarea_id, etiqueta_id) DO NOTHING;
INSERT INTO fracttaldb.tarea_etiquetas (tarea_id, etiqueta_id) VALUES (1018, 306) ON CONFLICT (tarea_id, etiqueta_id) DO NOTHING;
INSERT INTO fracttaldb.tarea_etiquetas (tarea_id, etiqueta_id) VALUES (1018, 304) ON CONFLICT (tarea_id, etiqueta_id) DO NOTHING;
INSERT INTO fracttaldb.tareas (id, titulo, descripcion, fecha_vencimiento, prioridad, completada, usuario_id, categoria_id, lote) VALUES (1019, 'Task 720 for user 1', 'Description for task 720', '2025-11-23', 2, TRUE, 1, 107, 'lote-2') ON CONFLICT(id) DO NOTHING;
INSERT INTO fracttaldb.tarea_etiquetas (tarea_id, etiqueta_id) VALUES (1019, 308) ON CONFLICT (tarea_id, etiqueta_id) DO NOTHING;
INSERT INTO fracttaldb.tarea_etiquetas (tarea_id, etiqueta_id) VALUES (1019, 305) ON CONFLICT (tarea_id, etiqueta_id) DO NOTHING;
INSERT INTO fracttaldb.tareas (id, titulo, descripcion, fecha_vencimiento, prioridad, completada, usuario_id, categoria_id, lote) VALUES (1020, 'Task 721 for user 1', 'Description for task 721', '2025-12-17', 2, FALSE, 1, 106, 'lote-2') ON CONFLICT(id) DO NOTHING;
INSERT INTO fracttaldb.tarea_etiquetas (tarea_id, etiqueta_id) VALUES (1020, 309) ON CONFLICT (tarea_id, etiqueta_id) DO NOTHING;
INSERT INTO fracttaldb.tarea_etiquetas (tarea_id, etiqueta_id) VALUES (1020, 306) ON CONFLICT (tarea_id, etiqueta_id) DO NOTHING;
INSERT INTO fracttaldb.tarea_etiquetas (tarea_id, etiqueta_id) VALUES (1020, 307) ON CONFLICT (tarea_id, etiqueta_id) DO NOTHING;
INSERT INTO fracttaldb.tareas (id, titulo, descripcion, fecha_vencimiento, prioridad, completada, usuario_id, categoria_id, lote) VALUES (1021, 'Task 722 for user 1', 'Description for task 722', '2025-10-22', 1, FALSE, 1, 106, 'lote-2') ON CONFLICT(id) DO NOTHING;
INSERT INTO fracttaldb.tarea_etiquetas (tarea_id, etiqueta_id) VALUES (1021, 307) ON CONFLICT (tarea_id, etiqueta_id) DO NOTHING;
INSERT INTO fracttaldb.tareas (id, titulo, descripcion, fecha_vencimiento, prioridad, completada, usuario_id, categoria_id, lote) VALUES (1022, 'Task 723 for user 1', 'Description for task 723', '2025-10-19', 3, FALSE, 1, 105, 'lote-2') ON CONFLICT(id) DO NOTHING;
INSERT INTO fracttaldb.tarea_etiquetas (tarea_id, etiqueta_id) VALUES (1022, 308) ON CONFLICT (tarea_id, etiqueta_id) DO NOTHING;
INSERT INTO fracttaldb.tareas (id, titulo, descripcion, fecha_vencimiento, prioridad, completada, usuario_id, categoria_id, lote) VALUES (1023, 'Task 724 for user 1', 'Description for task 724', '2025-11-5', 1, TRUE, 1, 102, 'lote-2') ON CONFLICT(id) DO NOTHING;
INSERT INTO fracttaldb.tarea_etiquetas (tarea_id, etiqueta_id) VALUES (1023, 301) ON CONFLICT (tarea_id, etiqueta_id) DO NOTHING;
INSERT INTO fracttaldb.tarea_etiquetas (tarea_id, etiqueta_id) VALUES (1023, 304) ON CONFLICT (tarea_id, etiqueta_id) DO NOTHING;
INSERT INTO fracttaldb.tareas (id, titulo, descripcion, fecha_vencimiento, prioridad, completada, usuario_id, categoria_id, lote) VALUES (1024, 'Task 725 for user 1', 'Description for task 725', '2025-12-26', 3, FALSE, 1, 105, 'lote-2') ON CONFLICT(id) DO NOTHING;
INSERT INTO fracttaldb.tarea_etiquetas (tarea_id, etiqueta_id) VALUES (1024, 305) ON CONFLICT (tarea_id, etiqueta_id) DO NOTHING;
INSERT INTO fracttaldb.tareas (id, titulo, descripcion, fecha_vencimiento, prioridad, completada, usuario_id, categoria_id, lote) VALUES (1025, 'Task 726 for user 1', 'Description for task 726', '2025-12-24', 1, TRUE, 1, 103, 'lote-2') ON CONFLICT(id) DO NOTHING;
INSERT INTO fracttaldb.tarea_etiquetas (tarea_id, etiqueta_id) VALUES (1025, 304) ON CONFLICT (tarea_id, etiqueta_id) DO NOTHING;
INSERT INTO fracttaldb.tareas (id, titulo, descripcion, fecha_vencimiento, prioridad, completada, usuario_id, categoria_id, lote) VALUES (1026, 'Task 727 for user 1', 'Description for task 727', '2025-12-5', 3, FALSE, 1, 106, 'lote-2') ON CONFLICT(id) DO NOTHING;
INSERT INTO fracttaldb.tarea_etiquetas (tarea_id, etiqueta_id) VALUES (1026, 307) ON CONFLICT (tarea_id, etiqueta_id) DO NOTHING;
INSERT INTO fracttaldb.tarea_etiquetas (tarea_id, etiqueta_id) VALUES (1026, 304) ON CONFLICT (tarea_id, etiqueta_id) DO NOTHING;
INSERT INTO fracttaldb.tarea_etiquetas (tarea_id, etiqueta_id) VALUES (1026, 306) ON CONFLICT (tarea_id, etiqueta_id) DO NOTHING;
INSERT INTO fracttaldb.tareas (id, titulo, descripcion, fecha_vencimiento, prioridad, completada, usuario_id, categoria_id, lote) VALUES (1027, 'Task 728 for user 1', 'Description for task 728', '2025-10-11', 2, TRUE, 1, 102, 'lote-2') ON CONFLICT(id) DO NOTHING;
INSERT INTO fracttaldb.tarea_etiquetas (tarea_id, etiqueta_id) VALUES (1027, 304) ON CONFLICT (tarea_id, etiqueta_id) DO NOTHING;
INSERT INTO fracttaldb.tarea_etiquetas (tarea_id, etiqueta_id) VALUES (1027, 305) ON CONFLICT (tarea_id, etiqueta_id) DO NOTHING;
INSERT INTO fracttaldb.tarea_etiquetas (tarea_id, etiqueta_id) VALUES (1027, 302) ON CONFLICT (tarea_id, etiqueta_id) DO NOTHING;
INSERT INTO fracttaldb.tareas (id, titulo, descripcion, fecha_vencimiento, prioridad, completada, usuario_id, categoria_id, lote) VALUES (1028, 'Task 729 for user 1', 'Description for task 729', '2025-12-23', 3, FALSE, 1, 105, 'lote-2') ON CONFLICT(id) DO NOTHING;
INSERT INTO fracttaldb.tarea_etiquetas (tarea_id, etiqueta_id) VALUES (1028, 308) ON CONFLICT (tarea_id, etiqueta_id) DO NOTHING;
INSERT INTO fracttaldb.tarea_etiquetas (tarea_id, etiqueta_id) VALUES (1028, 303) ON CONFLICT (tarea_id, etiqueta_id) DO NOTHING;
INSERT INTO fracttaldb.tarea_etiquetas (tarea_id, etiqueta_id) VALUES (1028, 307) ON CONFLICT (tarea_id, etiqueta_id) DO NOTHING;
INSERT INTO fracttaldb.tareas (id, titulo, descripcion, fecha_vencimiento, prioridad, completada, usuario_id, categoria_id, lote) VALUES (1029, 'Task 730 for user 1', 'Description for task 730', '2025-11-5', 3, TRUE, 1, 104, 'lote-2') ON CONFLICT(id) DO NOTHING;
INSERT INTO fracttaldb.tarea_etiquetas (tarea_id, etiqueta_id) VALUES (1029, 306) ON CONFLICT (tarea_id, etiqueta_id) DO NOTHING;
INSERT INTO fracttaldb.tareas (id, titulo, descripcion, fecha_vencimiento, prioridad, completada, usuario_id, categoria_id, lote) VALUES (1030, 'Task 731 for user 1', 'Description for task 731', '2025-10-28', 3, FALSE, 1, 102, 'lote-2') ON CONFLICT(id) DO NOTHING;
INSERT INTO fracttaldb.tarea_etiquetas (tarea_id, etiqueta_id) VALUES (1030, 309) ON CONFLICT (tarea_id, etiqueta_id) DO NOTHING;
INSERT INTO fracttaldb.tarea_etiquetas (tarea_id, etiqueta_id) VALUES (1030, 307) ON CONFLICT (tarea_id, etiqueta_id) DO NOTHING;
INSERT INTO fracttaldb.tarea_etiquetas (tarea_id, etiqueta_id) VALUES (1030, 304) ON CONFLICT (tarea_id, etiqueta_id) DO NOTHING;
INSERT INTO fracttaldb.tareas (id, titulo, descripcion, fecha_vencimiento, prioridad, completada, usuario_id, categoria_id, lote) VALUES (1031, 'Task 732 for user 1', 'Description for task 732', '2025-11-4', 1, FALSE, 1, 106, 'lote-2') ON CONFLICT(id) DO NOTHING;
INSERT INTO fracttaldb.tarea_etiquetas (tarea_id, etiqueta_id) VALUES (1031, 302) ON CONFLICT (tarea_id, etiqueta_id) DO NOTHING;
INSERT INTO fracttaldb.tarea_etiquetas (tarea_id, etiqueta_id) VALUES (1031, 308) ON CONFLICT (tarea_id, etiqueta_id) DO NOTHING;
INSERT INTO fracttaldb.tarea_etiquetas (tarea_id, etiqueta_id) VALUES (1031, 303) ON CONFLICT (tarea_id, etiqueta_id) DO NOTHING;
INSERT INTO fracttaldb.tareas (id, titulo, descripcion, fecha_vencimiento, prioridad, completada, usuario_id, categoria_id, lote) VALUES (1032, 'Task 733 for user 1', 'Description for task 733', '2025-10-24', 2, FALSE, 1, 102, 'lote-2') ON CONFLICT(id) DO NOTHING;
INSERT INTO fracttaldb.tarea_etiquetas (tarea_id, etiqueta_id) VALUES (1032, 308) ON CONFLICT (tarea_id, etiqueta_id) DO NOTHING;
INSERT INTO fracttaldb.tarea_etiquetas (tarea_id, etiqueta_id) VALUES (1032, 306) ON CONFLICT (tarea_id, etiqueta_id) DO NOTHING;
INSERT INTO fracttaldb.tarea_etiquetas (tarea_id, etiqueta_id) VALUES (1032, 305) ON CONFLICT (tarea_id, etiqueta_id) DO NOTHING;
INSERT INTO fracttaldb.tareas (id, titulo, descripcion, fecha_vencimiento, prioridad, completada, usuario_id, categoria_id, lote) VALUES (1033, 'Task 734 for user 1', 'Description for task 734', '2025-10-3', 2, FALSE, 1, 106, 'lote-2') ON CONFLICT(id) DO NOTHING;
INSERT INTO fracttaldb.tarea_etiquetas (tarea_id, etiqueta_id) VALUES (1033, 309) ON CONFLICT (tarea_id, etiqueta_id) DO NOTHING;
INSERT INTO fracttaldb.tareas (id, titulo, descripcion, fecha_vencimiento, prioridad, completada, usuario_id, categoria_id, lote) VALUES (1034, 'Task 735 for user 1', 'Description for task 735', '2025-12-2', 2, FALSE, 1, 103, 'lote-2') ON CONFLICT(id) DO NOTHING;
INSERT INTO fracttaldb.tarea_etiquetas (tarea_id, etiqueta_id) VALUES (1034, 302) ON CONFLICT (tarea_id, etiqueta_id) DO NOTHING;
INSERT INTO fracttaldb.tareas (id, titulo, descripcion, fecha_vencimiento, prioridad, completada, usuario_id, categoria_id, lote) VALUES (1035, 'Task 736 for user 1', 'Description for task 736', '2025-11-11', 3, TRUE, 1, 105, 'lote-2') ON CONFLICT(id) DO NOTHING;
INSERT INTO fracttaldb.tarea_etiquetas (tarea_id, etiqueta_id) VALUES (1035, 302) ON CONFLICT (tarea_id, etiqueta_id) DO NOTHING;
INSERT INTO fracttaldb.tarea_etiquetas (tarea_id, etiqueta_id) VALUES (1035, 304) ON CONFLICT (tarea_id, etiqueta_id) DO NOTHING;
INSERT INTO fracttaldb.tarea_etiquetas (tarea_id, etiqueta_id) VALUES (1035, 308) ON CONFLICT (tarea_id, etiqueta_id) DO NOTHING;
INSERT INTO fracttaldb.tareas (id, titulo, descripcion, fecha_vencimiento, prioridad, completada, usuario_id, categoria_id, lote) VALUES (1036, 'Task 737 for user 1', 'Description for task 737', '2025-12-7', 1, FALSE, 1, 102, 'lote-2') ON CONFLICT(id) DO NOTHING;
INSERT INTO fracttaldb.tarea_etiquetas (tarea_id, etiqueta_id) VALUES (1036, 308) ON CONFLICT (tarea_id, etiqueta_id) DO NOTHING;
INSERT INTO fracttaldb.tarea_etiquetas (tarea_id, etiqueta_id) VALUES (1036, 304) ON CONFLICT (tarea_id, etiqueta_id) DO NOTHING;
INSERT INTO fracttaldb.tareas (id, titulo, descripcion, fecha_vencimiento, prioridad, completada, usuario_id, categoria_id, lote) VALUES (1037, 'Task 738 for user 1', 'Description for task 738', '2025-10-23', 3, FALSE, 1, 103, 'lote-2') ON CONFLICT(id) DO NOTHING;
INSERT INTO fracttaldb.tarea_etiquetas (tarea_id, etiqueta_id) VALUES (1037, 303) ON CONFLICT (tarea_id, etiqueta_id) DO NOTHING;
INSERT INTO fracttaldb.tarea_etiquetas (tarea_id, etiqueta_id) VALUES (1037, 301) ON CONFLICT (tarea_id, etiqueta_id) DO NOTHING;
INSERT INTO fracttaldb.tareas (id, titulo, descripcion, fecha_vencimiento, prioridad, completada, usuario_id, categoria_id, lote) VALUES (1038, 'Task 739 for user 1', 'Description for task 739', '2025-11-18', 2, FALSE, 1, 102, 'lote-2') ON CONFLICT(id) DO NOTHING;
INSERT INTO fracttaldb.tarea_etiquetas (tarea_id, etiqueta_id) VALUES (1038, 305) ON CONFLICT (tarea_id, etiqueta_id) DO NOTHING;
INSERT INTO fracttaldb.tareas (id, titulo, descripcion, fecha_vencimiento, prioridad, completada, usuario_id, categoria_id, lote) VALUES (1039, 'Task 740 for user 1', 'Description for task 740', '2025-11-13', 3, TRUE, 1, 101, 'lote-2') ON CONFLICT(id) DO NOTHING;
INSERT INTO fracttaldb.tarea_etiquetas (tarea_id, etiqueta_id) VALUES (1039, 302) ON CONFLICT (tarea_id, etiqueta_id) DO NOTHING;
INSERT INTO fracttaldb.tarea_etiquetas (tarea_id, etiqueta_id) VALUES (1039, 305) ON CONFLICT (tarea_id, etiqueta_id) DO NOTHING;
INSERT INTO fracttaldb.tareas (id, titulo, descripcion, fecha_vencimiento, prioridad, completada, usuario_id, categoria_id, lote) VALUES (1040, 'Task 741 for user 1', 'Description for task 741', '2025-11-13', 3, TRUE, 1, 103, 'lote-2') ON CONFLICT(id) DO NOTHING;
INSERT INTO fracttaldb.tarea_etiquetas (tarea_id, etiqueta_id) VALUES (1040, 301) ON CONFLICT (tarea_id, etiqueta_id) DO NOTHING;
INSERT INTO fracttaldb.tareas (id, titulo, descripcion, fecha_vencimiento, prioridad, completada, usuario_id, categoria_id, lote) VALUES (1041, 'Task 742 for user 1', 'Description for task 742', '2025-10-9', 3, FALSE, 1, 103, 'lote-2') ON CONFLICT(id) DO NOTHING;
INSERT INTO fracttaldb.tarea_etiquetas (tarea_id, etiqueta_id) VALUES (1041, 305) ON CONFLICT (tarea_id, etiqueta_id) DO NOTHING;
INSERT INTO fracttaldb.tareas (id, titulo, descripcion, fecha_vencimiento, prioridad, completada, usuario_id, categoria_id, lote) VALUES (1042, 'Task 743 for user 1', 'Description for task 743', '2025-10-16', 2, TRUE, 1, 102, 'lote-2') ON CONFLICT(id) DO NOTHING;
INSERT INTO fracttaldb.tarea_etiquetas (tarea_id, etiqueta_id) VALUES (1042, 308) ON CONFLICT (tarea_id, etiqueta_id) DO NOTHING;
INSERT INTO fracttaldb.tarea_etiquetas (tarea_id, etiqueta_id) VALUES (1042, 305) ON CONFLICT (tarea_id, etiqueta_id) DO NOTHING;
INSERT INTO fracttaldb.tarea_etiquetas (tarea_id, etiqueta_id) VALUES (1042, 302) ON CONFLICT (tarea_id, etiqueta_id) DO NOTHING;
INSERT INTO fracttaldb.tareas (id, titulo, descripcion, fecha_vencimiento, prioridad, completada, usuario_id, categoria_id, lote) VALUES (1043, 'Task 744 for user 1', 'Description for task 744', '2025-10-27', 3, TRUE, 1, 106, 'lote-2') ON CONFLICT(id) DO NOTHING;
INSERT INTO fracttaldb.tarea_etiquetas (tarea_id, etiqueta_id) VALUES (1043, 307) ON CONFLICT (tarea_id, etiqueta_id) DO NOTHING;
INSERT INTO fracttaldb.tareas (id, titulo, descripcion, fecha_vencimiento, prioridad, completada, usuario_id, categoria_id, lote) VALUES (1044, 'Task 745 for user 1', 'Description for task 745', '2025-10-5', 2, FALSE, 1, 103, 'lote-2') ON CONFLICT(id) DO NOTHING;
INSERT INTO fracttaldb.tarea_etiquetas (tarea_id, etiqueta_id) VALUES (1044, 303) ON CONFLICT (tarea_id, etiqueta_id) DO NOTHING;
INSERT INTO fracttaldb.tareas (id, titulo, descripcion, fecha_vencimiento, prioridad, completada, usuario_id, categoria_id, lote) VALUES (1045, 'Task 746 for user 1', 'Description for task 746', '2025-10-24', 2, FALSE, 1, 103, 'lote-2') ON CONFLICT(id) DO NOTHING;
INSERT INTO fracttaldb.tarea_etiquetas (tarea_id, etiqueta_id) VALUES (1045, 308) ON CONFLICT (tarea_id, etiqueta_id) DO NOTHING;
INSERT INTO fracttaldb.tareas (id, titulo, descripcion, fecha_vencimiento, prioridad, completada, usuario_id, categoria_id, lote) VALUES (1046, 'Task 747 for user 1', 'Description for task 747', '2025-12-16', 1, TRUE, 1, 101, 'lote-2') ON CONFLICT(id) DO NOTHING;
INSERT INTO fracttaldb.tarea_etiquetas (tarea_id, etiqueta_id) VALUES (1046, 308) ON CONFLICT (tarea_id, etiqueta_id) DO NOTHING;
INSERT INTO fracttaldb.tarea_etiquetas (tarea_id, etiqueta_id) VALUES (1046, 306) ON CONFLICT (tarea_id, etiqueta_id) DO NOTHING;
INSERT INTO fracttaldb.tareas (id, titulo, descripcion, fecha_vencimiento, prioridad, completada, usuario_id, categoria_id, lote) VALUES (1047, 'Task 748 for user 1', 'Description for task 748', '2025-12-16', 2, FALSE, 1, 101, 'lote-2') ON CONFLICT(id) DO NOTHING;
INSERT INTO fracttaldb.tarea_etiquetas (tarea_id, etiqueta_id) VALUES (1047, 304) ON CONFLICT (tarea_id, etiqueta_id) DO NOTHING;
INSERT INTO fracttaldb.tareas (id, titulo, descripcion, fecha_vencimiento, prioridad, completada, usuario_id, categoria_id, lote) VALUES (1048, 'Task 749 for user 1', 'Description for task 749', '2025-10-27', 2, FALSE, 1, 107, 'lote-2') ON CONFLICT(id) DO NOTHING;
INSERT INTO fracttaldb.tarea_etiquetas (tarea_id, etiqueta_id) VALUES (1048, 306) ON CONFLICT (tarea_id, etiqueta_id) DO NOTHING;
INSERT INTO fracttaldb.tarea_etiquetas (tarea_id, etiqueta_id) VALUES (1048, 302) ON CONFLICT (tarea_id, etiqueta_id) DO NOTHING;
INSERT INTO fracttaldb.tareas (id, titulo, descripcion, fecha_vencimiento, prioridad, completada, usuario_id, categoria_id, lote) VALUES (1049, 'Task 750 for user 1', 'Description for task 750', '2025-10-21', 1, TRUE, 1, 105, 'lote-2') ON CONFLICT(id) DO NOTHING;
INSERT INTO fracttaldb.tarea_etiquetas (tarea_id, etiqueta_id) VALUES (1049, 307) ON CONFLICT (tarea_id, etiqueta_id) DO NOTHING;
INSERT INTO fracttaldb.tareas (id, titulo, descripcion, fecha_vencimiento, prioridad, completada, usuario_id, categoria_id, lote) VALUES (1050, 'Task 751 for user 1', 'Description for task 751', '2025-10-24', 2, TRUE, 1, 102, 'lote-2') ON CONFLICT(id) DO NOTHING;
INSERT INTO fracttaldb.tarea_etiquetas (tarea_id, etiqueta_id) VALUES (1050, 303) ON CONFLICT (tarea_id, etiqueta_id) DO NOTHING;
INSERT INTO fracttaldb.tareas (id, titulo, descripcion, fecha_vencimiento, prioridad, completada, usuario_id, categoria_id, lote) VALUES (1051, 'Task 752 for user 1', 'Description for task 752', '2025-10-28', 2, FALSE, 1, 107, 'lote-2') ON CONFLICT(id) DO NOTHING;
INSERT INTO fracttaldb.tarea_etiquetas (tarea_id, etiqueta_id) VALUES (1051, 306) ON CONFLICT (tarea_id, etiqueta_id) DO NOTHING;
INSERT INTO fracttaldb.tarea_etiquetas (tarea_id, etiqueta_id) VALUES (1051, 303) ON CONFLICT (tarea_id, etiqueta_id) DO NOTHING;
INSERT INTO fracttaldb.tareas (id, titulo, descripcion, fecha_vencimiento, prioridad, completada, usuario_id, categoria_id, lote) VALUES (1052, 'Task 753 for user 1', 'Description for task 753', '2025-12-9', 3, FALSE, 1, 107, 'lote-2') ON CONFLICT(id) DO NOTHING;
INSERT INTO fracttaldb.tarea_etiquetas (tarea_id, etiqueta_id) VALUES (1052, 308) ON CONFLICT (tarea_id, etiqueta_id) DO NOTHING;
INSERT INTO fracttaldb.tarea_etiquetas (tarea_id, etiqueta_id) VALUES (1052, 307) ON CONFLICT (tarea_id, etiqueta_id) DO NOTHING;
INSERT INTO fracttaldb.tarea_etiquetas (tarea_id, etiqueta_id) VALUES (1052, 303) ON CONFLICT (tarea_id, etiqueta_id) DO NOTHING;
INSERT INTO fracttaldb.tareas (id, titulo, descripcion, fecha_vencimiento, prioridad, completada, usuario_id, categoria_id, lote) VALUES (1053, 'Task 754 for user 1', 'Description for task 754', '2025-12-2', 2, TRUE, 1, 106, 'lote-2') ON CONFLICT(id) DO NOTHING;
INSERT INTO fracttaldb.tarea_etiquetas (tarea_id, etiqueta_id) VALUES (1053, 307) ON CONFLICT (tarea_id, etiqueta_id) DO NOTHING;
INSERT INTO fracttaldb.tarea_etiquetas (tarea_id, etiqueta_id) VALUES (1053, 303) ON CONFLICT (tarea_id, etiqueta_id) DO NOTHING;
INSERT INTO fracttaldb.tareas (id, titulo, descripcion, fecha_vencimiento, prioridad, completada, usuario_id, categoria_id, lote) VALUES (1054, 'Task 755 for user 1', 'Description for task 755', '2025-12-4', 3, TRUE, 1, 107, 'lote-2') ON CONFLICT(id) DO NOTHING;
INSERT INTO fracttaldb.tarea_etiquetas (tarea_id, etiqueta_id) VALUES (1054, 302) ON CONFLICT (tarea_id, etiqueta_id) DO NOTHING;
INSERT INTO fracttaldb.tarea_etiquetas (tarea_id, etiqueta_id) VALUES (1054, 304) ON CONFLICT (tarea_id, etiqueta_id) DO NOTHING;
INSERT INTO fracttaldb.tareas (id, titulo, descripcion, fecha_vencimiento, prioridad, completada, usuario_id, categoria_id, lote) VALUES (1055, 'Task 756 for user 1', 'Description for task 756', '2025-12-20', 1, FALSE, 1, 106, 'lote-2') ON CONFLICT(id) DO NOTHING;
INSERT INTO fracttaldb.tarea_etiquetas (tarea_id, etiqueta_id) VALUES (1055, 309) ON CONFLICT (tarea_id, etiqueta_id) DO NOTHING;
INSERT INTO fracttaldb.tareas (id, titulo, descripcion, fecha_vencimiento, prioridad, completada, usuario_id, categoria_id, lote) VALUES (1056, 'Task 757 for user 1', 'Description for task 757', '2025-10-2', 3, TRUE, 1, 105, 'lote-2') ON CONFLICT(id) DO NOTHING;
INSERT INTO fracttaldb.tarea_etiquetas (tarea_id, etiqueta_id) VALUES (1056, 303) ON CONFLICT (tarea_id, etiqueta_id) DO NOTHING;
INSERT INTO fracttaldb.tarea_etiquetas (tarea_id, etiqueta_id) VALUES (1056, 306) ON CONFLICT (tarea_id, etiqueta_id) DO NOTHING;
INSERT INTO fracttaldb.tarea_etiquetas (tarea_id, etiqueta_id) VALUES (1056, 308) ON CONFLICT (tarea_id, etiqueta_id) DO NOTHING;
INSERT INTO fracttaldb.tareas (id, titulo, descripcion, fecha_vencimiento, prioridad, completada, usuario_id, categoria_id, lote) VALUES (1057, 'Task 758 for user 1', 'Description for task 758', '2025-12-28', 2, TRUE, 1, 102, 'lote-2') ON CONFLICT(id) DO NOTHING;
INSERT INTO fracttaldb.tarea_etiquetas (tarea_id, etiqueta_id) VALUES (1057, 309) ON CONFLICT (tarea_id, etiqueta_id) DO NOTHING;
INSERT INTO fracttaldb.tarea_etiquetas (tarea_id, etiqueta_id) VALUES (1057, 308) ON CONFLICT (tarea_id, etiqueta_id) DO NOTHING;
INSERT INTO fracttaldb.tarea_etiquetas (tarea_id, etiqueta_id) VALUES (1057, 307) ON CONFLICT (tarea_id, etiqueta_id) DO NOTHING;
INSERT INTO fracttaldb.tareas (id, titulo, descripcion, fecha_vencimiento, prioridad, completada, usuario_id, categoria_id, lote) VALUES (1058, 'Task 759 for user 1', 'Description for task 759', '2025-12-21', 1, TRUE, 1, 101, 'lote-2') ON CONFLICT(id) DO NOTHING;
INSERT INTO fracttaldb.tarea_etiquetas (tarea_id, etiqueta_id) VALUES (1058, 304) ON CONFLICT (tarea_id, etiqueta_id) DO NOTHING;
INSERT INTO fracttaldb.tarea_etiquetas (tarea_id, etiqueta_id) VALUES (1058, 307) ON CONFLICT (tarea_id, etiqueta_id) DO NOTHING;
INSERT INTO fracttaldb.tarea_etiquetas (tarea_id, etiqueta_id) VALUES (1058, 309) ON CONFLICT (tarea_id, etiqueta_id) DO NOTHING;
INSERT INTO fracttaldb.tareas (id, titulo, descripcion, fecha_vencimiento, prioridad, completada, usuario_id, categoria_id, lote) VALUES (1059, 'Task 760 for user 1', 'Description for task 760', '2025-11-21', 3, TRUE, 1, 101, 'lote-2') ON CONFLICT(id) DO NOTHING;
INSERT INTO fracttaldb.tarea_etiquetas (tarea_id, etiqueta_id) VALUES (1059, 309) ON CONFLICT (tarea_id, etiqueta_id) DO NOTHING;
INSERT INTO fracttaldb.tarea_etiquetas (tarea_id, etiqueta_id) VALUES (1059, 303) ON CONFLICT (tarea_id, etiqueta_id) DO NOTHING;
INSERT INTO fracttaldb.tarea_etiquetas (tarea_id, etiqueta_id) VALUES (1059, 306) ON CONFLICT (tarea_id, etiqueta_id) DO NOTHING;
INSERT INTO fracttaldb.tareas (id, titulo, descripcion, fecha_vencimiento, prioridad, completada, usuario_id, categoria_id, lote) VALUES (1060, 'Task 761 for user 1', 'Description for task 761', '2025-12-2', 2, FALSE, 1, 101, 'lote-2') ON CONFLICT(id) DO NOTHING;
INSERT INTO fracttaldb.tarea_etiquetas (tarea_id, etiqueta_id) VALUES (1060, 302) ON CONFLICT (tarea_id, etiqueta_id) DO NOTHING;
INSERT INTO fracttaldb.tarea_etiquetas (tarea_id, etiqueta_id) VALUES (1060, 309) ON CONFLICT (tarea_id, etiqueta_id) DO NOTHING;
INSERT INTO fracttaldb.tareas (id, titulo, descripcion, fecha_vencimiento, prioridad, completada, usuario_id, categoria_id, lote) VALUES (1061, 'Task 762 for user 1', 'Description for task 762', '2025-10-26', 2, FALSE, 1, 107, 'lote-2') ON CONFLICT(id) DO NOTHING;
INSERT INTO fracttaldb.tarea_etiquetas (tarea_id, etiqueta_id) VALUES (1061, 309) ON CONFLICT (tarea_id, etiqueta_id) DO NOTHING;
INSERT INTO fracttaldb.tarea_etiquetas (tarea_id, etiqueta_id) VALUES (1061, 302) ON CONFLICT (tarea_id, etiqueta_id) DO NOTHING;
INSERT INTO fracttaldb.tarea_etiquetas (tarea_id, etiqueta_id) VALUES (1061, 305) ON CONFLICT (tarea_id, etiqueta_id) DO NOTHING;
INSERT INTO fracttaldb.tareas (id, titulo, descripcion, fecha_vencimiento, prioridad, completada, usuario_id, categoria_id, lote) VALUES (1062, 'Task 763 for user 1', 'Description for task 763', '2025-11-5', 1, TRUE, 1, 107, 'lote-2') ON CONFLICT(id) DO NOTHING;
INSERT INTO fracttaldb.tarea_etiquetas (tarea_id, etiqueta_id) VALUES (1062, 302) ON CONFLICT (tarea_id, etiqueta_id) DO NOTHING;
INSERT INTO fracttaldb.tareas (id, titulo, descripcion, fecha_vencimiento, prioridad, completada, usuario_id, categoria_id, lote) VALUES (1063, 'Task 764 for user 1', 'Description for task 764', '2025-10-5', 3, FALSE, 1, 104, 'lote-2') ON CONFLICT(id) DO NOTHING;
INSERT INTO fracttaldb.tarea_etiquetas (tarea_id, etiqueta_id) VALUES (1063, 301) ON CONFLICT (tarea_id, etiqueta_id) DO NOTHING;
INSERT INTO fracttaldb.tareas (id, titulo, descripcion, fecha_vencimiento, prioridad, completada, usuario_id, categoria_id, lote) VALUES (1064, 'Task 765 for user 1', 'Description for task 765', '2025-11-4', 3, FALSE, 1, 106, 'lote-2') ON CONFLICT(id) DO NOTHING;
INSERT INTO fracttaldb.tarea_etiquetas (tarea_id, etiqueta_id) VALUES (1064, 308) ON CONFLICT (tarea_id, etiqueta_id) DO NOTHING;
INSERT INTO fracttaldb.tareas (id, titulo, descripcion, fecha_vencimiento, prioridad, completada, usuario_id, categoria_id, lote) VALUES (1065, 'Task 766 for user 1', 'Description for task 766', '2025-12-24', 3, FALSE, 1, 104, 'lote-2') ON CONFLICT(id) DO NOTHING;
INSERT INTO fracttaldb.tarea_etiquetas (tarea_id, etiqueta_id) VALUES (1065, 304) ON CONFLICT (tarea_id, etiqueta_id) DO NOTHING;
INSERT INTO fracttaldb.tarea_etiquetas (tarea_id, etiqueta_id) VALUES (1065, 308) ON CONFLICT (tarea_id, etiqueta_id) DO NOTHING;
INSERT INTO fracttaldb.tareas (id, titulo, descripcion, fecha_vencimiento, prioridad, completada, usuario_id, categoria_id, lote) VALUES (1066, 'Task 767 for user 1', 'Description for task 767', '2025-11-28', 2, TRUE, 1, 107, 'lote-2') ON CONFLICT(id) DO NOTHING;
INSERT INTO fracttaldb.tarea_etiquetas (tarea_id, etiqueta_id) VALUES (1066, 305) ON CONFLICT (tarea_id, etiqueta_id) DO NOTHING;
INSERT INTO fracttaldb.tarea_etiquetas (tarea_id, etiqueta_id) VALUES (1066, 304) ON CONFLICT (tarea_id, etiqueta_id) DO NOTHING;
INSERT INTO fracttaldb.tareas (id, titulo, descripcion, fecha_vencimiento, prioridad, completada, usuario_id, categoria_id, lote) VALUES (1067, 'Task 768 for user 1', 'Description for task 768', '2025-10-16', 1, FALSE, 1, 106, 'lote-2') ON CONFLICT(id) DO NOTHING;
INSERT INTO fracttaldb.tarea_etiquetas (tarea_id, etiqueta_id) VALUES (1067, 304) ON CONFLICT (tarea_id, etiqueta_id) DO NOTHING;
INSERT INTO fracttaldb.tarea_etiquetas (tarea_id, etiqueta_id) VALUES (1067, 302) ON CONFLICT (tarea_id, etiqueta_id) DO NOTHING;
INSERT INTO fracttaldb.tareas (id, titulo, descripcion, fecha_vencimiento, prioridad, completada, usuario_id, categoria_id, lote) VALUES (1068, 'Task 769 for user 1', 'Description for task 769', '2025-11-18', 3, TRUE, 1, 103, 'lote-2') ON CONFLICT(id) DO NOTHING;
INSERT INTO fracttaldb.tarea_etiquetas (tarea_id, etiqueta_id) VALUES (1068, 301) ON CONFLICT (tarea_id, etiqueta_id) DO NOTHING;
INSERT INTO fracttaldb.tarea_etiquetas (tarea_id, etiqueta_id) VALUES (1068, 306) ON CONFLICT (tarea_id, etiqueta_id) DO NOTHING;
INSERT INTO fracttaldb.tareas (id, titulo, descripcion, fecha_vencimiento, prioridad, completada, usuario_id, categoria_id, lote) VALUES (1069, 'Task 770 for user 1', 'Description for task 770', '2025-10-18', 1, TRUE, 1, 101, 'lote-2') ON CONFLICT(id) DO NOTHING;
INSERT INTO fracttaldb.tarea_etiquetas (tarea_id, etiqueta_id) VALUES (1069, 307) ON CONFLICT (tarea_id, etiqueta_id) DO NOTHING;
INSERT INTO fracttaldb.tarea_etiquetas (tarea_id, etiqueta_id) VALUES (1069, 301) ON CONFLICT (tarea_id, etiqueta_id) DO NOTHING;
INSERT INTO fracttaldb.tarea_etiquetas (tarea_id, etiqueta_id) VALUES (1069, 309) ON CONFLICT (tarea_id, etiqueta_id) DO NOTHING;
INSERT INTO fracttaldb.tareas (id, titulo, descripcion, fecha_vencimiento, prioridad, completada, usuario_id, categoria_id, lote) VALUES (1070, 'Task 771 for user 1', 'Description for task 771', '2025-11-26', 2, TRUE, 1, 101, 'lote-2') ON CONFLICT(id) DO NOTHING;
INSERT INTO fracttaldb.tarea_etiquetas (tarea_id, etiqueta_id) VALUES (1070, 306) ON CONFLICT (tarea_id, etiqueta_id) DO NOTHING;
INSERT INTO fracttaldb.tareas (id, titulo, descripcion, fecha_vencimiento, prioridad, completada, usuario_id, categoria_id, lote) VALUES (1071, 'Task 772 for user 1', 'Description for task 772', '2025-10-3', 1, TRUE, 1, 101, 'lote-2') ON CONFLICT(id) DO NOTHING;
INSERT INTO fracttaldb.tarea_etiquetas (tarea_id, etiqueta_id) VALUES (1071, 306) ON CONFLICT (tarea_id, etiqueta_id) DO NOTHING;
INSERT INTO fracttaldb.tarea_etiquetas (tarea_id, etiqueta_id) VALUES (1071, 303) ON CONFLICT (tarea_id, etiqueta_id) DO NOTHING;
INSERT INTO fracttaldb.tarea_etiquetas (tarea_id, etiqueta_id) VALUES (1071, 309) ON CONFLICT (tarea_id, etiqueta_id) DO NOTHING;
INSERT INTO fracttaldb.tareas (id, titulo, descripcion, fecha_vencimiento, prioridad, completada, usuario_id, categoria_id, lote) VALUES (1072, 'Task 773 for user 1', 'Description for task 773', '2025-11-7', 2, TRUE, 1, 104, 'lote-2') ON CONFLICT(id) DO NOTHING;
INSERT INTO fracttaldb.tarea_etiquetas (tarea_id, etiqueta_id) VALUES (1072, 303) ON CONFLICT (tarea_id, etiqueta_id) DO NOTHING;
INSERT INTO fracttaldb.tarea_etiquetas (tarea_id, etiqueta_id) VALUES (1072, 309) ON CONFLICT (tarea_id, etiqueta_id) DO NOTHING;
INSERT INTO fracttaldb.tarea_etiquetas (tarea_id, etiqueta_id) VALUES (1072, 302) ON CONFLICT (tarea_id, etiqueta_id) DO NOTHING;
INSERT INTO fracttaldb.tareas (id, titulo, descripcion, fecha_vencimiento, prioridad, completada, usuario_id, categoria_id, lote) VALUES (1073, 'Task 774 for user 1', 'Description for task 774', '2025-12-26', 2, FALSE, 1, 107, 'lote-2') ON CONFLICT(id) DO NOTHING;
INSERT INTO fracttaldb.tarea_etiquetas (tarea_id, etiqueta_id) VALUES (1073, 309) ON CONFLICT (tarea_id, etiqueta_id) DO NOTHING;
INSERT INTO fracttaldb.tarea_etiquetas (tarea_id, etiqueta_id) VALUES (1073, 308) ON CONFLICT (tarea_id, etiqueta_id) DO NOTHING;
INSERT INTO fracttaldb.tarea_etiquetas (tarea_id, etiqueta_id) VALUES (1073, 306) ON CONFLICT (tarea_id, etiqueta_id) DO NOTHING;
INSERT INTO fracttaldb.tareas (id, titulo, descripcion, fecha_vencimiento, prioridad, completada, usuario_id, categoria_id, lote) VALUES (1074, 'Task 775 for user 1', 'Description for task 775', '2025-11-5', 3, TRUE, 1, 105, 'lote-2') ON CONFLICT(id) DO NOTHING;
INSERT INTO fracttaldb.tarea_etiquetas (tarea_id, etiqueta_id) VALUES (1074, 307) ON CONFLICT (tarea_id, etiqueta_id) DO NOTHING;
INSERT INTO fracttaldb.tarea_etiquetas (tarea_id, etiqueta_id) VALUES (1074, 309) ON CONFLICT (tarea_id, etiqueta_id) DO NOTHING;
INSERT INTO fracttaldb.tareas (id, titulo, descripcion, fecha_vencimiento, prioridad, completada, usuario_id, categoria_id, lote) VALUES (1075, 'Task 776 for user 1', 'Description for task 776', '2025-10-19', 2, TRUE, 1, 105, 'lote-2') ON CONFLICT(id) DO NOTHING;
INSERT INTO fracttaldb.tarea_etiquetas (tarea_id, etiqueta_id) VALUES (1075, 303) ON CONFLICT (tarea_id, etiqueta_id) DO NOTHING;
INSERT INTO fracttaldb.tarea_etiquetas (tarea_id, etiqueta_id) VALUES (1075, 306) ON CONFLICT (tarea_id, etiqueta_id) DO NOTHING;
INSERT INTO fracttaldb.tareas (id, titulo, descripcion, fecha_vencimiento, prioridad, completada, usuario_id, categoria_id, lote) VALUES (1076, 'Task 777 for user 1', 'Description for task 777', '2025-12-18', 3, TRUE, 1, 103, 'lote-2') ON CONFLICT(id) DO NOTHING;
INSERT INTO fracttaldb.tarea_etiquetas (tarea_id, etiqueta_id) VALUES (1076, 308) ON CONFLICT (tarea_id, etiqueta_id) DO NOTHING;
INSERT INTO fracttaldb.tareas (id, titulo, descripcion, fecha_vencimiento, prioridad, completada, usuario_id, categoria_id, lote) VALUES (1077, 'Task 778 for user 1', 'Description for task 778', '2025-11-21', 3, TRUE, 1, 106, 'lote-2') ON CONFLICT(id) DO NOTHING;
INSERT INTO fracttaldb.tarea_etiquetas (tarea_id, etiqueta_id) VALUES (1077, 304) ON CONFLICT (tarea_id, etiqueta_id) DO NOTHING;
INSERT INTO fracttaldb.tareas (id, titulo, descripcion, fecha_vencimiento, prioridad, completada, usuario_id, categoria_id, lote) VALUES (1078, 'Task 779 for user 1', 'Description for task 779', '2025-11-4', 2, TRUE, 1, 107, 'lote-2') ON CONFLICT(id) DO NOTHING;
INSERT INTO fracttaldb.tarea_etiquetas (tarea_id, etiqueta_id) VALUES (1078, 307) ON CONFLICT (tarea_id, etiqueta_id) DO NOTHING;
INSERT INTO fracttaldb.tareas (id, titulo, descripcion, fecha_vencimiento, prioridad, completada, usuario_id, categoria_id, lote) VALUES (1079, 'Task 780 for user 1', 'Description for task 780', '2025-11-18', 1, TRUE, 1, 107, 'lote-2') ON CONFLICT(id) DO NOTHING;
INSERT INTO fracttaldb.tarea_etiquetas (tarea_id, etiqueta_id) VALUES (1079, 306) ON CONFLICT (tarea_id, etiqueta_id) DO NOTHING;
INSERT INTO fracttaldb.tarea_etiquetas (tarea_id, etiqueta_id) VALUES (1079, 301) ON CONFLICT (tarea_id, etiqueta_id) DO NOTHING;
INSERT INTO fracttaldb.tarea_etiquetas (tarea_id, etiqueta_id) VALUES (1079, 308) ON CONFLICT (tarea_id, etiqueta_id) DO NOTHING;
INSERT INTO fracttaldb.tareas (id, titulo, descripcion, fecha_vencimiento, prioridad, completada, usuario_id, categoria_id, lote) VALUES (1080, 'Task 781 for user 1', 'Description for task 781', '2025-12-20', 3, TRUE, 1, 101, 'lote-2') ON CONFLICT(id) DO NOTHING;
INSERT INTO fracttaldb.tarea_etiquetas (tarea_id, etiqueta_id) VALUES (1080, 307) ON CONFLICT (tarea_id, etiqueta_id) DO NOTHING;
INSERT INTO fracttaldb.tareas (id, titulo, descripcion, fecha_vencimiento, prioridad, completada, usuario_id, categoria_id, lote) VALUES (1081, 'Task 782 for user 1', 'Description for task 782', '2025-10-9', 2, FALSE, 1, 105, 'lote-2') ON CONFLICT(id) DO NOTHING;
INSERT INTO fracttaldb.tarea_etiquetas (tarea_id, etiqueta_id) VALUES (1081, 307) ON CONFLICT (tarea_id, etiqueta_id) DO NOTHING;
INSERT INTO fracttaldb.tareas (id, titulo, descripcion, fecha_vencimiento, prioridad, completada, usuario_id, categoria_id, lote) VALUES (1082, 'Task 783 for user 1', 'Description for task 783', '2025-11-9', 3, TRUE, 1, 102, 'lote-2') ON CONFLICT(id) DO NOTHING;
INSERT INTO fracttaldb.tarea_etiquetas (tarea_id, etiqueta_id) VALUES (1082, 302) ON CONFLICT (tarea_id, etiqueta_id) DO NOTHING;
INSERT INTO fracttaldb.tarea_etiquetas (tarea_id, etiqueta_id) VALUES (1082, 304) ON CONFLICT (tarea_id, etiqueta_id) DO NOTHING;
INSERT INTO fracttaldb.tareas (id, titulo, descripcion, fecha_vencimiento, prioridad, completada, usuario_id, categoria_id, lote) VALUES (1083, 'Task 784 for user 1', 'Description for task 784', '2025-11-8', 1, TRUE, 1, 102, 'lote-2') ON CONFLICT(id) DO NOTHING;
INSERT INTO fracttaldb.tarea_etiquetas (tarea_id, etiqueta_id) VALUES (1083, 301) ON CONFLICT (tarea_id, etiqueta_id) DO NOTHING;
INSERT INTO fracttaldb.tarea_etiquetas (tarea_id, etiqueta_id) VALUES (1083, 303) ON CONFLICT (tarea_id, etiqueta_id) DO NOTHING;
INSERT INTO fracttaldb.tareas (id, titulo, descripcion, fecha_vencimiento, prioridad, completada, usuario_id, categoria_id, lote) VALUES (1084, 'Task 785 for user 1', 'Description for task 785', '2025-11-16', 2, TRUE, 1, 105, 'lote-2') ON CONFLICT(id) DO NOTHING;
INSERT INTO fracttaldb.tarea_etiquetas (tarea_id, etiqueta_id) VALUES (1084, 308) ON CONFLICT (tarea_id, etiqueta_id) DO NOTHING;
INSERT INTO fracttaldb.tarea_etiquetas (tarea_id, etiqueta_id) VALUES (1084, 302) ON CONFLICT (tarea_id, etiqueta_id) DO NOTHING;
INSERT INTO fracttaldb.tareas (id, titulo, descripcion, fecha_vencimiento, prioridad, completada, usuario_id, categoria_id, lote) VALUES (1085, 'Task 786 for user 1', 'Description for task 786', '2025-10-27', 3, TRUE, 1, 101, 'lote-2') ON CONFLICT(id) DO NOTHING;
INSERT INTO fracttaldb.tarea_etiquetas (tarea_id, etiqueta_id) VALUES (1085, 302) ON CONFLICT (tarea_id, etiqueta_id) DO NOTHING;
INSERT INTO fracttaldb.tarea_etiquetas (tarea_id, etiqueta_id) VALUES (1085, 306) ON CONFLICT (tarea_id, etiqueta_id) DO NOTHING;
INSERT INTO fracttaldb.tareas (id, titulo, descripcion, fecha_vencimiento, prioridad, completada, usuario_id, categoria_id, lote) VALUES (1086, 'Task 787 for user 1', 'Description for task 787', '2025-11-12', 3, TRUE, 1, 107, 'lote-2') ON CONFLICT(id) DO NOTHING;
INSERT INTO fracttaldb.tarea_etiquetas (tarea_id, etiqueta_id) VALUES (1086, 305) ON CONFLICT (tarea_id, etiqueta_id) DO NOTHING;
INSERT INTO fracttaldb.tarea_etiquetas (tarea_id, etiqueta_id) VALUES (1086, 309) ON CONFLICT (tarea_id, etiqueta_id) DO NOTHING;
INSERT INTO fracttaldb.tarea_etiquetas (tarea_id, etiqueta_id) VALUES (1086, 301) ON CONFLICT (tarea_id, etiqueta_id) DO NOTHING;
INSERT INTO fracttaldb.tareas (id, titulo, descripcion, fecha_vencimiento, prioridad, completada, usuario_id, categoria_id, lote) VALUES (1087, 'Task 788 for user 1', 'Description for task 788', '2025-10-20', 3, TRUE, 1, 107, 'lote-2') ON CONFLICT(id) DO NOTHING;
INSERT INTO fracttaldb.tarea_etiquetas (tarea_id, etiqueta_id) VALUES (1087, 304) ON CONFLICT (tarea_id, etiqueta_id) DO NOTHING;
INSERT INTO fracttaldb.tareas (id, titulo, descripcion, fecha_vencimiento, prioridad, completada, usuario_id, categoria_id, lote) VALUES (1088, 'Task 789 for user 1', 'Description for task 789', '2025-10-5', 1, FALSE, 1, 101, 'lote-2') ON CONFLICT(id) DO NOTHING;
INSERT INTO fracttaldb.tarea_etiquetas (tarea_id, etiqueta_id) VALUES (1088, 308) ON CONFLICT (tarea_id, etiqueta_id) DO NOTHING;
INSERT INTO fracttaldb.tarea_etiquetas (tarea_id, etiqueta_id) VALUES (1088, 304) ON CONFLICT (tarea_id, etiqueta_id) DO NOTHING;
INSERT INTO fracttaldb.tarea_etiquetas (tarea_id, etiqueta_id) VALUES (1088, 303) ON CONFLICT (tarea_id, etiqueta_id) DO NOTHING;
INSERT INTO fracttaldb.tareas (id, titulo, descripcion, fecha_vencimiento, prioridad, completada, usuario_id, categoria_id, lote) VALUES (1089, 'Task 790 for user 1', 'Description for task 790', '2025-12-3', 1, FALSE, 1, 104, 'lote-2') ON CONFLICT(id) DO NOTHING;
INSERT INTO fracttaldb.tarea_etiquetas (tarea_id, etiqueta_id) VALUES (1089, 305) ON CONFLICT (tarea_id, etiqueta_id) DO NOTHING;
INSERT INTO fracttaldb.tareas (id, titulo, descripcion, fecha_vencimiento, prioridad, completada, usuario_id, categoria_id, lote) VALUES (1090, 'Task 791 for user 1', 'Description for task 791', '2025-11-26', 2, TRUE, 1, 105, 'lote-2') ON CONFLICT(id) DO NOTHING;
INSERT INTO fracttaldb.tarea_etiquetas (tarea_id, etiqueta_id) VALUES (1090, 308) ON CONFLICT (tarea_id, etiqueta_id) DO NOTHING;
INSERT INTO fracttaldb.tarea_etiquetas (tarea_id, etiqueta_id) VALUES (1090, 309) ON CONFLICT (tarea_id, etiqueta_id) DO NOTHING;
INSERT INTO fracttaldb.tareas (id, titulo, descripcion, fecha_vencimiento, prioridad, completada, usuario_id, categoria_id, lote) VALUES (1091, 'Task 792 for user 1', 'Description for task 792', '2025-10-19', 1, TRUE, 1, 104, 'lote-2') ON CONFLICT(id) DO NOTHING;
INSERT INTO fracttaldb.tarea_etiquetas (tarea_id, etiqueta_id) VALUES (1091, 308) ON CONFLICT (tarea_id, etiqueta_id) DO NOTHING;
INSERT INTO fracttaldb.tarea_etiquetas (tarea_id, etiqueta_id) VALUES (1091, 302) ON CONFLICT (tarea_id, etiqueta_id) DO NOTHING;
INSERT INTO fracttaldb.tareas (id, titulo, descripcion, fecha_vencimiento, prioridad, completada, usuario_id, categoria_id, lote) VALUES (1092, 'Task 793 for user 1', 'Description for task 793', '2025-10-24', 3, TRUE, 1, 104, 'lote-2') ON CONFLICT(id) DO NOTHING;
INSERT INTO fracttaldb.tarea_etiquetas (tarea_id, etiqueta_id) VALUES (1092, 306) ON CONFLICT (tarea_id, etiqueta_id) DO NOTHING;
INSERT INTO fracttaldb.tareas (id, titulo, descripcion, fecha_vencimiento, prioridad, completada, usuario_id, categoria_id, lote) VALUES (1093, 'Task 794 for user 1', 'Description for task 794', '2025-12-22', 2, FALSE, 1, 103, 'lote-2') ON CONFLICT(id) DO NOTHING;
INSERT INTO fracttaldb.tarea_etiquetas (tarea_id, etiqueta_id) VALUES (1093, 309) ON CONFLICT (tarea_id, etiqueta_id) DO NOTHING;
INSERT INTO fracttaldb.tarea_etiquetas (tarea_id, etiqueta_id) VALUES (1093, 303) ON CONFLICT (tarea_id, etiqueta_id) DO NOTHING;
INSERT INTO fracttaldb.tarea_etiquetas (tarea_id, etiqueta_id) VALUES (1093, 306) ON CONFLICT (tarea_id, etiqueta_id) DO NOTHING;
INSERT INTO fracttaldb.tareas (id, titulo, descripcion, fecha_vencimiento, prioridad, completada, usuario_id, categoria_id, lote) VALUES (1094, 'Task 795 for user 1', 'Description for task 795', '2025-10-24', 1, FALSE, 1, 105, 'lote-2') ON CONFLICT(id) DO NOTHING;
INSERT INTO fracttaldb.tarea_etiquetas (tarea_id, etiqueta_id) VALUES (1094, 308) ON CONFLICT (tarea_id, etiqueta_id) DO NOTHING;
INSERT INTO fracttaldb.tareas (id, titulo, descripcion, fecha_vencimiento, prioridad, completada, usuario_id, categoria_id, lote) VALUES (1095, 'Task 796 for user 1', 'Description for task 796', '2025-10-10', 1, TRUE, 1, 107, 'lote-2') ON CONFLICT(id) DO NOTHING;
INSERT INTO fracttaldb.tarea_etiquetas (tarea_id, etiqueta_id) VALUES (1095, 308) ON CONFLICT (tarea_id, etiqueta_id) DO NOTHING;
INSERT INTO fracttaldb.tarea_etiquetas (tarea_id, etiqueta_id) VALUES (1095, 305) ON CONFLICT (tarea_id, etiqueta_id) DO NOTHING;
INSERT INTO fracttaldb.tareas (id, titulo, descripcion, fecha_vencimiento, prioridad, completada, usuario_id, categoria_id, lote) VALUES (1096, 'Task 797 for user 1', 'Description for task 797', '2025-11-25', 3, FALSE, 1, 105, 'lote-2') ON CONFLICT(id) DO NOTHING;
INSERT INTO fracttaldb.tarea_etiquetas (tarea_id, etiqueta_id) VALUES (1096, 304) ON CONFLICT (tarea_id, etiqueta_id) DO NOTHING;
INSERT INTO fracttaldb.tareas (id, titulo, descripcion, fecha_vencimiento, prioridad, completada, usuario_id, categoria_id, lote) VALUES (1097, 'Task 798 for user 1', 'Description for task 798', '2025-11-5', 2, FALSE, 1, 106, 'lote-2') ON CONFLICT(id) DO NOTHING;
INSERT INTO fracttaldb.tarea_etiquetas (tarea_id, etiqueta_id) VALUES (1097, 302) ON CONFLICT (tarea_id, etiqueta_id) DO NOTHING;
INSERT INTO fracttaldb.tareas (id, titulo, descripcion, fecha_vencimiento, prioridad, completada, usuario_id, categoria_id, lote) VALUES (1098, 'Task 799 for user 1', 'Description for task 799', '2025-10-13', 3, FALSE, 1, 105, 'lote-2') ON CONFLICT(id) DO NOTHING;
INSERT INTO fracttaldb.tarea_etiquetas (tarea_id, etiqueta_id) VALUES (1098, 301) ON CONFLICT (tarea_id, etiqueta_id) DO NOTHING;
INSERT INTO fracttaldb.tareas (id, titulo, descripcion, fecha_vencimiento, prioridad, completada, usuario_id, categoria_id, lote) VALUES (1099, 'Task 800 for user 1', 'Description for task 800', '2025-12-6', 3, TRUE, 1, 104, 'lote-2') ON CONFLICT(id) DO NOTHING;
INSERT INTO fracttaldb.tarea_etiquetas (tarea_id, etiqueta_id) VALUES (1099, 302) ON CONFLICT (tarea_id, etiqueta_id) DO NOTHING;
INSERT INTO fracttaldb.tarea_etiquetas (tarea_id, etiqueta_id) VALUES (1099, 309) ON CONFLICT (tarea_id, etiqueta_id) DO NOTHING;
INSERT INTO fracttaldb.tarea_etiquetas (tarea_id, etiqueta_id) VALUES (1099, 304) ON CONFLICT (tarea_id, etiqueta_id) DO NOTHING;
INSERT INTO fracttaldb.tareas (id, titulo, descripcion, fecha_vencimiento, prioridad, completada, usuario_id, categoria_id, lote) VALUES (1100, 'Task 801 for user 1', 'Description for task 801', '2025-10-15', 1, TRUE, 1, 107, 'lote-2') ON CONFLICT(id) DO NOTHING;
INSERT INTO fracttaldb.tarea_etiquetas (tarea_id, etiqueta_id) VALUES (1100, 302) ON CONFLICT (tarea_id, etiqueta_id) DO NOTHING;
INSERT INTO fracttaldb.tarea_etiquetas (tarea_id, etiqueta_id) VALUES (1100, 303) ON CONFLICT (tarea_id, etiqueta_id) DO NOTHING;
INSERT INTO fracttaldb.tareas (id, titulo, descripcion, fecha_vencimiento, prioridad, completada, usuario_id, categoria_id, lote) VALUES (1101, 'Task 802 for user 1', 'Description for task 802', '2025-12-3', 2, TRUE, 1, 106, 'lote-2') ON CONFLICT(id) DO NOTHING;
INSERT INTO fracttaldb.tarea_etiquetas (tarea_id, etiqueta_id) VALUES (1101, 307) ON CONFLICT (tarea_id, etiqueta_id) DO NOTHING;
INSERT INTO fracttaldb.tarea_etiquetas (tarea_id, etiqueta_id) VALUES (1101, 301) ON CONFLICT (tarea_id, etiqueta_id) DO NOTHING;
INSERT INTO fracttaldb.tareas (id, titulo, descripcion, fecha_vencimiento, prioridad, completada, usuario_id, categoria_id, lote) VALUES (1102, 'Task 803 for user 1', 'Description for task 803', '2025-11-7', 1, TRUE, 1, 104, 'lote-2') ON CONFLICT(id) DO NOTHING;
INSERT INTO fracttaldb.tarea_etiquetas (tarea_id, etiqueta_id) VALUES (1102, 302) ON CONFLICT (tarea_id, etiqueta_id) DO NOTHING;
INSERT INTO fracttaldb.tareas (id, titulo, descripcion, fecha_vencimiento, prioridad, completada, usuario_id, categoria_id, lote) VALUES (1103, 'Task 804 for user 1', 'Description for task 804', '2025-12-1', 3, TRUE, 1, 106, 'lote-2') ON CONFLICT(id) DO NOTHING;
INSERT INTO fracttaldb.tarea_etiquetas (tarea_id, etiqueta_id) VALUES (1103, 308) ON CONFLICT (tarea_id, etiqueta_id) DO NOTHING;
INSERT INTO fracttaldb.tareas (id, titulo, descripcion, fecha_vencimiento, prioridad, completada, usuario_id, categoria_id, lote) VALUES (1104, 'Task 805 for user 1', 'Description for task 805', '2025-10-8', 3, TRUE, 1, 107, 'lote-2') ON CONFLICT(id) DO NOTHING;
INSERT INTO fracttaldb.tarea_etiquetas (tarea_id, etiqueta_id) VALUES (1104, 309) ON CONFLICT (tarea_id, etiqueta_id) DO NOTHING;
INSERT INTO fracttaldb.tarea_etiquetas (tarea_id, etiqueta_id) VALUES (1104, 301) ON CONFLICT (tarea_id, etiqueta_id) DO NOTHING;
INSERT INTO fracttaldb.tareas (id, titulo, descripcion, fecha_vencimiento, prioridad, completada, usuario_id, categoria_id, lote) VALUES (1105, 'Task 806 for user 1', 'Description for task 806', '2025-12-19', 3, FALSE, 1, 101, 'lote-2') ON CONFLICT(id) DO NOTHING;
INSERT INTO fracttaldb.tarea_etiquetas (tarea_id, etiqueta_id) VALUES (1105, 304) ON CONFLICT (tarea_id, etiqueta_id) DO NOTHING;
INSERT INTO fracttaldb.tareas (id, titulo, descripcion, fecha_vencimiento, prioridad, completada, usuario_id, categoria_id, lote) VALUES (1106, 'Task 807 for user 1', 'Description for task 807', '2025-11-26', 3, TRUE, 1, 102, 'lote-2') ON CONFLICT(id) DO NOTHING;
INSERT INTO fracttaldb.tarea_etiquetas (tarea_id, etiqueta_id) VALUES (1106, 305) ON CONFLICT (tarea_id, etiqueta_id) DO NOTHING;
INSERT INTO fracttaldb.tarea_etiquetas (tarea_id, etiqueta_id) VALUES (1106, 303) ON CONFLICT (tarea_id, etiqueta_id) DO NOTHING;
INSERT INTO fracttaldb.tarea_etiquetas (tarea_id, etiqueta_id) VALUES (1106, 309) ON CONFLICT (tarea_id, etiqueta_id) DO NOTHING;
INSERT INTO fracttaldb.tareas (id, titulo, descripcion, fecha_vencimiento, prioridad, completada, usuario_id, categoria_id, lote) VALUES (1107, 'Task 808 for user 1', 'Description for task 808', '2025-11-19', 3, FALSE, 1, 101, 'lote-2') ON CONFLICT(id) DO NOTHING;
INSERT INTO fracttaldb.tarea_etiquetas (tarea_id, etiqueta_id) VALUES (1107, 302) ON CONFLICT (tarea_id, etiqueta_id) DO NOTHING;
INSERT INTO fracttaldb.tareas (id, titulo, descripcion, fecha_vencimiento, prioridad, completada, usuario_id, categoria_id, lote) VALUES (1108, 'Task 809 for user 1', 'Description for task 809', '2025-12-2', 1, TRUE, 1, 106, 'lote-2') ON CONFLICT(id) DO NOTHING;
INSERT INTO fracttaldb.tarea_etiquetas (tarea_id, etiqueta_id) VALUES (1108, 309) ON CONFLICT (tarea_id, etiqueta_id) DO NOTHING;
INSERT INTO fracttaldb.tarea_etiquetas (tarea_id, etiqueta_id) VALUES (1108, 303) ON CONFLICT (tarea_id, etiqueta_id) DO NOTHING;
INSERT INTO fracttaldb.tarea_etiquetas (tarea_id, etiqueta_id) VALUES (1108, 306) ON CONFLICT (tarea_id, etiqueta_id) DO NOTHING;
INSERT INTO fracttaldb.tareas (id, titulo, descripcion, fecha_vencimiento, prioridad, completada, usuario_id, categoria_id, lote) VALUES (1109, 'Task 810 for user 1', 'Description for task 810', '2025-11-15', 2, TRUE, 1, 102, 'lote-2') ON CONFLICT(id) DO NOTHING;
INSERT INTO fracttaldb.tarea_etiquetas (tarea_id, etiqueta_id) VALUES (1109, 306) ON CONFLICT (tarea_id, etiqueta_id) DO NOTHING;
INSERT INTO fracttaldb.tarea_etiquetas (tarea_id, etiqueta_id) VALUES (1109, 307) ON CONFLICT (tarea_id, etiqueta_id) DO NOTHING;
INSERT INTO fracttaldb.tarea_etiquetas (tarea_id, etiqueta_id) VALUES (1109, 309) ON CONFLICT (tarea_id, etiqueta_id) DO NOTHING;
INSERT INTO fracttaldb.tareas (id, titulo, descripcion, fecha_vencimiento, prioridad, completada, usuario_id, categoria_id, lote) VALUES (1110, 'Task 811 for user 1', 'Description for task 811', '2025-12-8', 3, TRUE, 1, 105, 'lote-2') ON CONFLICT(id) DO NOTHING;
INSERT INTO fracttaldb.tarea_etiquetas (tarea_id, etiqueta_id) VALUES (1110, 306) ON CONFLICT (tarea_id, etiqueta_id) DO NOTHING;
INSERT INTO fracttaldb.tareas (id, titulo, descripcion, fecha_vencimiento, prioridad, completada, usuario_id, categoria_id, lote) VALUES (1111, 'Task 812 for user 1', 'Description for task 812', '2025-12-16', 3, TRUE, 1, 106, 'lote-2') ON CONFLICT(id) DO NOTHING;
INSERT INTO fracttaldb.tarea_etiquetas (tarea_id, etiqueta_id) VALUES (1111, 306) ON CONFLICT (tarea_id, etiqueta_id) DO NOTHING;
INSERT INTO fracttaldb.tarea_etiquetas (tarea_id, etiqueta_id) VALUES (1111, 303) ON CONFLICT (tarea_id, etiqueta_id) DO NOTHING;
INSERT INTO fracttaldb.tarea_etiquetas (tarea_id, etiqueta_id) VALUES (1111, 304) ON CONFLICT (tarea_id, etiqueta_id) DO NOTHING;
INSERT INTO fracttaldb.tareas (id, titulo, descripcion, fecha_vencimiento, prioridad, completada, usuario_id, categoria_id, lote) VALUES (1112, 'Task 813 for user 1', 'Description for task 813', '2025-12-23', 2, FALSE, 1, 105, 'lote-2') ON CONFLICT(id) DO NOTHING;
INSERT INTO fracttaldb.tarea_etiquetas (tarea_id, etiqueta_id) VALUES (1112, 309) ON CONFLICT (tarea_id, etiqueta_id) DO NOTHING;
INSERT INTO fracttaldb.tareas (id, titulo, descripcion, fecha_vencimiento, prioridad, completada, usuario_id, categoria_id, lote) VALUES (1113, 'Task 814 for user 1', 'Description for task 814', '2025-10-22', 1, FALSE, 1, 106, 'lote-2') ON CONFLICT(id) DO NOTHING;
INSERT INTO fracttaldb.tarea_etiquetas (tarea_id, etiqueta_id) VALUES (1113, 301) ON CONFLICT (tarea_id, etiqueta_id) DO NOTHING;
INSERT INTO fracttaldb.tarea_etiquetas (tarea_id, etiqueta_id) VALUES (1113, 306) ON CONFLICT (tarea_id, etiqueta_id) DO NOTHING;
INSERT INTO fracttaldb.tareas (id, titulo, descripcion, fecha_vencimiento, prioridad, completada, usuario_id, categoria_id, lote) VALUES (1114, 'Task 815 for user 1', 'Description for task 815', '2025-11-13', 1, FALSE, 1, 102, 'lote-2') ON CONFLICT(id) DO NOTHING;
INSERT INTO fracttaldb.tarea_etiquetas (tarea_id, etiqueta_id) VALUES (1114, 306) ON CONFLICT (tarea_id, etiqueta_id) DO NOTHING;
INSERT INTO fracttaldb.tarea_etiquetas (tarea_id, etiqueta_id) VALUES (1114, 309) ON CONFLICT (tarea_id, etiqueta_id) DO NOTHING;
INSERT INTO fracttaldb.tareas (id, titulo, descripcion, fecha_vencimiento, prioridad, completada, usuario_id, categoria_id, lote) VALUES (1115, 'Task 816 for user 1', 'Description for task 816', '2025-12-17', 2, TRUE, 1, 103, 'lote-2') ON CONFLICT(id) DO NOTHING;
INSERT INTO fracttaldb.tarea_etiquetas (tarea_id, etiqueta_id) VALUES (1115, 309) ON CONFLICT (tarea_id, etiqueta_id) DO NOTHING;
INSERT INTO fracttaldb.tareas (id, titulo, descripcion, fecha_vencimiento, prioridad, completada, usuario_id, categoria_id, lote) VALUES (1116, 'Task 817 for user 1', 'Description for task 817', '2025-10-10', 1, TRUE, 1, 106, 'lote-2') ON CONFLICT(id) DO NOTHING;
INSERT INTO fracttaldb.tarea_etiquetas (tarea_id, etiqueta_id) VALUES (1116, 304) ON CONFLICT (tarea_id, etiqueta_id) DO NOTHING;
INSERT INTO fracttaldb.tarea_etiquetas (tarea_id, etiqueta_id) VALUES (1116, 307) ON CONFLICT (tarea_id, etiqueta_id) DO NOTHING;
INSERT INTO fracttaldb.tarea_etiquetas (tarea_id, etiqueta_id) VALUES (1116, 302) ON CONFLICT (tarea_id, etiqueta_id) DO NOTHING;
INSERT INTO fracttaldb.tareas (id, titulo, descripcion, fecha_vencimiento, prioridad, completada, usuario_id, categoria_id, lote) VALUES (1117, 'Task 818 for user 1', 'Description for task 818', '2025-11-5', 3, TRUE, 1, 105, 'lote-2') ON CONFLICT(id) DO NOTHING;
INSERT INTO fracttaldb.tarea_etiquetas (tarea_id, etiqueta_id) VALUES (1117, 307) ON CONFLICT (tarea_id, etiqueta_id) DO NOTHING;
INSERT INTO fracttaldb.tareas (id, titulo, descripcion, fecha_vencimiento, prioridad, completada, usuario_id, categoria_id, lote) VALUES (1118, 'Task 819 for user 1', 'Description for task 819', '2025-11-1', 3, FALSE, 1, 105, 'lote-2') ON CONFLICT(id) DO NOTHING;
INSERT INTO fracttaldb.tarea_etiquetas (tarea_id, etiqueta_id) VALUES (1118, 301) ON CONFLICT (tarea_id, etiqueta_id) DO NOTHING;
INSERT INTO fracttaldb.tareas (id, titulo, descripcion, fecha_vencimiento, prioridad, completada, usuario_id, categoria_id, lote) VALUES (1119, 'Task 820 for user 1', 'Description for task 820', '2025-11-17', 2, FALSE, 1, 107, 'lote-2') ON CONFLICT(id) DO NOTHING;
INSERT INTO fracttaldb.tarea_etiquetas (tarea_id, etiqueta_id) VALUES (1119, 307) ON CONFLICT (tarea_id, etiqueta_id) DO NOTHING;
INSERT INTO fracttaldb.tarea_etiquetas (tarea_id, etiqueta_id) VALUES (1119, 303) ON CONFLICT (tarea_id, etiqueta_id) DO NOTHING;
INSERT INTO fracttaldb.tareas (id, titulo, descripcion, fecha_vencimiento, prioridad, completada, usuario_id, categoria_id, lote) VALUES (1120, 'Task 821 for user 1', 'Description for task 821', '2025-10-26', 3, FALSE, 1, 104, 'lote-2') ON CONFLICT(id) DO NOTHING;
INSERT INTO fracttaldb.tarea_etiquetas (tarea_id, etiqueta_id) VALUES (1120, 303) ON CONFLICT (tarea_id, etiqueta_id) DO NOTHING;
INSERT INTO fracttaldb.tareas (id, titulo, descripcion, fecha_vencimiento, prioridad, completada, usuario_id, categoria_id, lote) VALUES (1121, 'Task 822 for user 1', 'Description for task 822', '2025-10-15', 3, FALSE, 1, 106, 'lote-2') ON CONFLICT(id) DO NOTHING;
INSERT INTO fracttaldb.tarea_etiquetas (tarea_id, etiqueta_id) VALUES (1121, 303) ON CONFLICT (tarea_id, etiqueta_id) DO NOTHING;
INSERT INTO fracttaldb.tarea_etiquetas (tarea_id, etiqueta_id) VALUES (1121, 304) ON CONFLICT (tarea_id, etiqueta_id) DO NOTHING;
INSERT INTO fracttaldb.tareas (id, titulo, descripcion, fecha_vencimiento, prioridad, completada, usuario_id, categoria_id, lote) VALUES (1122, 'Task 823 for user 1', 'Description for task 823', '2025-10-22', 3, TRUE, 1, 102, 'lote-2') ON CONFLICT(id) DO NOTHING;
INSERT INTO fracttaldb.tarea_etiquetas (tarea_id, etiqueta_id) VALUES (1122, 304) ON CONFLICT (tarea_id, etiqueta_id) DO NOTHING;
INSERT INTO fracttaldb.tarea_etiquetas (tarea_id, etiqueta_id) VALUES (1122, 301) ON CONFLICT (tarea_id, etiqueta_id) DO NOTHING;
INSERT INTO fracttaldb.tareas (id, titulo, descripcion, fecha_vencimiento, prioridad, completada, usuario_id, categoria_id, lote) VALUES (1123, 'Task 824 for user 1', 'Description for task 824', '2025-10-3', 3, FALSE, 1, 103, 'lote-2') ON CONFLICT(id) DO NOTHING;
INSERT INTO fracttaldb.tarea_etiquetas (tarea_id, etiqueta_id) VALUES (1123, 302) ON CONFLICT (tarea_id, etiqueta_id) DO NOTHING;
INSERT INTO fracttaldb.tareas (id, titulo, descripcion, fecha_vencimiento, prioridad, completada, usuario_id, categoria_id, lote) VALUES (1124, 'Task 825 for user 1', 'Description for task 825', '2025-12-22', 2, FALSE, 1, 105, 'lote-2') ON CONFLICT(id) DO NOTHING;
INSERT INTO fracttaldb.tarea_etiquetas (tarea_id, etiqueta_id) VALUES (1124, 304) ON CONFLICT (tarea_id, etiqueta_id) DO NOTHING;
INSERT INTO fracttaldb.tarea_etiquetas (tarea_id, etiqueta_id) VALUES (1124, 301) ON CONFLICT (tarea_id, etiqueta_id) DO NOTHING;
INSERT INTO fracttaldb.tareas (id, titulo, descripcion, fecha_vencimiento, prioridad, completada, usuario_id, categoria_id, lote) VALUES (1125, 'Task 826 for user 1', 'Description for task 826', '2025-12-14', 1, TRUE, 1, 103, 'lote-2') ON CONFLICT(id) DO NOTHING;
INSERT INTO fracttaldb.tarea_etiquetas (tarea_id, etiqueta_id) VALUES (1125, 303) ON CONFLICT (tarea_id, etiqueta_id) DO NOTHING;
INSERT INTO fracttaldb.tarea_etiquetas (tarea_id, etiqueta_id) VALUES (1125, 308) ON CONFLICT (tarea_id, etiqueta_id) DO NOTHING;
INSERT INTO fracttaldb.tareas (id, titulo, descripcion, fecha_vencimiento, prioridad, completada, usuario_id, categoria_id, lote) VALUES (1126, 'Task 827 for user 1', 'Description for task 827', '2025-11-9', 1, TRUE, 1, 103, 'lote-2') ON CONFLICT(id) DO NOTHING;
INSERT INTO fracttaldb.tarea_etiquetas (tarea_id, etiqueta_id) VALUES (1126, 308) ON CONFLICT (tarea_id, etiqueta_id) DO NOTHING;
INSERT INTO fracttaldb.tarea_etiquetas (tarea_id, etiqueta_id) VALUES (1126, 303) ON CONFLICT (tarea_id, etiqueta_id) DO NOTHING;
INSERT INTO fracttaldb.tarea_etiquetas (tarea_id, etiqueta_id) VALUES (1126, 302) ON CONFLICT (tarea_id, etiqueta_id) DO NOTHING;
INSERT INTO fracttaldb.tareas (id, titulo, descripcion, fecha_vencimiento, prioridad, completada, usuario_id, categoria_id, lote) VALUES (1127, 'Task 828 for user 1', 'Description for task 828', '2025-10-28', 2, TRUE, 1, 106, 'lote-2') ON CONFLICT(id) DO NOTHING;
INSERT INTO fracttaldb.tarea_etiquetas (tarea_id, etiqueta_id) VALUES (1127, 308) ON CONFLICT (tarea_id, etiqueta_id) DO NOTHING;
INSERT INTO fracttaldb.tareas (id, titulo, descripcion, fecha_vencimiento, prioridad, completada, usuario_id, categoria_id, lote) VALUES (1128, 'Task 829 for user 1', 'Description for task 829', '2025-11-9', 1, FALSE, 1, 107, 'lote-2') ON CONFLICT(id) DO NOTHING;
INSERT INTO fracttaldb.tarea_etiquetas (tarea_id, etiqueta_id) VALUES (1128, 309) ON CONFLICT (tarea_id, etiqueta_id) DO NOTHING;
INSERT INTO fracttaldb.tarea_etiquetas (tarea_id, etiqueta_id) VALUES (1128, 301) ON CONFLICT (tarea_id, etiqueta_id) DO NOTHING;
INSERT INTO fracttaldb.tareas (id, titulo, descripcion, fecha_vencimiento, prioridad, completada, usuario_id, categoria_id, lote) VALUES (1129, 'Task 830 for user 1', 'Description for task 830', '2025-10-4', 2, TRUE, 1, 103, 'lote-2') ON CONFLICT(id) DO NOTHING;
INSERT INTO fracttaldb.tarea_etiquetas (tarea_id, etiqueta_id) VALUES (1129, 305) ON CONFLICT (tarea_id, etiqueta_id) DO NOTHING;
INSERT INTO fracttaldb.tarea_etiquetas (tarea_id, etiqueta_id) VALUES (1129, 309) ON CONFLICT (tarea_id, etiqueta_id) DO NOTHING;
INSERT INTO fracttaldb.tarea_etiquetas (tarea_id, etiqueta_id) VALUES (1129, 304) ON CONFLICT (tarea_id, etiqueta_id) DO NOTHING;
INSERT INTO fracttaldb.tareas (id, titulo, descripcion, fecha_vencimiento, prioridad, completada, usuario_id, categoria_id, lote) VALUES (1130, 'Task 831 for user 1', 'Description for task 831', '2025-10-10', 1, TRUE, 1, 102, 'lote-2') ON CONFLICT(id) DO NOTHING;
INSERT INTO fracttaldb.tarea_etiquetas (tarea_id, etiqueta_id) VALUES (1130, 306) ON CONFLICT (tarea_id, etiqueta_id) DO NOTHING;
INSERT INTO fracttaldb.tareas (id, titulo, descripcion, fecha_vencimiento, prioridad, completada, usuario_id, categoria_id, lote) VALUES (1131, 'Task 832 for user 1', 'Description for task 832', '2025-12-25', 2, TRUE, 1, 106, 'lote-2') ON CONFLICT(id) DO NOTHING;
INSERT INTO fracttaldb.tarea_etiquetas (tarea_id, etiqueta_id) VALUES (1131, 301) ON CONFLICT (tarea_id, etiqueta_id) DO NOTHING;
INSERT INTO fracttaldb.tarea_etiquetas (tarea_id, etiqueta_id) VALUES (1131, 308) ON CONFLICT (tarea_id, etiqueta_id) DO NOTHING;
INSERT INTO fracttaldb.tareas (id, titulo, descripcion, fecha_vencimiento, prioridad, completada, usuario_id, categoria_id, lote) VALUES (1132, 'Task 833 for user 1', 'Description for task 833', '2025-11-27', 1, FALSE, 1, 106, 'lote-2') ON CONFLICT(id) DO NOTHING;
INSERT INTO fracttaldb.tarea_etiquetas (tarea_id, etiqueta_id) VALUES (1132, 305) ON CONFLICT (tarea_id, etiqueta_id) DO NOTHING;
INSERT INTO fracttaldb.tarea_etiquetas (tarea_id, etiqueta_id) VALUES (1132, 309) ON CONFLICT (tarea_id, etiqueta_id) DO NOTHING;
INSERT INTO fracttaldb.tareas (id, titulo, descripcion, fecha_vencimiento, prioridad, completada, usuario_id, categoria_id, lote) VALUES (1133, 'Task 834 for user 1', 'Description for task 834', '2025-12-20', 3, FALSE, 1, 105, 'lote-2') ON CONFLICT(id) DO NOTHING;
INSERT INTO fracttaldb.tarea_etiquetas (tarea_id, etiqueta_id) VALUES (1133, 304) ON CONFLICT (tarea_id, etiqueta_id) DO NOTHING;
INSERT INTO fracttaldb.tarea_etiquetas (tarea_id, etiqueta_id) VALUES (1133, 301) ON CONFLICT (tarea_id, etiqueta_id) DO NOTHING;
INSERT INTO fracttaldb.tareas (id, titulo, descripcion, fecha_vencimiento, prioridad, completada, usuario_id, categoria_id, lote) VALUES (1134, 'Task 835 for user 1', 'Description for task 835', '2025-10-7', 1, FALSE, 1, 105, 'lote-2') ON CONFLICT(id) DO NOTHING;
INSERT INTO fracttaldb.tarea_etiquetas (tarea_id, etiqueta_id) VALUES (1134, 307) ON CONFLICT (tarea_id, etiqueta_id) DO NOTHING;
INSERT INTO fracttaldb.tarea_etiquetas (tarea_id, etiqueta_id) VALUES (1134, 303) ON CONFLICT (tarea_id, etiqueta_id) DO NOTHING;
INSERT INTO fracttaldb.tarea_etiquetas (tarea_id, etiqueta_id) VALUES (1134, 306) ON CONFLICT (tarea_id, etiqueta_id) DO NOTHING;
INSERT INTO fracttaldb.tareas (id, titulo, descripcion, fecha_vencimiento, prioridad, completada, usuario_id, categoria_id, lote) VALUES (1135, 'Task 836 for user 1', 'Description for task 836', '2025-10-7', 1, TRUE, 1, 107, 'lote-2') ON CONFLICT(id) DO NOTHING;
INSERT INTO fracttaldb.tarea_etiquetas (tarea_id, etiqueta_id) VALUES (1135, 309) ON CONFLICT (tarea_id, etiqueta_id) DO NOTHING;
INSERT INTO fracttaldb.tarea_etiquetas (tarea_id, etiqueta_id) VALUES (1135, 305) ON CONFLICT (tarea_id, etiqueta_id) DO NOTHING;
INSERT INTO fracttaldb.tarea_etiquetas (tarea_id, etiqueta_id) VALUES (1135, 303) ON CONFLICT (tarea_id, etiqueta_id) DO NOTHING;
INSERT INTO fracttaldb.tareas (id, titulo, descripcion, fecha_vencimiento, prioridad, completada, usuario_id, categoria_id, lote) VALUES (1136, 'Task 837 for user 1', 'Description for task 837', '2025-11-22', 1, FALSE, 1, 101, 'lote-2') ON CONFLICT(id) DO NOTHING;
INSERT INTO fracttaldb.tarea_etiquetas (tarea_id, etiqueta_id) VALUES (1136, 308) ON CONFLICT (tarea_id, etiqueta_id) DO NOTHING;
INSERT INTO fracttaldb.tarea_etiquetas (tarea_id, etiqueta_id) VALUES (1136, 307) ON CONFLICT (tarea_id, etiqueta_id) DO NOTHING;
INSERT INTO fracttaldb.tarea_etiquetas (tarea_id, etiqueta_id) VALUES (1136, 306) ON CONFLICT (tarea_id, etiqueta_id) DO NOTHING;
INSERT INTO fracttaldb.tareas (id, titulo, descripcion, fecha_vencimiento, prioridad, completada, usuario_id, categoria_id, lote) VALUES (1137, 'Task 838 for user 1', 'Description for task 838', '2025-10-2', 1, TRUE, 1, 107, 'lote-2') ON CONFLICT(id) DO NOTHING;
INSERT INTO fracttaldb.tarea_etiquetas (tarea_id, etiqueta_id) VALUES (1137, 306) ON CONFLICT (tarea_id, etiqueta_id) DO NOTHING;
INSERT INTO fracttaldb.tarea_etiquetas (tarea_id, etiqueta_id) VALUES (1137, 303) ON CONFLICT (tarea_id, etiqueta_id) DO NOTHING;
INSERT INTO fracttaldb.tarea_etiquetas (tarea_id, etiqueta_id) VALUES (1137, 308) ON CONFLICT (tarea_id, etiqueta_id) DO NOTHING;
INSERT INTO fracttaldb.tareas (id, titulo, descripcion, fecha_vencimiento, prioridad, completada, usuario_id, categoria_id, lote) VALUES (1138, 'Task 839 for user 1', 'Description for task 839', '2025-12-13', 1, FALSE, 1, 107, 'lote-2') ON CONFLICT(id) DO NOTHING;
INSERT INTO fracttaldb.tarea_etiquetas (tarea_id, etiqueta_id) VALUES (1138, 302) ON CONFLICT (tarea_id, etiqueta_id) DO NOTHING;
INSERT INTO fracttaldb.tarea_etiquetas (tarea_id, etiqueta_id) VALUES (1138, 309) ON CONFLICT (tarea_id, etiqueta_id) DO NOTHING;
INSERT INTO fracttaldb.tarea_etiquetas (tarea_id, etiqueta_id) VALUES (1138, 303) ON CONFLICT (tarea_id, etiqueta_id) DO NOTHING;
INSERT INTO fracttaldb.tareas (id, titulo, descripcion, fecha_vencimiento, prioridad, completada, usuario_id, categoria_id, lote) VALUES (1139, 'Task 840 for user 1', 'Description for task 840', '2025-10-4', 1, TRUE, 1, 105, 'lote-2') ON CONFLICT(id) DO NOTHING;
INSERT INTO fracttaldb.tarea_etiquetas (tarea_id, etiqueta_id) VALUES (1139, 302) ON CONFLICT (tarea_id, etiqueta_id) DO NOTHING;
INSERT INTO fracttaldb.tarea_etiquetas (tarea_id, etiqueta_id) VALUES (1139, 309) ON CONFLICT (tarea_id, etiqueta_id) DO NOTHING;
INSERT INTO fracttaldb.tarea_etiquetas (tarea_id, etiqueta_id) VALUES (1139, 306) ON CONFLICT (tarea_id, etiqueta_id) DO NOTHING;
INSERT INTO fracttaldb.tareas (id, titulo, descripcion, fecha_vencimiento, prioridad, completada, usuario_id, categoria_id, lote) VALUES (1140, 'Task 841 for user 1', 'Description for task 841', '2025-11-10', 1, TRUE, 1, 107, 'lote-2') ON CONFLICT(id) DO NOTHING;
INSERT INTO fracttaldb.tarea_etiquetas (tarea_id, etiqueta_id) VALUES (1140, 307) ON CONFLICT (tarea_id, etiqueta_id) DO NOTHING;
INSERT INTO fracttaldb.tareas (id, titulo, descripcion, fecha_vencimiento, prioridad, completada, usuario_id, categoria_id, lote) VALUES (1141, 'Task 842 for user 1', 'Description for task 842', '2025-10-10', 1, TRUE, 1, 107, 'lote-2') ON CONFLICT(id) DO NOTHING;
INSERT INTO fracttaldb.tarea_etiquetas (tarea_id, etiqueta_id) VALUES (1141, 309) ON CONFLICT (tarea_id, etiqueta_id) DO NOTHING;
INSERT INTO fracttaldb.tarea_etiquetas (tarea_id, etiqueta_id) VALUES (1141, 308) ON CONFLICT (tarea_id, etiqueta_id) DO NOTHING;
INSERT INTO fracttaldb.tarea_etiquetas (tarea_id, etiqueta_id) VALUES (1141, 301) ON CONFLICT (tarea_id, etiqueta_id) DO NOTHING;
INSERT INTO fracttaldb.tareas (id, titulo, descripcion, fecha_vencimiento, prioridad, completada, usuario_id, categoria_id, lote) VALUES (1142, 'Task 843 for user 1', 'Description for task 843', '2025-10-25', 1, FALSE, 1, 105, 'lote-2') ON CONFLICT(id) DO NOTHING;
INSERT INTO fracttaldb.tarea_etiquetas (tarea_id, etiqueta_id) VALUES (1142, 301) ON CONFLICT (tarea_id, etiqueta_id) DO NOTHING;
INSERT INTO fracttaldb.tarea_etiquetas (tarea_id, etiqueta_id) VALUES (1142, 309) ON CONFLICT (tarea_id, etiqueta_id) DO NOTHING;
INSERT INTO fracttaldb.tarea_etiquetas (tarea_id, etiqueta_id) VALUES (1142, 307) ON CONFLICT (tarea_id, etiqueta_id) DO NOTHING;
INSERT INTO fracttaldb.tareas (id, titulo, descripcion, fecha_vencimiento, prioridad, completada, usuario_id, categoria_id, lote) VALUES (1143, 'Task 844 for user 1', 'Description for task 844', '2025-10-8', 2, TRUE, 1, 101, 'lote-2') ON CONFLICT(id) DO NOTHING;
INSERT INTO fracttaldb.tarea_etiquetas (tarea_id, etiqueta_id) VALUES (1143, 305) ON CONFLICT (tarea_id, etiqueta_id) DO NOTHING;
INSERT INTO fracttaldb.tarea_etiquetas (tarea_id, etiqueta_id) VALUES (1143, 302) ON CONFLICT (tarea_id, etiqueta_id) DO NOTHING;
INSERT INTO fracttaldb.tarea_etiquetas (tarea_id, etiqueta_id) VALUES (1143, 309) ON CONFLICT (tarea_id, etiqueta_id) DO NOTHING;
INSERT INTO fracttaldb.tareas (id, titulo, descripcion, fecha_vencimiento, prioridad, completada, usuario_id, categoria_id, lote) VALUES (1144, 'Task 845 for user 1', 'Description for task 845', '2025-12-13', 1, FALSE, 1, 104, 'lote-2') ON CONFLICT(id) DO NOTHING;
INSERT INTO fracttaldb.tarea_etiquetas (tarea_id, etiqueta_id) VALUES (1144, 307) ON CONFLICT (tarea_id, etiqueta_id) DO NOTHING;
INSERT INTO fracttaldb.tarea_etiquetas (tarea_id, etiqueta_id) VALUES (1144, 305) ON CONFLICT (tarea_id, etiqueta_id) DO NOTHING;
INSERT INTO fracttaldb.tarea_etiquetas (tarea_id, etiqueta_id) VALUES (1144, 304) ON CONFLICT (tarea_id, etiqueta_id) DO NOTHING;
INSERT INTO fracttaldb.tareas (id, titulo, descripcion, fecha_vencimiento, prioridad, completada, usuario_id, categoria_id, lote) VALUES (1145, 'Task 846 for user 1', 'Description for task 846', '2025-12-24', 1, FALSE, 1, 102, 'lote-2') ON CONFLICT(id) DO NOTHING;
INSERT INTO fracttaldb.tarea_etiquetas (tarea_id, etiqueta_id) VALUES (1145, 302) ON CONFLICT (tarea_id, etiqueta_id) DO NOTHING;
INSERT INTO fracttaldb.tarea_etiquetas (tarea_id, etiqueta_id) VALUES (1145, 305) ON CONFLICT (tarea_id, etiqueta_id) DO NOTHING;
INSERT INTO fracttaldb.tareas (id, titulo, descripcion, fecha_vencimiento, prioridad, completada, usuario_id, categoria_id, lote) VALUES (1146, 'Task 847 for user 1', 'Description for task 847', '2025-12-11', 1, FALSE, 1, 104, 'lote-2') ON CONFLICT(id) DO NOTHING;
INSERT INTO fracttaldb.tarea_etiquetas (tarea_id, etiqueta_id) VALUES (1146, 304) ON CONFLICT (tarea_id, etiqueta_id) DO NOTHING;
INSERT INTO fracttaldb.tarea_etiquetas (tarea_id, etiqueta_id) VALUES (1146, 309) ON CONFLICT (tarea_id, etiqueta_id) DO NOTHING;
INSERT INTO fracttaldb.tareas (id, titulo, descripcion, fecha_vencimiento, prioridad, completada, usuario_id, categoria_id, lote) VALUES (1147, 'Task 848 for user 1', 'Description for task 848', '2025-10-27', 3, FALSE, 1, 106, 'lote-2') ON CONFLICT(id) DO NOTHING;
INSERT INTO fracttaldb.tarea_etiquetas (tarea_id, etiqueta_id) VALUES (1147, 305) ON CONFLICT (tarea_id, etiqueta_id) DO NOTHING;
INSERT INTO fracttaldb.tarea_etiquetas (tarea_id, etiqueta_id) VALUES (1147, 306) ON CONFLICT (tarea_id, etiqueta_id) DO NOTHING;
INSERT INTO fracttaldb.tarea_etiquetas (tarea_id, etiqueta_id) VALUES (1147, 303) ON CONFLICT (tarea_id, etiqueta_id) DO NOTHING;
INSERT INTO fracttaldb.tareas (id, titulo, descripcion, fecha_vencimiento, prioridad, completada, usuario_id, categoria_id, lote) VALUES (1148, 'Task 849 for user 1', 'Description for task 849', '2025-12-2', 2, FALSE, 1, 107, 'lote-2') ON CONFLICT(id) DO NOTHING;
INSERT INTO fracttaldb.tarea_etiquetas (tarea_id, etiqueta_id) VALUES (1148, 304) ON CONFLICT (tarea_id, etiqueta_id) DO NOTHING;
INSERT INTO fracttaldb.tarea_etiquetas (tarea_id, etiqueta_id) VALUES (1148, 301) ON CONFLICT (tarea_id, etiqueta_id) DO NOTHING;
INSERT INTO fracttaldb.tareas (id, titulo, descripcion, fecha_vencimiento, prioridad, completada, usuario_id, categoria_id, lote) VALUES (1149, 'Task 850 for user 1', 'Description for task 850', '2025-11-3', 1, TRUE, 1, 101, 'lote-2') ON CONFLICT(id) DO NOTHING;
INSERT INTO fracttaldb.tarea_etiquetas (tarea_id, etiqueta_id) VALUES (1149, 304) ON CONFLICT (tarea_id, etiqueta_id) DO NOTHING;
INSERT INTO fracttaldb.tareas (id, titulo, descripcion, fecha_vencimiento, prioridad, completada, usuario_id, categoria_id, lote) VALUES (1150, 'Task 851 for user 1', 'Description for task 851', '2025-10-11', 3, TRUE, 1, 103, 'lote-2') ON CONFLICT(id) DO NOTHING;
INSERT INTO fracttaldb.tarea_etiquetas (tarea_id, etiqueta_id) VALUES (1150, 305) ON CONFLICT (tarea_id, etiqueta_id) DO NOTHING;
INSERT INTO fracttaldb.tarea_etiquetas (tarea_id, etiqueta_id) VALUES (1150, 309) ON CONFLICT (tarea_id, etiqueta_id) DO NOTHING;
INSERT INTO fracttaldb.tarea_etiquetas (tarea_id, etiqueta_id) VALUES (1150, 307) ON CONFLICT (tarea_id, etiqueta_id) DO NOTHING;
INSERT INTO fracttaldb.tareas (id, titulo, descripcion, fecha_vencimiento, prioridad, completada, usuario_id, categoria_id, lote) VALUES (1151, 'Task 852 for user 1', 'Description for task 852', '2025-11-7', 2, TRUE, 1, 106, 'lote-2') ON CONFLICT(id) DO NOTHING;
INSERT INTO fracttaldb.tarea_etiquetas (tarea_id, etiqueta_id) VALUES (1151, 308) ON CONFLICT (tarea_id, etiqueta_id) DO NOTHING;
INSERT INTO fracttaldb.tareas (id, titulo, descripcion, fecha_vencimiento, prioridad, completada, usuario_id, categoria_id, lote) VALUES (1152, 'Task 853 for user 1', 'Description for task 853', '2025-11-16', 1, TRUE, 1, 103, 'lote-2') ON CONFLICT(id) DO NOTHING;
INSERT INTO fracttaldb.tarea_etiquetas (tarea_id, etiqueta_id) VALUES (1152, 309) ON CONFLICT (tarea_id, etiqueta_id) DO NOTHING;
INSERT INTO fracttaldb.tarea_etiquetas (tarea_id, etiqueta_id) VALUES (1152, 307) ON CONFLICT (tarea_id, etiqueta_id) DO NOTHING;
INSERT INTO fracttaldb.tarea_etiquetas (tarea_id, etiqueta_id) VALUES (1152, 305) ON CONFLICT (tarea_id, etiqueta_id) DO NOTHING;
INSERT INTO fracttaldb.tareas (id, titulo, descripcion, fecha_vencimiento, prioridad, completada, usuario_id, categoria_id, lote) VALUES (1153, 'Task 854 for user 1', 'Description for task 854', '2025-11-12', 3, FALSE, 1, 105, 'lote-2') ON CONFLICT(id) DO NOTHING;
INSERT INTO fracttaldb.tarea_etiquetas (tarea_id, etiqueta_id) VALUES (1153, 301) ON CONFLICT (tarea_id, etiqueta_id) DO NOTHING;
INSERT INTO fracttaldb.tarea_etiquetas (tarea_id, etiqueta_id) VALUES (1153, 307) ON CONFLICT (tarea_id, etiqueta_id) DO NOTHING;
INSERT INTO fracttaldb.tareas (id, titulo, descripcion, fecha_vencimiento, prioridad, completada, usuario_id, categoria_id, lote) VALUES (1154, 'Task 855 for user 1', 'Description for task 855', '2025-12-17', 1, TRUE, 1, 101, 'lote-2') ON CONFLICT(id) DO NOTHING;
INSERT INTO fracttaldb.tarea_etiquetas (tarea_id, etiqueta_id) VALUES (1154, 306) ON CONFLICT (tarea_id, etiqueta_id) DO NOTHING;
INSERT INTO fracttaldb.tarea_etiquetas (tarea_id, etiqueta_id) VALUES (1154, 308) ON CONFLICT (tarea_id, etiqueta_id) DO NOTHING;
INSERT INTO fracttaldb.tareas (id, titulo, descripcion, fecha_vencimiento, prioridad, completada, usuario_id, categoria_id, lote) VALUES (1155, 'Task 856 for user 1', 'Description for task 856', '2025-10-22', 1, FALSE, 1, 105, 'lote-2') ON CONFLICT(id) DO NOTHING;
INSERT INTO fracttaldb.tarea_etiquetas (tarea_id, etiqueta_id) VALUES (1155, 306) ON CONFLICT (tarea_id, etiqueta_id) DO NOTHING;
INSERT INTO fracttaldb.tareas (id, titulo, descripcion, fecha_vencimiento, prioridad, completada, usuario_id, categoria_id, lote) VALUES (1156, 'Task 857 for user 1', 'Description for task 857', '2025-12-10', 3, TRUE, 1, 103, 'lote-2') ON CONFLICT(id) DO NOTHING;
INSERT INTO fracttaldb.tarea_etiquetas (tarea_id, etiqueta_id) VALUES (1156, 308) ON CONFLICT (tarea_id, etiqueta_id) DO NOTHING;
INSERT INTO fracttaldb.tarea_etiquetas (tarea_id, etiqueta_id) VALUES (1156, 307) ON CONFLICT (tarea_id, etiqueta_id) DO NOTHING;
INSERT INTO fracttaldb.tarea_etiquetas (tarea_id, etiqueta_id) VALUES (1156, 309) ON CONFLICT (tarea_id, etiqueta_id) DO NOTHING;
INSERT INTO fracttaldb.tareas (id, titulo, descripcion, fecha_vencimiento, prioridad, completada, usuario_id, categoria_id, lote) VALUES (1157, 'Task 858 for user 1', 'Description for task 858', '2025-11-10', 3, FALSE, 1, 102, 'lote-2') ON CONFLICT(id) DO NOTHING;
INSERT INTO fracttaldb.tarea_etiquetas (tarea_id, etiqueta_id) VALUES (1157, 306) ON CONFLICT (tarea_id, etiqueta_id) DO NOTHING;
INSERT INTO fracttaldb.tarea_etiquetas (tarea_id, etiqueta_id) VALUES (1157, 309) ON CONFLICT (tarea_id, etiqueta_id) DO NOTHING;
INSERT INTO fracttaldb.tareas (id, titulo, descripcion, fecha_vencimiento, prioridad, completada, usuario_id, categoria_id, lote) VALUES (1158, 'Task 859 for user 1', 'Description for task 859', '2025-11-20', 1, FALSE, 1, 107, 'lote-2') ON CONFLICT(id) DO NOTHING;
INSERT INTO fracttaldb.tarea_etiquetas (tarea_id, etiqueta_id) VALUES (1158, 304) ON CONFLICT (tarea_id, etiqueta_id) DO NOTHING;
INSERT INTO fracttaldb.tarea_etiquetas (tarea_id, etiqueta_id) VALUES (1158, 302) ON CONFLICT (tarea_id, etiqueta_id) DO NOTHING;
INSERT INTO fracttaldb.tarea_etiquetas (tarea_id, etiqueta_id) VALUES (1158, 303) ON CONFLICT (tarea_id, etiqueta_id) DO NOTHING;
INSERT INTO fracttaldb.tareas (id, titulo, descripcion, fecha_vencimiento, prioridad, completada, usuario_id, categoria_id, lote) VALUES (1159, 'Task 860 for user 1', 'Description for task 860', '2025-11-9', 3, TRUE, 1, 107, 'lote-2') ON CONFLICT(id) DO NOTHING;
INSERT INTO fracttaldb.tarea_etiquetas (tarea_id, etiqueta_id) VALUES (1159, 302) ON CONFLICT (tarea_id, etiqueta_id) DO NOTHING;
INSERT INTO fracttaldb.tareas (id, titulo, descripcion, fecha_vencimiento, prioridad, completada, usuario_id, categoria_id, lote) VALUES (1160, 'Task 861 for user 1', 'Description for task 861', '2025-12-15', 2, FALSE, 1, 103, 'lote-2') ON CONFLICT(id) DO NOTHING;
INSERT INTO fracttaldb.tarea_etiquetas (tarea_id, etiqueta_id) VALUES (1160, 307) ON CONFLICT (tarea_id, etiqueta_id) DO NOTHING;
INSERT INTO fracttaldb.tarea_etiquetas (tarea_id, etiqueta_id) VALUES (1160, 305) ON CONFLICT (tarea_id, etiqueta_id) DO NOTHING;
INSERT INTO fracttaldb.tarea_etiquetas (tarea_id, etiqueta_id) VALUES (1160, 303) ON CONFLICT (tarea_id, etiqueta_id) DO NOTHING;
INSERT INTO fracttaldb.tareas (id, titulo, descripcion, fecha_vencimiento, prioridad, completada, usuario_id, categoria_id, lote) VALUES (1161, 'Task 862 for user 1', 'Description for task 862', '2025-10-1', 2, TRUE, 1, 103, 'lote-2') ON CONFLICT(id) DO NOTHING;
INSERT INTO fracttaldb.tarea_etiquetas (tarea_id, etiqueta_id) VALUES (1161, 301) ON CONFLICT (tarea_id, etiqueta_id) DO NOTHING;
INSERT INTO fracttaldb.tareas (id, titulo, descripcion, fecha_vencimiento, prioridad, completada, usuario_id, categoria_id, lote) VALUES (1162, 'Task 863 for user 1', 'Description for task 863', '2025-11-12', 3, FALSE, 1, 102, 'lote-2') ON CONFLICT(id) DO NOTHING;
INSERT INTO fracttaldb.tarea_etiquetas (tarea_id, etiqueta_id) VALUES (1162, 302) ON CONFLICT (tarea_id, etiqueta_id) DO NOTHING;
INSERT INTO fracttaldb.tarea_etiquetas (tarea_id, etiqueta_id) VALUES (1162, 301) ON CONFLICT (tarea_id, etiqueta_id) DO NOTHING;
INSERT INTO fracttaldb.tareas (id, titulo, descripcion, fecha_vencimiento, prioridad, completada, usuario_id, categoria_id, lote) VALUES (1163, 'Task 864 for user 1', 'Description for task 864', '2025-10-7', 3, TRUE, 1, 107, 'lote-2') ON CONFLICT(id) DO NOTHING;
INSERT INTO fracttaldb.tarea_etiquetas (tarea_id, etiqueta_id) VALUES (1163, 304) ON CONFLICT (tarea_id, etiqueta_id) DO NOTHING;
INSERT INTO fracttaldb.tareas (id, titulo, descripcion, fecha_vencimiento, prioridad, completada, usuario_id, categoria_id, lote) VALUES (1164, 'Task 865 for user 1', 'Description for task 865', '2025-11-22', 2, FALSE, 1, 106, 'lote-2') ON CONFLICT(id) DO NOTHING;
INSERT INTO fracttaldb.tarea_etiquetas (tarea_id, etiqueta_id) VALUES (1164, 305) ON CONFLICT (tarea_id, etiqueta_id) DO NOTHING;
INSERT INTO fracttaldb.tareas (id, titulo, descripcion, fecha_vencimiento, prioridad, completada, usuario_id, categoria_id, lote) VALUES (1165, 'Task 866 for user 1', 'Description for task 866', '2025-11-10', 3, FALSE, 1, 104, 'lote-2') ON CONFLICT(id) DO NOTHING;
INSERT INTO fracttaldb.tarea_etiquetas (tarea_id, etiqueta_id) VALUES (1165, 307) ON CONFLICT (tarea_id, etiqueta_id) DO NOTHING;
INSERT INTO fracttaldb.tarea_etiquetas (tarea_id, etiqueta_id) VALUES (1165, 308) ON CONFLICT (tarea_id, etiqueta_id) DO NOTHING;
INSERT INTO fracttaldb.tarea_etiquetas (tarea_id, etiqueta_id) VALUES (1165, 302) ON CONFLICT (tarea_id, etiqueta_id) DO NOTHING;
INSERT INTO fracttaldb.tareas (id, titulo, descripcion, fecha_vencimiento, prioridad, completada, usuario_id, categoria_id, lote) VALUES (1166, 'Task 867 for user 1', 'Description for task 867', '2025-12-12', 3, TRUE, 1, 107, 'lote-2') ON CONFLICT(id) DO NOTHING;
INSERT INTO fracttaldb.tarea_etiquetas (tarea_id, etiqueta_id) VALUES (1166, 302) ON CONFLICT (tarea_id, etiqueta_id) DO NOTHING;
INSERT INTO fracttaldb.tarea_etiquetas (tarea_id, etiqueta_id) VALUES (1166, 309) ON CONFLICT (tarea_id, etiqueta_id) DO NOTHING;
INSERT INTO fracttaldb.tarea_etiquetas (tarea_id, etiqueta_id) VALUES (1166, 303) ON CONFLICT (tarea_id, etiqueta_id) DO NOTHING;
INSERT INTO fracttaldb.tareas (id, titulo, descripcion, fecha_vencimiento, prioridad, completada, usuario_id, categoria_id, lote) VALUES (1167, 'Task 868 for user 1', 'Description for task 868', '2025-11-7', 2, FALSE, 1, 105, 'lote-2') ON CONFLICT(id) DO NOTHING;
INSERT INTO fracttaldb.tarea_etiquetas (tarea_id, etiqueta_id) VALUES (1167, 305) ON CONFLICT (tarea_id, etiqueta_id) DO NOTHING;
INSERT INTO fracttaldb.tareas (id, titulo, descripcion, fecha_vencimiento, prioridad, completada, usuario_id, categoria_id, lote) VALUES (1168, 'Task 869 for user 1', 'Description for task 869', '2025-10-5', 3, FALSE, 1, 107, 'lote-2') ON CONFLICT(id) DO NOTHING;
INSERT INTO fracttaldb.tarea_etiquetas (tarea_id, etiqueta_id) VALUES (1168, 303) ON CONFLICT (tarea_id, etiqueta_id) DO NOTHING;
INSERT INTO fracttaldb.tarea_etiquetas (tarea_id, etiqueta_id) VALUES (1168, 307) ON CONFLICT (tarea_id, etiqueta_id) DO NOTHING;
INSERT INTO fracttaldb.tarea_etiquetas (tarea_id, etiqueta_id) VALUES (1168, 302) ON CONFLICT (tarea_id, etiqueta_id) DO NOTHING;
INSERT INTO fracttaldb.tareas (id, titulo, descripcion, fecha_vencimiento, prioridad, completada, usuario_id, categoria_id, lote) VALUES (1169, 'Task 870 for user 1', 'Description for task 870', '2025-10-4', 3, FALSE, 1, 107, 'lote-2') ON CONFLICT(id) DO NOTHING;
INSERT INTO fracttaldb.tarea_etiquetas (tarea_id, etiqueta_id) VALUES (1169, 307) ON CONFLICT (tarea_id, etiqueta_id) DO NOTHING;
INSERT INTO fracttaldb.tarea_etiquetas (tarea_id, etiqueta_id) VALUES (1169, 301) ON CONFLICT (tarea_id, etiqueta_id) DO NOTHING;
INSERT INTO fracttaldb.tarea_etiquetas (tarea_id, etiqueta_id) VALUES (1169, 305) ON CONFLICT (tarea_id, etiqueta_id) DO NOTHING;
INSERT INTO fracttaldb.tareas (id, titulo, descripcion, fecha_vencimiento, prioridad, completada, usuario_id, categoria_id, lote) VALUES (1170, 'Task 871 for user 1', 'Description for task 871', '2025-12-7', 1, FALSE, 1, 103, 'lote-2') ON CONFLICT(id) DO NOTHING;
INSERT INTO fracttaldb.tarea_etiquetas (tarea_id, etiqueta_id) VALUES (1170, 309) ON CONFLICT (tarea_id, etiqueta_id) DO NOTHING;
INSERT INTO fracttaldb.tareas (id, titulo, descripcion, fecha_vencimiento, prioridad, completada, usuario_id, categoria_id, lote) VALUES (1171, 'Task 872 for user 1', 'Description for task 872', '2025-10-2', 3, FALSE, 1, 105, 'lote-2') ON CONFLICT(id) DO NOTHING;
INSERT INTO fracttaldb.tarea_etiquetas (tarea_id, etiqueta_id) VALUES (1171, 309) ON CONFLICT (tarea_id, etiqueta_id) DO NOTHING;
INSERT INTO fracttaldb.tareas (id, titulo, descripcion, fecha_vencimiento, prioridad, completada, usuario_id, categoria_id, lote) VALUES (1172, 'Task 873 for user 1', 'Description for task 873', '2025-12-9', 1, FALSE, 1, 101, 'lote-2') ON CONFLICT(id) DO NOTHING;
INSERT INTO fracttaldb.tarea_etiquetas (tarea_id, etiqueta_id) VALUES (1172, 304) ON CONFLICT (tarea_id, etiqueta_id) DO NOTHING;
INSERT INTO fracttaldb.tareas (id, titulo, descripcion, fecha_vencimiento, prioridad, completada, usuario_id, categoria_id, lote) VALUES (1173, 'Task 874 for user 1', 'Description for task 874', '2025-12-11', 3, FALSE, 1, 104, 'lote-2') ON CONFLICT(id) DO NOTHING;
INSERT INTO fracttaldb.tarea_etiquetas (tarea_id, etiqueta_id) VALUES (1173, 308) ON CONFLICT (tarea_id, etiqueta_id) DO NOTHING;
INSERT INTO fracttaldb.tarea_etiquetas (tarea_id, etiqueta_id) VALUES (1173, 307) ON CONFLICT (tarea_id, etiqueta_id) DO NOTHING;
INSERT INTO fracttaldb.tarea_etiquetas (tarea_id, etiqueta_id) VALUES (1173, 303) ON CONFLICT (tarea_id, etiqueta_id) DO NOTHING;
INSERT INTO fracttaldb.tareas (id, titulo, descripcion, fecha_vencimiento, prioridad, completada, usuario_id, categoria_id, lote) VALUES (1174, 'Task 875 for user 1', 'Description for task 875', '2025-10-20', 3, TRUE, 1, 104, 'lote-2') ON CONFLICT(id) DO NOTHING;
INSERT INTO fracttaldb.tarea_etiquetas (tarea_id, etiqueta_id) VALUES (1174, 308) ON CONFLICT (tarea_id, etiqueta_id) DO NOTHING;
INSERT INTO fracttaldb.tarea_etiquetas (tarea_id, etiqueta_id) VALUES (1174, 307) ON CONFLICT (tarea_id, etiqueta_id) DO NOTHING;
INSERT INTO fracttaldb.tarea_etiquetas (tarea_id, etiqueta_id) VALUES (1174, 301) ON CONFLICT (tarea_id, etiqueta_id) DO NOTHING;
INSERT INTO fracttaldb.tareas (id, titulo, descripcion, fecha_vencimiento, prioridad, completada, usuario_id, categoria_id, lote) VALUES (1175, 'Task 876 for user 1', 'Description for task 876', '2025-11-21', 3, TRUE, 1, 102, 'lote-2') ON CONFLICT(id) DO NOTHING;
INSERT INTO fracttaldb.tarea_etiquetas (tarea_id, etiqueta_id) VALUES (1175, 304) ON CONFLICT (tarea_id, etiqueta_id) DO NOTHING;
INSERT INTO fracttaldb.tareas (id, titulo, descripcion, fecha_vencimiento, prioridad, completada, usuario_id, categoria_id, lote) VALUES (1176, 'Task 877 for user 1', 'Description for task 877', '2025-10-20', 1, FALSE, 1, 105, 'lote-2') ON CONFLICT(id) DO NOTHING;
INSERT INTO fracttaldb.tarea_etiquetas (tarea_id, etiqueta_id) VALUES (1176, 304) ON CONFLICT (tarea_id, etiqueta_id) DO NOTHING;
INSERT INTO fracttaldb.tareas (id, titulo, descripcion, fecha_vencimiento, prioridad, completada, usuario_id, categoria_id, lote) VALUES (1177, 'Task 878 for user 1', 'Description for task 878', '2025-10-8', 3, TRUE, 1, 106, 'lote-2') ON CONFLICT(id) DO NOTHING;
INSERT INTO fracttaldb.tarea_etiquetas (tarea_id, etiqueta_id) VALUES (1177, 309) ON CONFLICT (tarea_id, etiqueta_id) DO NOTHING;
INSERT INTO fracttaldb.tarea_etiquetas (tarea_id, etiqueta_id) VALUES (1177, 307) ON CONFLICT (tarea_id, etiqueta_id) DO NOTHING;
INSERT INTO fracttaldb.tarea_etiquetas (tarea_id, etiqueta_id) VALUES (1177, 301) ON CONFLICT (tarea_id, etiqueta_id) DO NOTHING;
INSERT INTO fracttaldb.tareas (id, titulo, descripcion, fecha_vencimiento, prioridad, completada, usuario_id, categoria_id, lote) VALUES (1178, 'Task 879 for user 1', 'Description for task 879', '2025-11-6', 2, TRUE, 1, 104, 'lote-2') ON CONFLICT(id) DO NOTHING;
INSERT INTO fracttaldb.tarea_etiquetas (tarea_id, etiqueta_id) VALUES (1178, 307) ON CONFLICT (tarea_id, etiqueta_id) DO NOTHING;
INSERT INTO fracttaldb.tarea_etiquetas (tarea_id, etiqueta_id) VALUES (1178, 309) ON CONFLICT (tarea_id, etiqueta_id) DO NOTHING;
INSERT INTO fracttaldb.tareas (id, titulo, descripcion, fecha_vencimiento, prioridad, completada, usuario_id, categoria_id, lote) VALUES (1179, 'Task 880 for user 1', 'Description for task 880', '2025-11-6', 2, TRUE, 1, 107, 'lote-2') ON CONFLICT(id) DO NOTHING;
INSERT INTO fracttaldb.tarea_etiquetas (tarea_id, etiqueta_id) VALUES (1179, 301) ON CONFLICT (tarea_id, etiqueta_id) DO NOTHING;
INSERT INTO fracttaldb.tarea_etiquetas (tarea_id, etiqueta_id) VALUES (1179, 305) ON CONFLICT (tarea_id, etiqueta_id) DO NOTHING;
INSERT INTO fracttaldb.tarea_etiquetas (tarea_id, etiqueta_id) VALUES (1179, 308) ON CONFLICT (tarea_id, etiqueta_id) DO NOTHING;
INSERT INTO fracttaldb.tareas (id, titulo, descripcion, fecha_vencimiento, prioridad, completada, usuario_id, categoria_id, lote) VALUES (1180, 'Task 881 for user 1', 'Description for task 881', '2025-10-14', 3, TRUE, 1, 106, 'lote-2') ON CONFLICT(id) DO NOTHING;
INSERT INTO fracttaldb.tarea_etiquetas (tarea_id, etiqueta_id) VALUES (1180, 301) ON CONFLICT (tarea_id, etiqueta_id) DO NOTHING;
INSERT INTO fracttaldb.tarea_etiquetas (tarea_id, etiqueta_id) VALUES (1180, 306) ON CONFLICT (tarea_id, etiqueta_id) DO NOTHING;
INSERT INTO fracttaldb.tarea_etiquetas (tarea_id, etiqueta_id) VALUES (1180, 309) ON CONFLICT (tarea_id, etiqueta_id) DO NOTHING;
INSERT INTO fracttaldb.tareas (id, titulo, descripcion, fecha_vencimiento, prioridad, completada, usuario_id, categoria_id, lote) VALUES (1181, 'Task 882 for user 1', 'Description for task 882', '2025-11-15', 1, TRUE, 1, 102, 'lote-2') ON CONFLICT(id) DO NOTHING;
INSERT INTO fracttaldb.tarea_etiquetas (tarea_id, etiqueta_id) VALUES (1181, 309) ON CONFLICT (tarea_id, etiqueta_id) DO NOTHING;
INSERT INTO fracttaldb.tarea_etiquetas (tarea_id, etiqueta_id) VALUES (1181, 304) ON CONFLICT (tarea_id, etiqueta_id) DO NOTHING;
INSERT INTO fracttaldb.tareas (id, titulo, descripcion, fecha_vencimiento, prioridad, completada, usuario_id, categoria_id, lote) VALUES (1182, 'Task 883 for user 1', 'Description for task 883', '2025-10-17', 2, FALSE, 1, 105, 'lote-2') ON CONFLICT(id) DO NOTHING;
INSERT INTO fracttaldb.tarea_etiquetas (tarea_id, etiqueta_id) VALUES (1182, 304) ON CONFLICT (tarea_id, etiqueta_id) DO NOTHING;
INSERT INTO fracttaldb.tareas (id, titulo, descripcion, fecha_vencimiento, prioridad, completada, usuario_id, categoria_id, lote) VALUES (1183, 'Task 884 for user 1', 'Description for task 884', '2025-11-2', 3, FALSE, 1, 107, 'lote-2') ON CONFLICT(id) DO NOTHING;
INSERT INTO fracttaldb.tarea_etiquetas (tarea_id, etiqueta_id) VALUES (1183, 302) ON CONFLICT (tarea_id, etiqueta_id) DO NOTHING;
INSERT INTO fracttaldb.tarea_etiquetas (tarea_id, etiqueta_id) VALUES (1183, 306) ON CONFLICT (tarea_id, etiqueta_id) DO NOTHING;
INSERT INTO fracttaldb.tarea_etiquetas (tarea_id, etiqueta_id) VALUES (1183, 304) ON CONFLICT (tarea_id, etiqueta_id) DO NOTHING;
INSERT INTO fracttaldb.tareas (id, titulo, descripcion, fecha_vencimiento, prioridad, completada, usuario_id, categoria_id, lote) VALUES (1184, 'Task 885 for user 1', 'Description for task 885', '2025-12-28', 1, FALSE, 1, 102, 'lote-2') ON CONFLICT(id) DO NOTHING;
INSERT INTO fracttaldb.tarea_etiquetas (tarea_id, etiqueta_id) VALUES (1184, 309) ON CONFLICT (tarea_id, etiqueta_id) DO NOTHING;
INSERT INTO fracttaldb.tarea_etiquetas (tarea_id, etiqueta_id) VALUES (1184, 305) ON CONFLICT (tarea_id, etiqueta_id) DO NOTHING;
INSERT INTO fracttaldb.tarea_etiquetas (tarea_id, etiqueta_id) VALUES (1184, 302) ON CONFLICT (tarea_id, etiqueta_id) DO NOTHING;
INSERT INTO fracttaldb.tareas (id, titulo, descripcion, fecha_vencimiento, prioridad, completada, usuario_id, categoria_id, lote) VALUES (1185, 'Task 886 for user 1', 'Description for task 886', '2025-11-18', 3, FALSE, 1, 105, 'lote-2') ON CONFLICT(id) DO NOTHING;
INSERT INTO fracttaldb.tarea_etiquetas (tarea_id, etiqueta_id) VALUES (1185, 309) ON CONFLICT (tarea_id, etiqueta_id) DO NOTHING;
INSERT INTO fracttaldb.tarea_etiquetas (tarea_id, etiqueta_id) VALUES (1185, 306) ON CONFLICT (tarea_id, etiqueta_id) DO NOTHING;
INSERT INTO fracttaldb.tareas (id, titulo, descripcion, fecha_vencimiento, prioridad, completada, usuario_id, categoria_id, lote) VALUES (1186, 'Task 887 for user 1', 'Description for task 887', '2025-10-5', 2, TRUE, 1, 104, 'lote-2') ON CONFLICT(id) DO NOTHING;
INSERT INTO fracttaldb.tarea_etiquetas (tarea_id, etiqueta_id) VALUES (1186, 304) ON CONFLICT (tarea_id, etiqueta_id) DO NOTHING;
INSERT INTO fracttaldb.tareas (id, titulo, descripcion, fecha_vencimiento, prioridad, completada, usuario_id, categoria_id, lote) VALUES (1187, 'Task 888 for user 1', 'Description for task 888', '2025-12-21', 2, TRUE, 1, 102, 'lote-2') ON CONFLICT(id) DO NOTHING;
INSERT INTO fracttaldb.tarea_etiquetas (tarea_id, etiqueta_id) VALUES (1187, 309) ON CONFLICT (tarea_id, etiqueta_id) DO NOTHING;
INSERT INTO fracttaldb.tareas (id, titulo, descripcion, fecha_vencimiento, prioridad, completada, usuario_id, categoria_id, lote) VALUES (1188, 'Task 889 for user 1', 'Description for task 889', '2025-11-27', 3, TRUE, 1, 104, 'lote-2') ON CONFLICT(id) DO NOTHING;
INSERT INTO fracttaldb.tarea_etiquetas (tarea_id, etiqueta_id) VALUES (1188, 302) ON CONFLICT (tarea_id, etiqueta_id) DO NOTHING;
INSERT INTO fracttaldb.tarea_etiquetas (tarea_id, etiqueta_id) VALUES (1188, 309) ON CONFLICT (tarea_id, etiqueta_id) DO NOTHING;
INSERT INTO fracttaldb.tareas (id, titulo, descripcion, fecha_vencimiento, prioridad, completada, usuario_id, categoria_id, lote) VALUES (1189, 'Task 890 for user 1', 'Description for task 890', '2025-12-4', 1, TRUE, 1, 103, 'lote-2') ON CONFLICT(id) DO NOTHING;
INSERT INTO fracttaldb.tarea_etiquetas (tarea_id, etiqueta_id) VALUES (1189, 308) ON CONFLICT (tarea_id, etiqueta_id) DO NOTHING;
INSERT INTO fracttaldb.tareas (id, titulo, descripcion, fecha_vencimiento, prioridad, completada, usuario_id, categoria_id, lote) VALUES (1190, 'Task 891 for user 1', 'Description for task 891', '2025-12-21', 2, FALSE, 1, 104, 'lote-2') ON CONFLICT(id) DO NOTHING;
INSERT INTO fracttaldb.tarea_etiquetas (tarea_id, etiqueta_id) VALUES (1190, 301) ON CONFLICT (tarea_id, etiqueta_id) DO NOTHING;
INSERT INTO fracttaldb.tarea_etiquetas (tarea_id, etiqueta_id) VALUES (1190, 303) ON CONFLICT (tarea_id, etiqueta_id) DO NOTHING;
INSERT INTO fracttaldb.tareas (id, titulo, descripcion, fecha_vencimiento, prioridad, completada, usuario_id, categoria_id, lote) VALUES (1191, 'Task 892 for user 1', 'Description for task 892', '2025-10-18', 3, TRUE, 1, 103, 'lote-2') ON CONFLICT(id) DO NOTHING;
INSERT INTO fracttaldb.tarea_etiquetas (tarea_id, etiqueta_id) VALUES (1191, 301) ON CONFLICT (tarea_id, etiqueta_id) DO NOTHING;
INSERT INTO fracttaldb.tarea_etiquetas (tarea_id, etiqueta_id) VALUES (1191, 306) ON CONFLICT (tarea_id, etiqueta_id) DO NOTHING;
INSERT INTO fracttaldb.tareas (id, titulo, descripcion, fecha_vencimiento, prioridad, completada, usuario_id, categoria_id, lote) VALUES (1192, 'Task 893 for user 1', 'Description for task 893', '2025-10-17', 1, TRUE, 1, 107, 'lote-2') ON CONFLICT(id) DO NOTHING;
INSERT INTO fracttaldb.tarea_etiquetas (tarea_id, etiqueta_id) VALUES (1192, 309) ON CONFLICT (tarea_id, etiqueta_id) DO NOTHING;
INSERT INTO fracttaldb.tarea_etiquetas (tarea_id, etiqueta_id) VALUES (1192, 301) ON CONFLICT (tarea_id, etiqueta_id) DO NOTHING;
INSERT INTO fracttaldb.tarea_etiquetas (tarea_id, etiqueta_id) VALUES (1192, 306) ON CONFLICT (tarea_id, etiqueta_id) DO NOTHING;
INSERT INTO fracttaldb.tareas (id, titulo, descripcion, fecha_vencimiento, prioridad, completada, usuario_id, categoria_id, lote) VALUES (1193, 'Task 894 for user 1', 'Description for task 894', '2025-11-19', 3, TRUE, 1, 102, 'lote-2') ON CONFLICT(id) DO NOTHING;
INSERT INTO fracttaldb.tarea_etiquetas (tarea_id, etiqueta_id) VALUES (1193, 309) ON CONFLICT (tarea_id, etiqueta_id) DO NOTHING;
INSERT INTO fracttaldb.tarea_etiquetas (tarea_id, etiqueta_id) VALUES (1193, 304) ON CONFLICT (tarea_id, etiqueta_id) DO NOTHING;
INSERT INTO fracttaldb.tareas (id, titulo, descripcion, fecha_vencimiento, prioridad, completada, usuario_id, categoria_id, lote) VALUES (1194, 'Task 895 for user 1', 'Description for task 895', '2025-10-9', 1, FALSE, 1, 101, 'lote-2') ON CONFLICT(id) DO NOTHING;
INSERT INTO fracttaldb.tarea_etiquetas (tarea_id, etiqueta_id) VALUES (1194, 307) ON CONFLICT (tarea_id, etiqueta_id) DO NOTHING;
INSERT INTO fracttaldb.tarea_etiquetas (tarea_id, etiqueta_id) VALUES (1194, 303) ON CONFLICT (tarea_id, etiqueta_id) DO NOTHING;
INSERT INTO fracttaldb.tarea_etiquetas (tarea_id, etiqueta_id) VALUES (1194, 301) ON CONFLICT (tarea_id, etiqueta_id) DO NOTHING;
INSERT INTO fracttaldb.tareas (id, titulo, descripcion, fecha_vencimiento, prioridad, completada, usuario_id, categoria_id, lote) VALUES (1195, 'Task 896 for user 1', 'Description for task 896', '2025-10-22', 1, FALSE, 1, 103, 'lote-2') ON CONFLICT(id) DO NOTHING;
INSERT INTO fracttaldb.tarea_etiquetas (tarea_id, etiqueta_id) VALUES (1195, 303) ON CONFLICT (tarea_id, etiqueta_id) DO NOTHING;
INSERT INTO fracttaldb.tarea_etiquetas (tarea_id, etiqueta_id) VALUES (1195, 301) ON CONFLICT (tarea_id, etiqueta_id) DO NOTHING;
INSERT INTO fracttaldb.tarea_etiquetas (tarea_id, etiqueta_id) VALUES (1195, 304) ON CONFLICT (tarea_id, etiqueta_id) DO NOTHING;
INSERT INTO fracttaldb.tareas (id, titulo, descripcion, fecha_vencimiento, prioridad, completada, usuario_id, categoria_id, lote) VALUES (1196, 'Task 897 for user 1', 'Description for task 897', '2025-10-27', 2, FALSE, 1, 107, 'lote-2') ON CONFLICT(id) DO NOTHING;
INSERT INTO fracttaldb.tarea_etiquetas (tarea_id, etiqueta_id) VALUES (1196, 309) ON CONFLICT (tarea_id, etiqueta_id) DO NOTHING;
INSERT INTO fracttaldb.tarea_etiquetas (tarea_id, etiqueta_id) VALUES (1196, 302) ON CONFLICT (tarea_id, etiqueta_id) DO NOTHING;
INSERT INTO fracttaldb.tareas (id, titulo, descripcion, fecha_vencimiento, prioridad, completada, usuario_id, categoria_id, lote) VALUES (1197, 'Task 898 for user 1', 'Description for task 898', '2025-10-7', 1, FALSE, 1, 102, 'lote-2') ON CONFLICT(id) DO NOTHING;
INSERT INTO fracttaldb.tarea_etiquetas (tarea_id, etiqueta_id) VALUES (1197, 301) ON CONFLICT (tarea_id, etiqueta_id) DO NOTHING;
INSERT INTO fracttaldb.tarea_etiquetas (tarea_id, etiqueta_id) VALUES (1197, 305) ON CONFLICT (tarea_id, etiqueta_id) DO NOTHING;
INSERT INTO fracttaldb.tareas (id, titulo, descripcion, fecha_vencimiento, prioridad, completada, usuario_id, categoria_id, lote) VALUES (1198, 'Task 899 for user 1', 'Description for task 899', '2025-12-14', 1, FALSE, 1, 106, 'lote-2') ON CONFLICT(id) DO NOTHING;
INSERT INTO fracttaldb.tarea_etiquetas (tarea_id, etiqueta_id) VALUES (1198, 307) ON CONFLICT (tarea_id, etiqueta_id) DO NOTHING;
INSERT INTO fracttaldb.tareas (id, titulo, descripcion, fecha_vencimiento, prioridad, completada, usuario_id, categoria_id, lote) VALUES (1199, 'Task 900 for user 1', 'Description for task 900', '2025-12-12', 1, FALSE, 1, 104, 'lote-2') ON CONFLICT(id) DO NOTHING;
INSERT INTO fracttaldb.tarea_etiquetas (tarea_id, etiqueta_id) VALUES (1199, 304) ON CONFLICT (tarea_id, etiqueta_id) DO NOTHING;
INSERT INTO fracttaldb.tareas (id, titulo, descripcion, fecha_vencimiento, prioridad, completada, usuario_id, categoria_id, lote) VALUES (1200, 'Task 901 for user 1', 'Description for task 901', '2025-11-7', 1, FALSE, 1, 102, 'lote-2') ON CONFLICT(id) DO NOTHING;
INSERT INTO fracttaldb.tarea_etiquetas (tarea_id, etiqueta_id) VALUES (1200, 307) ON CONFLICT (tarea_id, etiqueta_id) DO NOTHING;
INSERT INTO fracttaldb.tareas (id, titulo, descripcion, fecha_vencimiento, prioridad, completada, usuario_id, categoria_id, lote) VALUES (1201, 'Task 902 for user 1', 'Description for task 902', '2025-12-14', 3, FALSE, 1, 107, 'lote-2') ON CONFLICT(id) DO NOTHING;
INSERT INTO fracttaldb.tarea_etiquetas (tarea_id, etiqueta_id) VALUES (1201, 304) ON CONFLICT (tarea_id, etiqueta_id) DO NOTHING;
INSERT INTO fracttaldb.tareas (id, titulo, descripcion, fecha_vencimiento, prioridad, completada, usuario_id, categoria_id, lote) VALUES (1202, 'Task 903 for user 1', 'Description for task 903', '2025-10-4', 3, FALSE, 1, 107, 'lote-2') ON CONFLICT(id) DO NOTHING;
INSERT INTO fracttaldb.tarea_etiquetas (tarea_id, etiqueta_id) VALUES (1202, 308) ON CONFLICT (tarea_id, etiqueta_id) DO NOTHING;
INSERT INTO fracttaldb.tarea_etiquetas (tarea_id, etiqueta_id) VALUES (1202, 301) ON CONFLICT (tarea_id, etiqueta_id) DO NOTHING;
INSERT INTO fracttaldb.tareas (id, titulo, descripcion, fecha_vencimiento, prioridad, completada, usuario_id, categoria_id, lote) VALUES (1203, 'Task 904 for user 1', 'Description for task 904', '2025-12-13', 2, FALSE, 1, 103, 'lote-2') ON CONFLICT(id) DO NOTHING;
INSERT INTO fracttaldb.tarea_etiquetas (tarea_id, etiqueta_id) VALUES (1203, 306) ON CONFLICT (tarea_id, etiqueta_id) DO NOTHING;
INSERT INTO fracttaldb.tareas (id, titulo, descripcion, fecha_vencimiento, prioridad, completada, usuario_id, categoria_id, lote) VALUES (1204, 'Task 905 for user 1', 'Description for task 905', '2025-11-20', 1, FALSE, 1, 101, 'lote-2') ON CONFLICT(id) DO NOTHING;
INSERT INTO fracttaldb.tarea_etiquetas (tarea_id, etiqueta_id) VALUES (1204, 305) ON CONFLICT (tarea_id, etiqueta_id) DO NOTHING;
INSERT INTO fracttaldb.tarea_etiquetas (tarea_id, etiqueta_id) VALUES (1204, 307) ON CONFLICT (tarea_id, etiqueta_id) DO NOTHING;
INSERT INTO fracttaldb.tareas (id, titulo, descripcion, fecha_vencimiento, prioridad, completada, usuario_id, categoria_id, lote) VALUES (1205, 'Task 906 for user 1', 'Description for task 906', '2025-11-20', 2, FALSE, 1, 105, 'lote-2') ON CONFLICT(id) DO NOTHING;
INSERT INTO fracttaldb.tarea_etiquetas (tarea_id, etiqueta_id) VALUES (1205, 306) ON CONFLICT (tarea_id, etiqueta_id) DO NOTHING;
INSERT INTO fracttaldb.tareas (id, titulo, descripcion, fecha_vencimiento, prioridad, completada, usuario_id, categoria_id, lote) VALUES (1206, 'Task 907 for user 1', 'Description for task 907', '2025-12-26', 3, TRUE, 1, 101, 'lote-2') ON CONFLICT(id) DO NOTHING;
INSERT INTO fracttaldb.tarea_etiquetas (tarea_id, etiqueta_id) VALUES (1206, 309) ON CONFLICT (tarea_id, etiqueta_id) DO NOTHING;
INSERT INTO fracttaldb.tarea_etiquetas (tarea_id, etiqueta_id) VALUES (1206, 305) ON CONFLICT (tarea_id, etiqueta_id) DO NOTHING;
INSERT INTO fracttaldb.tarea_etiquetas (tarea_id, etiqueta_id) VALUES (1206, 302) ON CONFLICT (tarea_id, etiqueta_id) DO NOTHING;
INSERT INTO fracttaldb.tareas (id, titulo, descripcion, fecha_vencimiento, prioridad, completada, usuario_id, categoria_id, lote) VALUES (1207, 'Task 908 for user 1', 'Description for task 908', '2025-10-16', 1, FALSE, 1, 107, 'lote-2') ON CONFLICT(id) DO NOTHING;
INSERT INTO fracttaldb.tarea_etiquetas (tarea_id, etiqueta_id) VALUES (1207, 307) ON CONFLICT (tarea_id, etiqueta_id) DO NOTHING;
INSERT INTO fracttaldb.tareas (id, titulo, descripcion, fecha_vencimiento, prioridad, completada, usuario_id, categoria_id, lote) VALUES (1208, 'Task 909 for user 1', 'Description for task 909', '2025-10-21', 3, TRUE, 1, 106, 'lote-2') ON CONFLICT(id) DO NOTHING;
INSERT INTO fracttaldb.tarea_etiquetas (tarea_id, etiqueta_id) VALUES (1208, 302) ON CONFLICT (tarea_id, etiqueta_id) DO NOTHING;
INSERT INTO fracttaldb.tareas (id, titulo, descripcion, fecha_vencimiento, prioridad, completada, usuario_id, categoria_id, lote) VALUES (1209, 'Task 910 for user 1', 'Description for task 910', '2025-10-25', 3, TRUE, 1, 106, 'lote-2') ON CONFLICT(id) DO NOTHING;
INSERT INTO fracttaldb.tarea_etiquetas (tarea_id, etiqueta_id) VALUES (1209, 304) ON CONFLICT (tarea_id, etiqueta_id) DO NOTHING;
INSERT INTO fracttaldb.tarea_etiquetas (tarea_id, etiqueta_id) VALUES (1209, 309) ON CONFLICT (tarea_id, etiqueta_id) DO NOTHING;
INSERT INTO fracttaldb.tareas (id, titulo, descripcion, fecha_vencimiento, prioridad, completada, usuario_id, categoria_id, lote) VALUES (1210, 'Task 911 for user 1', 'Description for task 911', '2025-12-12', 3, TRUE, 1, 102, 'lote-2') ON CONFLICT(id) DO NOTHING;
INSERT INTO fracttaldb.tarea_etiquetas (tarea_id, etiqueta_id) VALUES (1210, 303) ON CONFLICT (tarea_id, etiqueta_id) DO NOTHING;
INSERT INTO fracttaldb.tarea_etiquetas (tarea_id, etiqueta_id) VALUES (1210, 309) ON CONFLICT (tarea_id, etiqueta_id) DO NOTHING;
INSERT INTO fracttaldb.tareas (id, titulo, descripcion, fecha_vencimiento, prioridad, completada, usuario_id, categoria_id, lote) VALUES (1211, 'Task 912 for user 1', 'Description for task 912', '2025-10-28', 1, FALSE, 1, 107, 'lote-2') ON CONFLICT(id) DO NOTHING;
INSERT INTO fracttaldb.tarea_etiquetas (tarea_id, etiqueta_id) VALUES (1211, 306) ON CONFLICT (tarea_id, etiqueta_id) DO NOTHING;
INSERT INTO fracttaldb.tarea_etiquetas (tarea_id, etiqueta_id) VALUES (1211, 303) ON CONFLICT (tarea_id, etiqueta_id) DO NOTHING;
INSERT INTO fracttaldb.tareas (id, titulo, descripcion, fecha_vencimiento, prioridad, completada, usuario_id, categoria_id, lote) VALUES (1212, 'Task 913 for user 1', 'Description for task 913', '2025-10-11', 3, TRUE, 1, 106, 'lote-2') ON CONFLICT(id) DO NOTHING;
INSERT INTO fracttaldb.tarea_etiquetas (tarea_id, etiqueta_id) VALUES (1212, 309) ON CONFLICT (tarea_id, etiqueta_id) DO NOTHING;
INSERT INTO fracttaldb.tarea_etiquetas (tarea_id, etiqueta_id) VALUES (1212, 301) ON CONFLICT (tarea_id, etiqueta_id) DO NOTHING;
INSERT INTO fracttaldb.tarea_etiquetas (tarea_id, etiqueta_id) VALUES (1212, 306) ON CONFLICT (tarea_id, etiqueta_id) DO NOTHING;
INSERT INTO fracttaldb.tareas (id, titulo, descripcion, fecha_vencimiento, prioridad, completada, usuario_id, categoria_id, lote) VALUES (1213, 'Task 914 for user 1', 'Description for task 914', '2025-11-18', 2, TRUE, 1, 107, 'lote-2') ON CONFLICT(id) DO NOTHING;
INSERT INTO fracttaldb.tarea_etiquetas (tarea_id, etiqueta_id) VALUES (1213, 306) ON CONFLICT (tarea_id, etiqueta_id) DO NOTHING;
INSERT INTO fracttaldb.tarea_etiquetas (tarea_id, etiqueta_id) VALUES (1213, 304) ON CONFLICT (tarea_id, etiqueta_id) DO NOTHING;
INSERT INTO fracttaldb.tarea_etiquetas (tarea_id, etiqueta_id) VALUES (1213, 303) ON CONFLICT (tarea_id, etiqueta_id) DO NOTHING;
INSERT INTO fracttaldb.tareas (id, titulo, descripcion, fecha_vencimiento, prioridad, completada, usuario_id, categoria_id, lote) VALUES (1214, 'Task 915 for user 1', 'Description for task 915', '2025-10-4', 3, FALSE, 1, 106, 'lote-2') ON CONFLICT(id) DO NOTHING;
INSERT INTO fracttaldb.tarea_etiquetas (tarea_id, etiqueta_id) VALUES (1214, 301) ON CONFLICT (tarea_id, etiqueta_id) DO NOTHING;
INSERT INTO fracttaldb.tarea_etiquetas (tarea_id, etiqueta_id) VALUES (1214, 302) ON CONFLICT (tarea_id, etiqueta_id) DO NOTHING;
INSERT INTO fracttaldb.tareas (id, titulo, descripcion, fecha_vencimiento, prioridad, completada, usuario_id, categoria_id, lote) VALUES (1215, 'Task 916 for user 1', 'Description for task 916', '2025-12-7', 2, TRUE, 1, 107, 'lote-2') ON CONFLICT(id) DO NOTHING;
INSERT INTO fracttaldb.tarea_etiquetas (tarea_id, etiqueta_id) VALUES (1215, 309) ON CONFLICT (tarea_id, etiqueta_id) DO NOTHING;
INSERT INTO fracttaldb.tarea_etiquetas (tarea_id, etiqueta_id) VALUES (1215, 301) ON CONFLICT (tarea_id, etiqueta_id) DO NOTHING;
INSERT INTO fracttaldb.tarea_etiquetas (tarea_id, etiqueta_id) VALUES (1215, 302) ON CONFLICT (tarea_id, etiqueta_id) DO NOTHING;
INSERT INTO fracttaldb.tareas (id, titulo, descripcion, fecha_vencimiento, prioridad, completada, usuario_id, categoria_id, lote) VALUES (1216, 'Task 917 for user 1', 'Description for task 917', '2025-11-16', 3, TRUE, 1, 105, 'lote-2') ON CONFLICT(id) DO NOTHING;
INSERT INTO fracttaldb.tarea_etiquetas (tarea_id, etiqueta_id) VALUES (1216, 309) ON CONFLICT (tarea_id, etiqueta_id) DO NOTHING;
INSERT INTO fracttaldb.tarea_etiquetas (tarea_id, etiqueta_id) VALUES (1216, 306) ON CONFLICT (tarea_id, etiqueta_id) DO NOTHING;
INSERT INTO fracttaldb.tarea_etiquetas (tarea_id, etiqueta_id) VALUES (1216, 301) ON CONFLICT (tarea_id, etiqueta_id) DO NOTHING;
INSERT INTO fracttaldb.tareas (id, titulo, descripcion, fecha_vencimiento, prioridad, completada, usuario_id, categoria_id, lote) VALUES (1217, 'Task 918 for user 1', 'Description for task 918', '2025-10-25', 2, FALSE, 1, 101, 'lote-2') ON CONFLICT(id) DO NOTHING;
INSERT INTO fracttaldb.tarea_etiquetas (tarea_id, etiqueta_id) VALUES (1217, 307) ON CONFLICT (tarea_id, etiqueta_id) DO NOTHING;
INSERT INTO fracttaldb.tarea_etiquetas (tarea_id, etiqueta_id) VALUES (1217, 309) ON CONFLICT (tarea_id, etiqueta_id) DO NOTHING;
INSERT INTO fracttaldb.tarea_etiquetas (tarea_id, etiqueta_id) VALUES (1217, 302) ON CONFLICT (tarea_id, etiqueta_id) DO NOTHING;
INSERT INTO fracttaldb.tareas (id, titulo, descripcion, fecha_vencimiento, prioridad, completada, usuario_id, categoria_id, lote) VALUES (1218, 'Task 919 for user 1', 'Description for task 919', '2025-11-20', 3, TRUE, 1, 105, 'lote-2') ON CONFLICT(id) DO NOTHING;
INSERT INTO fracttaldb.tarea_etiquetas (tarea_id, etiqueta_id) VALUES (1218, 303) ON CONFLICT (tarea_id, etiqueta_id) DO NOTHING;
INSERT INTO fracttaldb.tarea_etiquetas (tarea_id, etiqueta_id) VALUES (1218, 309) ON CONFLICT (tarea_id, etiqueta_id) DO NOTHING;
INSERT INTO fracttaldb.tarea_etiquetas (tarea_id, etiqueta_id) VALUES (1218, 301) ON CONFLICT (tarea_id, etiqueta_id) DO NOTHING;
INSERT INTO fracttaldb.tareas (id, titulo, descripcion, fecha_vencimiento, prioridad, completada, usuario_id, categoria_id, lote) VALUES (1219, 'Task 920 for user 1', 'Description for task 920', '2025-11-11', 2, FALSE, 1, 107, 'lote-2') ON CONFLICT(id) DO NOTHING;
INSERT INTO fracttaldb.tarea_etiquetas (tarea_id, etiqueta_id) VALUES (1219, 305) ON CONFLICT (tarea_id, etiqueta_id) DO NOTHING;
INSERT INTO fracttaldb.tareas (id, titulo, descripcion, fecha_vencimiento, prioridad, completada, usuario_id, categoria_id, lote) VALUES (1220, 'Task 921 for user 1', 'Description for task 921', '2025-11-24', 2, TRUE, 1, 103, 'lote-2') ON CONFLICT(id) DO NOTHING;
INSERT INTO fracttaldb.tarea_etiquetas (tarea_id, etiqueta_id) VALUES (1220, 309) ON CONFLICT (tarea_id, etiqueta_id) DO NOTHING;
INSERT INTO fracttaldb.tareas (id, titulo, descripcion, fecha_vencimiento, prioridad, completada, usuario_id, categoria_id, lote) VALUES (1221, 'Task 922 for user 1', 'Description for task 922', '2025-10-24', 1, FALSE, 1, 105, 'lote-2') ON CONFLICT(id) DO NOTHING;
INSERT INTO fracttaldb.tarea_etiquetas (tarea_id, etiqueta_id) VALUES (1221, 304) ON CONFLICT (tarea_id, etiqueta_id) DO NOTHING;
INSERT INTO fracttaldb.tareas (id, titulo, descripcion, fecha_vencimiento, prioridad, completada, usuario_id, categoria_id, lote) VALUES (1222, 'Task 923 for user 1', 'Description for task 923', '2025-12-2', 3, TRUE, 1, 102, 'lote-2') ON CONFLICT(id) DO NOTHING;
INSERT INTO fracttaldb.tarea_etiquetas (tarea_id, etiqueta_id) VALUES (1222, 303) ON CONFLICT (tarea_id, etiqueta_id) DO NOTHING;
INSERT INTO fracttaldb.tareas (id, titulo, descripcion, fecha_vencimiento, prioridad, completada, usuario_id, categoria_id, lote) VALUES (1223, 'Task 924 for user 1', 'Description for task 924', '2025-12-3', 3, FALSE, 1, 104, 'lote-2') ON CONFLICT(id) DO NOTHING;
INSERT INTO fracttaldb.tarea_etiquetas (tarea_id, etiqueta_id) VALUES (1223, 302) ON CONFLICT (tarea_id, etiqueta_id) DO NOTHING;
INSERT INTO fracttaldb.tarea_etiquetas (tarea_id, etiqueta_id) VALUES (1223, 305) ON CONFLICT (tarea_id, etiqueta_id) DO NOTHING;
INSERT INTO fracttaldb.tarea_etiquetas (tarea_id, etiqueta_id) VALUES (1223, 301) ON CONFLICT (tarea_id, etiqueta_id) DO NOTHING;
INSERT INTO fracttaldb.tareas (id, titulo, descripcion, fecha_vencimiento, prioridad, completada, usuario_id, categoria_id, lote) VALUES (1224, 'Task 925 for user 1', 'Description for task 925', '2025-12-26', 1, FALSE, 1, 103, 'lote-2') ON CONFLICT(id) DO NOTHING;
INSERT INTO fracttaldb.tarea_etiquetas (tarea_id, etiqueta_id) VALUES (1224, 309) ON CONFLICT (tarea_id, etiqueta_id) DO NOTHING;
INSERT INTO fracttaldb.tarea_etiquetas (tarea_id, etiqueta_id) VALUES (1224, 302) ON CONFLICT (tarea_id, etiqueta_id) DO NOTHING;
INSERT INTO fracttaldb.tareas (id, titulo, descripcion, fecha_vencimiento, prioridad, completada, usuario_id, categoria_id, lote) VALUES (1225, 'Task 926 for user 1', 'Description for task 926', '2025-10-27', 2, TRUE, 1, 101, 'lote-2') ON CONFLICT(id) DO NOTHING;
INSERT INTO fracttaldb.tarea_etiquetas (tarea_id, etiqueta_id) VALUES (1225, 307) ON CONFLICT (tarea_id, etiqueta_id) DO NOTHING;
INSERT INTO fracttaldb.tarea_etiquetas (tarea_id, etiqueta_id) VALUES (1225, 308) ON CONFLICT (tarea_id, etiqueta_id) DO NOTHING;
INSERT INTO fracttaldb.tareas (id, titulo, descripcion, fecha_vencimiento, prioridad, completada, usuario_id, categoria_id, lote) VALUES (1226, 'Task 927 for user 1', 'Description for task 927', '2025-11-9', 2, TRUE, 1, 105, 'lote-2') ON CONFLICT(id) DO NOTHING;
INSERT INTO fracttaldb.tarea_etiquetas (tarea_id, etiqueta_id) VALUES (1226, 306) ON CONFLICT (tarea_id, etiqueta_id) DO NOTHING;
INSERT INTO fracttaldb.tarea_etiquetas (tarea_id, etiqueta_id) VALUES (1226, 302) ON CONFLICT (tarea_id, etiqueta_id) DO NOTHING;
INSERT INTO fracttaldb.tarea_etiquetas (tarea_id, etiqueta_id) VALUES (1226, 305) ON CONFLICT (tarea_id, etiqueta_id) DO NOTHING;
INSERT INTO fracttaldb.tareas (id, titulo, descripcion, fecha_vencimiento, prioridad, completada, usuario_id, categoria_id, lote) VALUES (1227, 'Task 928 for user 1', 'Description for task 928', '2025-10-22', 1, FALSE, 1, 107, 'lote-2') ON CONFLICT(id) DO NOTHING;
INSERT INTO fracttaldb.tarea_etiquetas (tarea_id, etiqueta_id) VALUES (1227, 305) ON CONFLICT (tarea_id, etiqueta_id) DO NOTHING;
INSERT INTO fracttaldb.tareas (id, titulo, descripcion, fecha_vencimiento, prioridad, completada, usuario_id, categoria_id, lote) VALUES (1228, 'Task 929 for user 1', 'Description for task 929', '2025-12-10', 1, TRUE, 1, 104, 'lote-2') ON CONFLICT(id) DO NOTHING;
INSERT INTO fracttaldb.tarea_etiquetas (tarea_id, etiqueta_id) VALUES (1228, 303) ON CONFLICT (tarea_id, etiqueta_id) DO NOTHING;
INSERT INTO fracttaldb.tareas (id, titulo, descripcion, fecha_vencimiento, prioridad, completada, usuario_id, categoria_id, lote) VALUES (1229, 'Task 930 for user 1', 'Description for task 930', '2025-12-20', 1, FALSE, 1, 103, 'lote-2') ON CONFLICT(id) DO NOTHING;
INSERT INTO fracttaldb.tarea_etiquetas (tarea_id, etiqueta_id) VALUES (1229, 309) ON CONFLICT (tarea_id, etiqueta_id) DO NOTHING;
INSERT INTO fracttaldb.tarea_etiquetas (tarea_id, etiqueta_id) VALUES (1229, 307) ON CONFLICT (tarea_id, etiqueta_id) DO NOTHING;
INSERT INTO fracttaldb.tareas (id, titulo, descripcion, fecha_vencimiento, prioridad, completada, usuario_id, categoria_id, lote) VALUES (1230, 'Task 931 for user 1', 'Description for task 931', '2025-10-15', 2, FALSE, 1, 105, 'lote-2') ON CONFLICT(id) DO NOTHING;
INSERT INTO fracttaldb.tarea_etiquetas (tarea_id, etiqueta_id) VALUES (1230, 303) ON CONFLICT (tarea_id, etiqueta_id) DO NOTHING;
INSERT INTO fracttaldb.tarea_etiquetas (tarea_id, etiqueta_id) VALUES (1230, 306) ON CONFLICT (tarea_id, etiqueta_id) DO NOTHING;
INSERT INTO fracttaldb.tareas (id, titulo, descripcion, fecha_vencimiento, prioridad, completada, usuario_id, categoria_id, lote) VALUES (1231, 'Task 932 for user 1', 'Description for task 932', '2025-12-4', 2, TRUE, 1, 106, 'lote-2') ON CONFLICT(id) DO NOTHING;
INSERT INTO fracttaldb.tarea_etiquetas (tarea_id, etiqueta_id) VALUES (1231, 301) ON CONFLICT (tarea_id, etiqueta_id) DO NOTHING;
INSERT INTO fracttaldb.tareas (id, titulo, descripcion, fecha_vencimiento, prioridad, completada, usuario_id, categoria_id, lote) VALUES (1232, 'Task 933 for user 1', 'Description for task 933', '2025-12-8', 1, FALSE, 1, 105, 'lote-2') ON CONFLICT(id) DO NOTHING;
INSERT INTO fracttaldb.tarea_etiquetas (tarea_id, etiqueta_id) VALUES (1232, 308) ON CONFLICT (tarea_id, etiqueta_id) DO NOTHING;
INSERT INTO fracttaldb.tarea_etiquetas (tarea_id, etiqueta_id) VALUES (1232, 301) ON CONFLICT (tarea_id, etiqueta_id) DO NOTHING;
INSERT INTO fracttaldb.tareas (id, titulo, descripcion, fecha_vencimiento, prioridad, completada, usuario_id, categoria_id, lote) VALUES (1233, 'Task 934 for user 1', 'Description for task 934', '2025-12-11', 2, TRUE, 1, 105, 'lote-2') ON CONFLICT(id) DO NOTHING;
INSERT INTO fracttaldb.tarea_etiquetas (tarea_id, etiqueta_id) VALUES (1233, 302) ON CONFLICT (tarea_id, etiqueta_id) DO NOTHING;
INSERT INTO fracttaldb.tarea_etiquetas (tarea_id, etiqueta_id) VALUES (1233, 305) ON CONFLICT (tarea_id, etiqueta_id) DO NOTHING;
INSERT INTO fracttaldb.tarea_etiquetas (tarea_id, etiqueta_id) VALUES (1233, 308) ON CONFLICT (tarea_id, etiqueta_id) DO NOTHING;
INSERT INTO fracttaldb.tareas (id, titulo, descripcion, fecha_vencimiento, prioridad, completada, usuario_id, categoria_id, lote) VALUES (1234, 'Task 935 for user 1', 'Description for task 935', '2025-11-12', 2, TRUE, 1, 102, 'lote-2') ON CONFLICT(id) DO NOTHING;
INSERT INTO fracttaldb.tarea_etiquetas (tarea_id, etiqueta_id) VALUES (1234, 306) ON CONFLICT (tarea_id, etiqueta_id) DO NOTHING;
INSERT INTO fracttaldb.tareas (id, titulo, descripcion, fecha_vencimiento, prioridad, completada, usuario_id, categoria_id, lote) VALUES (1235, 'Task 936 for user 1', 'Description for task 936', '2025-10-28', 3, FALSE, 1, 101, 'lote-2') ON CONFLICT(id) DO NOTHING;
INSERT INTO fracttaldb.tarea_etiquetas (tarea_id, etiqueta_id) VALUES (1235, 302) ON CONFLICT (tarea_id, etiqueta_id) DO NOTHING;
INSERT INTO fracttaldb.tarea_etiquetas (tarea_id, etiqueta_id) VALUES (1235, 309) ON CONFLICT (tarea_id, etiqueta_id) DO NOTHING;
INSERT INTO fracttaldb.tarea_etiquetas (tarea_id, etiqueta_id) VALUES (1235, 305) ON CONFLICT (tarea_id, etiqueta_id) DO NOTHING;
INSERT INTO fracttaldb.tareas (id, titulo, descripcion, fecha_vencimiento, prioridad, completada, usuario_id, categoria_id, lote) VALUES (1236, 'Task 937 for user 1', 'Description for task 937', '2025-12-11', 1, FALSE, 1, 102, 'lote-2') ON CONFLICT(id) DO NOTHING;
INSERT INTO fracttaldb.tarea_etiquetas (tarea_id, etiqueta_id) VALUES (1236, 305) ON CONFLICT (tarea_id, etiqueta_id) DO NOTHING;
INSERT INTO fracttaldb.tareas (id, titulo, descripcion, fecha_vencimiento, prioridad, completada, usuario_id, categoria_id, lote) VALUES (1237, 'Task 938 for user 1', 'Description for task 938', '2025-11-6', 3, FALSE, 1, 105, 'lote-2') ON CONFLICT(id) DO NOTHING;
INSERT INTO fracttaldb.tarea_etiquetas (tarea_id, etiqueta_id) VALUES (1237, 303) ON CONFLICT (tarea_id, etiqueta_id) DO NOTHING;
INSERT INTO fracttaldb.tareas (id, titulo, descripcion, fecha_vencimiento, prioridad, completada, usuario_id, categoria_id, lote) VALUES (1238, 'Task 939 for user 1', 'Description for task 939', '2025-10-9', 3, TRUE, 1, 106, 'lote-2') ON CONFLICT(id) DO NOTHING;
INSERT INTO fracttaldb.tarea_etiquetas (tarea_id, etiqueta_id) VALUES (1238, 309) ON CONFLICT (tarea_id, etiqueta_id) DO NOTHING;
INSERT INTO fracttaldb.tareas (id, titulo, descripcion, fecha_vencimiento, prioridad, completada, usuario_id, categoria_id, lote) VALUES (1239, 'Task 940 for user 1', 'Description for task 940', '2025-10-10', 2, FALSE, 1, 107, 'lote-2') ON CONFLICT(id) DO NOTHING;
INSERT INTO fracttaldb.tarea_etiquetas (tarea_id, etiqueta_id) VALUES (1239, 301) ON CONFLICT (tarea_id, etiqueta_id) DO NOTHING;
INSERT INTO fracttaldb.tarea_etiquetas (tarea_id, etiqueta_id) VALUES (1239, 303) ON CONFLICT (tarea_id, etiqueta_id) DO NOTHING;
INSERT INTO fracttaldb.tareas (id, titulo, descripcion, fecha_vencimiento, prioridad, completada, usuario_id, categoria_id, lote) VALUES (1240, 'Task 941 for user 1', 'Description for task 941', '2025-10-26', 1, TRUE, 1, 104, 'lote-2') ON CONFLICT(id) DO NOTHING;
INSERT INTO fracttaldb.tarea_etiquetas (tarea_id, etiqueta_id) VALUES (1240, 308) ON CONFLICT (tarea_id, etiqueta_id) DO NOTHING;
INSERT INTO fracttaldb.tarea_etiquetas (tarea_id, etiqueta_id) VALUES (1240, 307) ON CONFLICT (tarea_id, etiqueta_id) DO NOTHING;
INSERT INTO fracttaldb.tareas (id, titulo, descripcion, fecha_vencimiento, prioridad, completada, usuario_id, categoria_id, lote) VALUES (1241, 'Task 942 for user 1', 'Description for task 942', '2025-12-26', 1, FALSE, 1, 105, 'lote-2') ON CONFLICT(id) DO NOTHING;
INSERT INTO fracttaldb.tarea_etiquetas (tarea_id, etiqueta_id) VALUES (1241, 303) ON CONFLICT (tarea_id, etiqueta_id) DO NOTHING;
INSERT INTO fracttaldb.tarea_etiquetas (tarea_id, etiqueta_id) VALUES (1241, 305) ON CONFLICT (tarea_id, etiqueta_id) DO NOTHING;
INSERT INTO fracttaldb.tareas (id, titulo, descripcion, fecha_vencimiento, prioridad, completada, usuario_id, categoria_id, lote) VALUES (1242, 'Task 943 for user 1', 'Description for task 943', '2025-11-19', 3, FALSE, 1, 103, 'lote-2') ON CONFLICT(id) DO NOTHING;
INSERT INTO fracttaldb.tarea_etiquetas (tarea_id, etiqueta_id) VALUES (1242, 305) ON CONFLICT (tarea_id, etiqueta_id) DO NOTHING;
INSERT INTO fracttaldb.tarea_etiquetas (tarea_id, etiqueta_id) VALUES (1242, 308) ON CONFLICT (tarea_id, etiqueta_id) DO NOTHING;
INSERT INTO fracttaldb.tareas (id, titulo, descripcion, fecha_vencimiento, prioridad, completada, usuario_id, categoria_id, lote) VALUES (1243, 'Task 944 for user 1', 'Description for task 944', '2025-11-27', 1, FALSE, 1, 106, 'lote-2') ON CONFLICT(id) DO NOTHING;
INSERT INTO fracttaldb.tarea_etiquetas (tarea_id, etiqueta_id) VALUES (1243, 307) ON CONFLICT (tarea_id, etiqueta_id) DO NOTHING;
INSERT INTO fracttaldb.tareas (id, titulo, descripcion, fecha_vencimiento, prioridad, completada, usuario_id, categoria_id, lote) VALUES (1244, 'Task 945 for user 1', 'Description for task 945', '2025-12-25', 1, TRUE, 1, 106, 'lote-2') ON CONFLICT(id) DO NOTHING;
INSERT INTO fracttaldb.tarea_etiquetas (tarea_id, etiqueta_id) VALUES (1244, 302) ON CONFLICT (tarea_id, etiqueta_id) DO NOTHING;
INSERT INTO fracttaldb.tarea_etiquetas (tarea_id, etiqueta_id) VALUES (1244, 308) ON CONFLICT (tarea_id, etiqueta_id) DO NOTHING;
INSERT INTO fracttaldb.tareas (id, titulo, descripcion, fecha_vencimiento, prioridad, completada, usuario_id, categoria_id, lote) VALUES (1245, 'Task 946 for user 1', 'Description for task 946', '2025-12-24', 2, FALSE, 1, 107, 'lote-2') ON CONFLICT(id) DO NOTHING;
INSERT INTO fracttaldb.tarea_etiquetas (tarea_id, etiqueta_id) VALUES (1245, 302) ON CONFLICT (tarea_id, etiqueta_id) DO NOTHING;
INSERT INTO fracttaldb.tarea_etiquetas (tarea_id, etiqueta_id) VALUES (1245, 307) ON CONFLICT (tarea_id, etiqueta_id) DO NOTHING;
INSERT INTO fracttaldb.tarea_etiquetas (tarea_id, etiqueta_id) VALUES (1245, 303) ON CONFLICT (tarea_id, etiqueta_id) DO NOTHING;
INSERT INTO fracttaldb.tareas (id, titulo, descripcion, fecha_vencimiento, prioridad, completada, usuario_id, categoria_id, lote) VALUES (1246, 'Task 947 for user 1', 'Description for task 947', '2025-12-6', 3, FALSE, 1, 104, 'lote-2') ON CONFLICT(id) DO NOTHING;
INSERT INTO fracttaldb.tarea_etiquetas (tarea_id, etiqueta_id) VALUES (1246, 301) ON CONFLICT (tarea_id, etiqueta_id) DO NOTHING;
INSERT INTO fracttaldb.tareas (id, titulo, descripcion, fecha_vencimiento, prioridad, completada, usuario_id, categoria_id, lote) VALUES (1247, 'Task 948 for user 1', 'Description for task 948', '2025-11-9', 1, FALSE, 1, 104, 'lote-2') ON CONFLICT(id) DO NOTHING;
INSERT INTO fracttaldb.tarea_etiquetas (tarea_id, etiqueta_id) VALUES (1247, 301) ON CONFLICT (tarea_id, etiqueta_id) DO NOTHING;
INSERT INTO fracttaldb.tarea_etiquetas (tarea_id, etiqueta_id) VALUES (1247, 303) ON CONFLICT (tarea_id, etiqueta_id) DO NOTHING;
INSERT INTO fracttaldb.tarea_etiquetas (tarea_id, etiqueta_id) VALUES (1247, 307) ON CONFLICT (tarea_id, etiqueta_id) DO NOTHING;
INSERT INTO fracttaldb.tareas (id, titulo, descripcion, fecha_vencimiento, prioridad, completada, usuario_id, categoria_id, lote) VALUES (1248, 'Task 949 for user 1', 'Description for task 949', '2025-12-25', 2, TRUE, 1, 101, 'lote-2') ON CONFLICT(id) DO NOTHING;
INSERT INTO fracttaldb.tarea_etiquetas (tarea_id, etiqueta_id) VALUES (1248, 305) ON CONFLICT (tarea_id, etiqueta_id) DO NOTHING;
INSERT INTO fracttaldb.tarea_etiquetas (tarea_id, etiqueta_id) VALUES (1248, 306) ON CONFLICT (tarea_id, etiqueta_id) DO NOTHING;
INSERT INTO fracttaldb.tareas (id, titulo, descripcion, fecha_vencimiento, prioridad, completada, usuario_id, categoria_id, lote) VALUES (1249, 'Task 950 for user 1', 'Description for task 950', '2025-11-6', 2, FALSE, 1, 104, 'lote-2') ON CONFLICT(id) DO NOTHING;
INSERT INTO fracttaldb.tarea_etiquetas (tarea_id, etiqueta_id) VALUES (1249, 304) ON CONFLICT (tarea_id, etiqueta_id) DO NOTHING;
INSERT INTO fracttaldb.tarea_etiquetas (tarea_id, etiqueta_id) VALUES (1249, 309) ON CONFLICT (tarea_id, etiqueta_id) DO NOTHING;
INSERT INTO fracttaldb.tareas (id, titulo, descripcion, fecha_vencimiento, prioridad, completada, usuario_id, categoria_id, lote) VALUES (1250, 'Task 951 for user 1', 'Description for task 951', '2025-12-25', 3, FALSE, 1, 102, 'lote-2') ON CONFLICT(id) DO NOTHING;
INSERT INTO fracttaldb.tarea_etiquetas (tarea_id, etiqueta_id) VALUES (1250, 305) ON CONFLICT (tarea_id, etiqueta_id) DO NOTHING;
INSERT INTO fracttaldb.tarea_etiquetas (tarea_id, etiqueta_id) VALUES (1250, 307) ON CONFLICT (tarea_id, etiqueta_id) DO NOTHING;
INSERT INTO fracttaldb.tareas (id, titulo, descripcion, fecha_vencimiento, prioridad, completada, usuario_id, categoria_id, lote) VALUES (1251, 'Task 952 for user 1', 'Description for task 952', '2025-10-8', 3, FALSE, 1, 104, 'lote-2') ON CONFLICT(id) DO NOTHING;
INSERT INTO fracttaldb.tarea_etiquetas (tarea_id, etiqueta_id) VALUES (1251, 304) ON CONFLICT (tarea_id, etiqueta_id) DO NOTHING;
INSERT INTO fracttaldb.tarea_etiquetas (tarea_id, etiqueta_id) VALUES (1251, 307) ON CONFLICT (tarea_id, etiqueta_id) DO NOTHING;
INSERT INTO fracttaldb.tarea_etiquetas (tarea_id, etiqueta_id) VALUES (1251, 301) ON CONFLICT (tarea_id, etiqueta_id) DO NOTHING;
INSERT INTO fracttaldb.tareas (id, titulo, descripcion, fecha_vencimiento, prioridad, completada, usuario_id, categoria_id, lote) VALUES (1252, 'Task 953 for user 1', 'Description for task 953', '2025-11-10', 2, TRUE, 1, 102, 'lote-2') ON CONFLICT(id) DO NOTHING;
INSERT INTO fracttaldb.tarea_etiquetas (tarea_id, etiqueta_id) VALUES (1252, 307) ON CONFLICT (tarea_id, etiqueta_id) DO NOTHING;
INSERT INTO fracttaldb.tarea_etiquetas (tarea_id, etiqueta_id) VALUES (1252, 308) ON CONFLICT (tarea_id, etiqueta_id) DO NOTHING;
INSERT INTO fracttaldb.tarea_etiquetas (tarea_id, etiqueta_id) VALUES (1252, 304) ON CONFLICT (tarea_id, etiqueta_id) DO NOTHING;
INSERT INTO fracttaldb.tareas (id, titulo, descripcion, fecha_vencimiento, prioridad, completada, usuario_id, categoria_id, lote) VALUES (1253, 'Task 954 for user 1', 'Description for task 954', '2025-11-16', 3, FALSE, 1, 106, 'lote-2') ON CONFLICT(id) DO NOTHING;
INSERT INTO fracttaldb.tarea_etiquetas (tarea_id, etiqueta_id) VALUES (1253, 302) ON CONFLICT (tarea_id, etiqueta_id) DO NOTHING;
INSERT INTO fracttaldb.tarea_etiquetas (tarea_id, etiqueta_id) VALUES (1253, 305) ON CONFLICT (tarea_id, etiqueta_id) DO NOTHING;
INSERT INTO fracttaldb.tarea_etiquetas (tarea_id, etiqueta_id) VALUES (1253, 307) ON CONFLICT (tarea_id, etiqueta_id) DO NOTHING;
INSERT INTO fracttaldb.tareas (id, titulo, descripcion, fecha_vencimiento, prioridad, completada, usuario_id, categoria_id, lote) VALUES (1254, 'Task 955 for user 1', 'Description for task 955', '2025-10-2', 1, FALSE, 1, 106, 'lote-2') ON CONFLICT(id) DO NOTHING;
INSERT INTO fracttaldb.tarea_etiquetas (tarea_id, etiqueta_id) VALUES (1254, 302) ON CONFLICT (tarea_id, etiqueta_id) DO NOTHING;
INSERT INTO fracttaldb.tarea_etiquetas (tarea_id, etiqueta_id) VALUES (1254, 308) ON CONFLICT (tarea_id, etiqueta_id) DO NOTHING;
INSERT INTO fracttaldb.tareas (id, titulo, descripcion, fecha_vencimiento, prioridad, completada, usuario_id, categoria_id, lote) VALUES (1255, 'Task 956 for user 1', 'Description for task 956', '2025-10-11', 3, FALSE, 1, 101, 'lote-2') ON CONFLICT(id) DO NOTHING;
INSERT INTO fracttaldb.tarea_etiquetas (tarea_id, etiqueta_id) VALUES (1255, 308) ON CONFLICT (tarea_id, etiqueta_id) DO NOTHING;
INSERT INTO fracttaldb.tarea_etiquetas (tarea_id, etiqueta_id) VALUES (1255, 306) ON CONFLICT (tarea_id, etiqueta_id) DO NOTHING;
INSERT INTO fracttaldb.tarea_etiquetas (tarea_id, etiqueta_id) VALUES (1255, 309) ON CONFLICT (tarea_id, etiqueta_id) DO NOTHING;
INSERT INTO fracttaldb.tareas (id, titulo, descripcion, fecha_vencimiento, prioridad, completada, usuario_id, categoria_id, lote) VALUES (1256, 'Task 957 for user 1', 'Description for task 957', '2025-10-27', 2, TRUE, 1, 101, 'lote-2') ON CONFLICT(id) DO NOTHING;
INSERT INTO fracttaldb.tarea_etiquetas (tarea_id, etiqueta_id) VALUES (1256, 301) ON CONFLICT (tarea_id, etiqueta_id) DO NOTHING;
INSERT INTO fracttaldb.tareas (id, titulo, descripcion, fecha_vencimiento, prioridad, completada, usuario_id, categoria_id, lote) VALUES (1257, 'Task 958 for user 1', 'Description for task 958', '2025-11-15', 3, FALSE, 1, 102, 'lote-2') ON CONFLICT(id) DO NOTHING;
INSERT INTO fracttaldb.tarea_etiquetas (tarea_id, etiqueta_id) VALUES (1257, 305) ON CONFLICT (tarea_id, etiqueta_id) DO NOTHING;
INSERT INTO fracttaldb.tarea_etiquetas (tarea_id, etiqueta_id) VALUES (1257, 303) ON CONFLICT (tarea_id, etiqueta_id) DO NOTHING;
INSERT INTO fracttaldb.tareas (id, titulo, descripcion, fecha_vencimiento, prioridad, completada, usuario_id, categoria_id, lote) VALUES (1258, 'Task 959 for user 1', 'Description for task 959', '2025-11-22', 1, TRUE, 1, 102, 'lote-2') ON CONFLICT(id) DO NOTHING;
INSERT INTO fracttaldb.tarea_etiquetas (tarea_id, etiqueta_id) VALUES (1258, 302) ON CONFLICT (tarea_id, etiqueta_id) DO NOTHING;
INSERT INTO fracttaldb.tarea_etiquetas (tarea_id, etiqueta_id) VALUES (1258, 304) ON CONFLICT (tarea_id, etiqueta_id) DO NOTHING;
INSERT INTO fracttaldb.tareas (id, titulo, descripcion, fecha_vencimiento, prioridad, completada, usuario_id, categoria_id, lote) VALUES (1259, 'Task 960 for user 1', 'Description for task 960', '2025-11-20', 1, FALSE, 1, 102, 'lote-2') ON CONFLICT(id) DO NOTHING;
INSERT INTO fracttaldb.tarea_etiquetas (tarea_id, etiqueta_id) VALUES (1259, 302) ON CONFLICT (tarea_id, etiqueta_id) DO NOTHING;
INSERT INTO fracttaldb.tarea_etiquetas (tarea_id, etiqueta_id) VALUES (1259, 304) ON CONFLICT (tarea_id, etiqueta_id) DO NOTHING;
INSERT INTO fracttaldb.tareas (id, titulo, descripcion, fecha_vencimiento, prioridad, completada, usuario_id, categoria_id, lote) VALUES (1260, 'Task 961 for user 1', 'Description for task 961', '2025-12-23', 3, TRUE, 1, 106, 'lote-2') ON CONFLICT(id) DO NOTHING;
INSERT INTO fracttaldb.tarea_etiquetas (tarea_id, etiqueta_id) VALUES (1260, 303) ON CONFLICT (tarea_id, etiqueta_id) DO NOTHING;
INSERT INTO fracttaldb.tareas (id, titulo, descripcion, fecha_vencimiento, prioridad, completada, usuario_id, categoria_id, lote) VALUES (1261, 'Task 962 for user 1', 'Description for task 962', '2025-10-3', 1, FALSE, 1, 105, 'lote-2') ON CONFLICT(id) DO NOTHING;
INSERT INTO fracttaldb.tarea_etiquetas (tarea_id, etiqueta_id) VALUES (1261, 301) ON CONFLICT (tarea_id, etiqueta_id) DO NOTHING;
INSERT INTO fracttaldb.tarea_etiquetas (tarea_id, etiqueta_id) VALUES (1261, 303) ON CONFLICT (tarea_id, etiqueta_id) DO NOTHING;
INSERT INTO fracttaldb.tareas (id, titulo, descripcion, fecha_vencimiento, prioridad, completada, usuario_id, categoria_id, lote) VALUES (1262, 'Task 963 for user 1', 'Description for task 963', '2025-11-9', 3, TRUE, 1, 107, 'lote-2') ON CONFLICT(id) DO NOTHING;
INSERT INTO fracttaldb.tarea_etiquetas (tarea_id, etiqueta_id) VALUES (1262, 308) ON CONFLICT (tarea_id, etiqueta_id) DO NOTHING;
INSERT INTO fracttaldb.tarea_etiquetas (tarea_id, etiqueta_id) VALUES (1262, 306) ON CONFLICT (tarea_id, etiqueta_id) DO NOTHING;
INSERT INTO fracttaldb.tareas (id, titulo, descripcion, fecha_vencimiento, prioridad, completada, usuario_id, categoria_id, lote) VALUES (1263, 'Task 964 for user 1', 'Description for task 964', '2025-12-25', 2, TRUE, 1, 107, 'lote-2') ON CONFLICT(id) DO NOTHING;
INSERT INTO fracttaldb.tarea_etiquetas (tarea_id, etiqueta_id) VALUES (1263, 302) ON CONFLICT (tarea_id, etiqueta_id) DO NOTHING;
INSERT INTO fracttaldb.tarea_etiquetas (tarea_id, etiqueta_id) VALUES (1263, 304) ON CONFLICT (tarea_id, etiqueta_id) DO NOTHING;
INSERT INTO fracttaldb.tareas (id, titulo, descripcion, fecha_vencimiento, prioridad, completada, usuario_id, categoria_id, lote) VALUES (1264, 'Task 965 for user 1', 'Description for task 965', '2025-10-28', 2, FALSE, 1, 107, 'lote-2') ON CONFLICT(id) DO NOTHING;
INSERT INTO fracttaldb.tarea_etiquetas (tarea_id, etiqueta_id) VALUES (1264, 303) ON CONFLICT (tarea_id, etiqueta_id) DO NOTHING;
INSERT INTO fracttaldb.tareas (id, titulo, descripcion, fecha_vencimiento, prioridad, completada, usuario_id, categoria_id, lote) VALUES (1265, 'Task 966 for user 1', 'Description for task 966', '2025-10-6', 1, FALSE, 1, 103, 'lote-2') ON CONFLICT(id) DO NOTHING;
INSERT INTO fracttaldb.tarea_etiquetas (tarea_id, etiqueta_id) VALUES (1265, 302) ON CONFLICT (tarea_id, etiqueta_id) DO NOTHING;
INSERT INTO fracttaldb.tarea_etiquetas (tarea_id, etiqueta_id) VALUES (1265, 303) ON CONFLICT (tarea_id, etiqueta_id) DO NOTHING;
INSERT INTO fracttaldb.tarea_etiquetas (tarea_id, etiqueta_id) VALUES (1265, 308) ON CONFLICT (tarea_id, etiqueta_id) DO NOTHING;
INSERT INTO fracttaldb.tareas (id, titulo, descripcion, fecha_vencimiento, prioridad, completada, usuario_id, categoria_id, lote) VALUES (1266, 'Task 967 for user 1', 'Description for task 967', '2025-12-6', 3, FALSE, 1, 105, 'lote-2') ON CONFLICT(id) DO NOTHING;
INSERT INTO fracttaldb.tarea_etiquetas (tarea_id, etiqueta_id) VALUES (1266, 304) ON CONFLICT (tarea_id, etiqueta_id) DO NOTHING;
INSERT INTO fracttaldb.tarea_etiquetas (tarea_id, etiqueta_id) VALUES (1266, 302) ON CONFLICT (tarea_id, etiqueta_id) DO NOTHING;
INSERT INTO fracttaldb.tarea_etiquetas (tarea_id, etiqueta_id) VALUES (1266, 305) ON CONFLICT (tarea_id, etiqueta_id) DO NOTHING;
INSERT INTO fracttaldb.tareas (id, titulo, descripcion, fecha_vencimiento, prioridad, completada, usuario_id, categoria_id, lote) VALUES (1267, 'Task 968 for user 1', 'Description for task 968', '2025-12-2', 3, FALSE, 1, 101, 'lote-2') ON CONFLICT(id) DO NOTHING;
INSERT INTO fracttaldb.tarea_etiquetas (tarea_id, etiqueta_id) VALUES (1267, 301) ON CONFLICT (tarea_id, etiqueta_id) DO NOTHING;
INSERT INTO fracttaldb.tareas (id, titulo, descripcion, fecha_vencimiento, prioridad, completada, usuario_id, categoria_id, lote) VALUES (1268, 'Task 969 for user 1', 'Description for task 969', '2025-10-3', 2, FALSE, 1, 104, 'lote-2') ON CONFLICT(id) DO NOTHING;
INSERT INTO fracttaldb.tarea_etiquetas (tarea_id, etiqueta_id) VALUES (1268, 306) ON CONFLICT (tarea_id, etiqueta_id) DO NOTHING;
INSERT INTO fracttaldb.tareas (id, titulo, descripcion, fecha_vencimiento, prioridad, completada, usuario_id, categoria_id, lote) VALUES (1269, 'Task 970 for user 1', 'Description for task 970', '2025-10-22', 3, FALSE, 1, 106, 'lote-2') ON CONFLICT(id) DO NOTHING;
INSERT INTO fracttaldb.tarea_etiquetas (tarea_id, etiqueta_id) VALUES (1269, 307) ON CONFLICT (tarea_id, etiqueta_id) DO NOTHING;
INSERT INTO fracttaldb.tareas (id, titulo, descripcion, fecha_vencimiento, prioridad, completada, usuario_id, categoria_id, lote) VALUES (1270, 'Task 971 for user 1', 'Description for task 971', '2025-11-4', 1, TRUE, 1, 104, 'lote-2') ON CONFLICT(id) DO NOTHING;
INSERT INTO fracttaldb.tarea_etiquetas (tarea_id, etiqueta_id) VALUES (1270, 305) ON CONFLICT (tarea_id, etiqueta_id) DO NOTHING;
INSERT INTO fracttaldb.tarea_etiquetas (tarea_id, etiqueta_id) VALUES (1270, 307) ON CONFLICT (tarea_id, etiqueta_id) DO NOTHING;
INSERT INTO fracttaldb.tareas (id, titulo, descripcion, fecha_vencimiento, prioridad, completada, usuario_id, categoria_id, lote) VALUES (1271, 'Task 972 for user 1', 'Description for task 972', '2025-11-4', 3, TRUE, 1, 106, 'lote-2') ON CONFLICT(id) DO NOTHING;
INSERT INTO fracttaldb.tarea_etiquetas (tarea_id, etiqueta_id) VALUES (1271, 303) ON CONFLICT (tarea_id, etiqueta_id) DO NOTHING;
INSERT INTO fracttaldb.tareas (id, titulo, descripcion, fecha_vencimiento, prioridad, completada, usuario_id, categoria_id, lote) VALUES (1272, 'Task 973 for user 1', 'Description for task 973', '2025-10-21', 1, TRUE, 1, 107, 'lote-2') ON CONFLICT(id) DO NOTHING;
INSERT INTO fracttaldb.tarea_etiquetas (tarea_id, etiqueta_id) VALUES (1272, 307) ON CONFLICT (tarea_id, etiqueta_id) DO NOTHING;
INSERT INTO fracttaldb.tareas (id, titulo, descripcion, fecha_vencimiento, prioridad, completada, usuario_id, categoria_id, lote) VALUES (1273, 'Task 974 for user 1', 'Description for task 974', '2025-11-12', 2, FALSE, 1, 101, 'lote-2') ON CONFLICT(id) DO NOTHING;
INSERT INTO fracttaldb.tarea_etiquetas (tarea_id, etiqueta_id) VALUES (1273, 303) ON CONFLICT (tarea_id, etiqueta_id) DO NOTHING;
INSERT INTO fracttaldb.tareas (id, titulo, descripcion, fecha_vencimiento, prioridad, completada, usuario_id, categoria_id, lote) VALUES (1274, 'Task 975 for user 1', 'Description for task 975', '2025-11-18', 1, FALSE, 1, 106, 'lote-2') ON CONFLICT(id) DO NOTHING;
INSERT INTO fracttaldb.tarea_etiquetas (tarea_id, etiqueta_id) VALUES (1274, 305) ON CONFLICT (tarea_id, etiqueta_id) DO NOTHING;
INSERT INTO fracttaldb.tareas (id, titulo, descripcion, fecha_vencimiento, prioridad, completada, usuario_id, categoria_id, lote) VALUES (1275, 'Task 976 for user 1', 'Description for task 976', '2025-10-20', 3, TRUE, 1, 103, 'lote-2') ON CONFLICT(id) DO NOTHING;
INSERT INTO fracttaldb.tarea_etiquetas (tarea_id, etiqueta_id) VALUES (1275, 303) ON CONFLICT (tarea_id, etiqueta_id) DO NOTHING;
INSERT INTO fracttaldb.tarea_etiquetas (tarea_id, etiqueta_id) VALUES (1275, 307) ON CONFLICT (tarea_id, etiqueta_id) DO NOTHING;
INSERT INTO fracttaldb.tarea_etiquetas (tarea_id, etiqueta_id) VALUES (1275, 302) ON CONFLICT (tarea_id, etiqueta_id) DO NOTHING;
INSERT INTO fracttaldb.tareas (id, titulo, descripcion, fecha_vencimiento, prioridad, completada, usuario_id, categoria_id, lote) VALUES (1276, 'Task 977 for user 1', 'Description for task 977', '2025-12-13', 2, TRUE, 1, 104, 'lote-2') ON CONFLICT(id) DO NOTHING;
INSERT INTO fracttaldb.tarea_etiquetas (tarea_id, etiqueta_id) VALUES (1276, 308) ON CONFLICT (tarea_id, etiqueta_id) DO NOTHING;
INSERT INTO fracttaldb.tarea_etiquetas (tarea_id, etiqueta_id) VALUES (1276, 301) ON CONFLICT (tarea_id, etiqueta_id) DO NOTHING;
INSERT INTO fracttaldb.tareas (id, titulo, descripcion, fecha_vencimiento, prioridad, completada, usuario_id, categoria_id, lote) VALUES (1277, 'Task 978 for user 1', 'Description for task 978', '2025-10-26', 1, TRUE, 1, 102, 'lote-2') ON CONFLICT(id) DO NOTHING;
INSERT INTO fracttaldb.tarea_etiquetas (tarea_id, etiqueta_id) VALUES (1277, 303) ON CONFLICT (tarea_id, etiqueta_id) DO NOTHING;
INSERT INTO fracttaldb.tarea_etiquetas (tarea_id, etiqueta_id) VALUES (1277, 302) ON CONFLICT (tarea_id, etiqueta_id) DO NOTHING;
INSERT INTO fracttaldb.tarea_etiquetas (tarea_id, etiqueta_id) VALUES (1277, 304) ON CONFLICT (tarea_id, etiqueta_id) DO NOTHING;
INSERT INTO fracttaldb.tareas (id, titulo, descripcion, fecha_vencimiento, prioridad, completada, usuario_id, categoria_id, lote) VALUES (1278, 'Task 979 for user 1', 'Description for task 979', '2025-10-22', 2, TRUE, 1, 104, 'lote-2') ON CONFLICT(id) DO NOTHING;
INSERT INTO fracttaldb.tarea_etiquetas (tarea_id, etiqueta_id) VALUES (1278, 304) ON CONFLICT (tarea_id, etiqueta_id) DO NOTHING;
INSERT INTO fracttaldb.tareas (id, titulo, descripcion, fecha_vencimiento, prioridad, completada, usuario_id, categoria_id, lote) VALUES (1279, 'Task 980 for user 1', 'Description for task 980', '2025-11-20', 1, TRUE, 1, 106, 'lote-2') ON CONFLICT(id) DO NOTHING;
INSERT INTO fracttaldb.tarea_etiquetas (tarea_id, etiqueta_id) VALUES (1279, 308) ON CONFLICT (tarea_id, etiqueta_id) DO NOTHING;
INSERT INTO fracttaldb.tareas (id, titulo, descripcion, fecha_vencimiento, prioridad, completada, usuario_id, categoria_id, lote) VALUES (1280, 'Task 981 for user 1', 'Description for task 981', '2025-11-26', 1, FALSE, 1, 105, 'lote-2') ON CONFLICT(id) DO NOTHING;
INSERT INTO fracttaldb.tarea_etiquetas (tarea_id, etiqueta_id) VALUES (1280, 301) ON CONFLICT (tarea_id, etiqueta_id) DO NOTHING;
INSERT INTO fracttaldb.tarea_etiquetas (tarea_id, etiqueta_id) VALUES (1280, 306) ON CONFLICT (tarea_id, etiqueta_id) DO NOTHING;
INSERT INTO fracttaldb.tarea_etiquetas (tarea_id, etiqueta_id) VALUES (1280, 308) ON CONFLICT (tarea_id, etiqueta_id) DO NOTHING;
INSERT INTO fracttaldb.tareas (id, titulo, descripcion, fecha_vencimiento, prioridad, completada, usuario_id, categoria_id, lote) VALUES (1281, 'Task 982 for user 1', 'Description for task 982', '2025-10-7', 3, TRUE, 1, 103, 'lote-2') ON CONFLICT(id) DO NOTHING;
INSERT INTO fracttaldb.tarea_etiquetas (tarea_id, etiqueta_id) VALUES (1281, 308) ON CONFLICT (tarea_id, etiqueta_id) DO NOTHING;
INSERT INTO fracttaldb.tareas (id, titulo, descripcion, fecha_vencimiento, prioridad, completada, usuario_id, categoria_id, lote) VALUES (1282, 'Task 983 for user 1', 'Description for task 983', '2025-11-1', 2, TRUE, 1, 107, 'lote-2') ON CONFLICT(id) DO NOTHING;
INSERT INTO fracttaldb.tarea_etiquetas (tarea_id, etiqueta_id) VALUES (1282, 305) ON CONFLICT (tarea_id, etiqueta_id) DO NOTHING;
INSERT INTO fracttaldb.tareas (id, titulo, descripcion, fecha_vencimiento, prioridad, completada, usuario_id, categoria_id, lote) VALUES (1283, 'Task 984 for user 1', 'Description for task 984', '2025-12-26', 1, TRUE, 1, 103, 'lote-2') ON CONFLICT(id) DO NOTHING;
INSERT INTO fracttaldb.tarea_etiquetas (tarea_id, etiqueta_id) VALUES (1283, 304) ON CONFLICT (tarea_id, etiqueta_id) DO NOTHING;
INSERT INTO fracttaldb.tareas (id, titulo, descripcion, fecha_vencimiento, prioridad, completada, usuario_id, categoria_id, lote) VALUES (1284, 'Task 985 for user 1', 'Description for task 985', '2025-12-7', 3, FALSE, 1, 104, 'lote-2') ON CONFLICT(id) DO NOTHING;
INSERT INTO fracttaldb.tarea_etiquetas (tarea_id, etiqueta_id) VALUES (1284, 303) ON CONFLICT (tarea_id, etiqueta_id) DO NOTHING;
INSERT INTO fracttaldb.tarea_etiquetas (tarea_id, etiqueta_id) VALUES (1284, 302) ON CONFLICT (tarea_id, etiqueta_id) DO NOTHING;
INSERT INTO fracttaldb.tareas (id, titulo, descripcion, fecha_vencimiento, prioridad, completada, usuario_id, categoria_id, lote) VALUES (1285, 'Task 986 for user 1', 'Description for task 986', '2025-12-2', 3, TRUE, 1, 105, 'lote-2') ON CONFLICT(id) DO NOTHING;
INSERT INTO fracttaldb.tarea_etiquetas (tarea_id, etiqueta_id) VALUES (1285, 303) ON CONFLICT (tarea_id, etiqueta_id) DO NOTHING;
INSERT INTO fracttaldb.tarea_etiquetas (tarea_id, etiqueta_id) VALUES (1285, 304) ON CONFLICT (tarea_id, etiqueta_id) DO NOTHING;
INSERT INTO fracttaldb.tarea_etiquetas (tarea_id, etiqueta_id) VALUES (1285, 302) ON CONFLICT (tarea_id, etiqueta_id) DO NOTHING;
INSERT INTO fracttaldb.tareas (id, titulo, descripcion, fecha_vencimiento, prioridad, completada, usuario_id, categoria_id, lote) VALUES (1286, 'Task 987 for user 1', 'Description for task 987', '2025-10-11', 1, TRUE, 1, 106, 'lote-2') ON CONFLICT(id) DO NOTHING;
INSERT INTO fracttaldb.tarea_etiquetas (tarea_id, etiqueta_id) VALUES (1286, 301) ON CONFLICT (tarea_id, etiqueta_id) DO NOTHING;
INSERT INTO fracttaldb.tarea_etiquetas (tarea_id, etiqueta_id) VALUES (1286, 304) ON CONFLICT (tarea_id, etiqueta_id) DO NOTHING;
INSERT INTO fracttaldb.tarea_etiquetas (tarea_id, etiqueta_id) VALUES (1286, 309) ON CONFLICT (tarea_id, etiqueta_id) DO NOTHING;
INSERT INTO fracttaldb.tareas (id, titulo, descripcion, fecha_vencimiento, prioridad, completada, usuario_id, categoria_id, lote) VALUES (1287, 'Task 988 for user 1', 'Description for task 988', '2025-11-8', 2, FALSE, 1, 102, 'lote-2') ON CONFLICT(id) DO NOTHING;
INSERT INTO fracttaldb.tarea_etiquetas (tarea_id, etiqueta_id) VALUES (1287, 304) ON CONFLICT (tarea_id, etiqueta_id) DO NOTHING;
INSERT INTO fracttaldb.tarea_etiquetas (tarea_id, etiqueta_id) VALUES (1287, 301) ON CONFLICT (tarea_id, etiqueta_id) DO NOTHING;
INSERT INTO fracttaldb.tareas (id, titulo, descripcion, fecha_vencimiento, prioridad, completada, usuario_id, categoria_id, lote) VALUES (1288, 'Task 989 for user 1', 'Description for task 989', '2025-12-1', 3, TRUE, 1, 107, 'lote-2') ON CONFLICT(id) DO NOTHING;
INSERT INTO fracttaldb.tarea_etiquetas (tarea_id, etiqueta_id) VALUES (1288, 306) ON CONFLICT (tarea_id, etiqueta_id) DO NOTHING;
INSERT INTO fracttaldb.tarea_etiquetas (tarea_id, etiqueta_id) VALUES (1288, 309) ON CONFLICT (tarea_id, etiqueta_id) DO NOTHING;
INSERT INTO fracttaldb.tarea_etiquetas (tarea_id, etiqueta_id) VALUES (1288, 301) ON CONFLICT (tarea_id, etiqueta_id) DO NOTHING;
INSERT INTO fracttaldb.tareas (id, titulo, descripcion, fecha_vencimiento, prioridad, completada, usuario_id, categoria_id, lote) VALUES (1289, 'Task 990 for user 1', 'Description for task 990', '2025-10-3', 1, FALSE, 1, 104, 'lote-2') ON CONFLICT(id) DO NOTHING;
INSERT INTO fracttaldb.tarea_etiquetas (tarea_id, etiqueta_id) VALUES (1289, 309) ON CONFLICT (tarea_id, etiqueta_id) DO NOTHING;
INSERT INTO fracttaldb.tareas (id, titulo, descripcion, fecha_vencimiento, prioridad, completada, usuario_id, categoria_id, lote) VALUES (1290, 'Task 991 for user 1', 'Description for task 991', '2025-11-26', 3, TRUE, 1, 106, 'lote-2') ON CONFLICT(id) DO NOTHING;
INSERT INTO fracttaldb.tarea_etiquetas (tarea_id, etiqueta_id) VALUES (1290, 303) ON CONFLICT (tarea_id, etiqueta_id) DO NOTHING;
INSERT INTO fracttaldb.tareas (id, titulo, descripcion, fecha_vencimiento, prioridad, completada, usuario_id, categoria_id, lote) VALUES (1291, 'Task 992 for user 1', 'Description for task 992', '2025-10-1', 2, TRUE, 1, 102, 'lote-2') ON CONFLICT(id) DO NOTHING;
INSERT INTO fracttaldb.tarea_etiquetas (tarea_id, etiqueta_id) VALUES (1291, 308) ON CONFLICT (tarea_id, etiqueta_id) DO NOTHING;
INSERT INTO fracttaldb.tarea_etiquetas (tarea_id, etiqueta_id) VALUES (1291, 306) ON CONFLICT (tarea_id, etiqueta_id) DO NOTHING;
INSERT INTO fracttaldb.tareas (id, titulo, descripcion, fecha_vencimiento, prioridad, completada, usuario_id, categoria_id, lote) VALUES (1292, 'Task 993 for user 1', 'Description for task 993', '2025-12-13', 3, FALSE, 1, 104, 'lote-2') ON CONFLICT(id) DO NOTHING;
INSERT INTO fracttaldb.tarea_etiquetas (tarea_id, etiqueta_id) VALUES (1292, 304) ON CONFLICT (tarea_id, etiqueta_id) DO NOTHING;
INSERT INTO fracttaldb.tarea_etiquetas (tarea_id, etiqueta_id) VALUES (1292, 301) ON CONFLICT (tarea_id, etiqueta_id) DO NOTHING;
INSERT INTO fracttaldb.tarea_etiquetas (tarea_id, etiqueta_id) VALUES (1292, 307) ON CONFLICT (tarea_id, etiqueta_id) DO NOTHING;
INSERT INTO fracttaldb.tareas (id, titulo, descripcion, fecha_vencimiento, prioridad, completada, usuario_id, categoria_id, lote) VALUES (1293, 'Task 994 for user 1', 'Description for task 994', '2025-11-12', 1, FALSE, 1, 102, 'lote-2') ON CONFLICT(id) DO NOTHING;
INSERT INTO fracttaldb.tarea_etiquetas (tarea_id, etiqueta_id) VALUES (1293, 305) ON CONFLICT (tarea_id, etiqueta_id) DO NOTHING;
INSERT INTO fracttaldb.tarea_etiquetas (tarea_id, etiqueta_id) VALUES (1293, 306) ON CONFLICT (tarea_id, etiqueta_id) DO NOTHING;
INSERT INTO fracttaldb.tareas (id, titulo, descripcion, fecha_vencimiento, prioridad, completada, usuario_id, categoria_id, lote) VALUES (1294, 'Task 995 for user 1', 'Description for task 995', '2025-12-12', 1, TRUE, 1, 107, 'lote-2') ON CONFLICT(id) DO NOTHING;
INSERT INTO fracttaldb.tarea_etiquetas (tarea_id, etiqueta_id) VALUES (1294, 304) ON CONFLICT (tarea_id, etiqueta_id) DO NOTHING;
INSERT INTO fracttaldb.tarea_etiquetas (tarea_id, etiqueta_id) VALUES (1294, 306) ON CONFLICT (tarea_id, etiqueta_id) DO NOTHING;
INSERT INTO fracttaldb.tarea_etiquetas (tarea_id, etiqueta_id) VALUES (1294, 307) ON CONFLICT (tarea_id, etiqueta_id) DO NOTHING;
INSERT INTO fracttaldb.tareas (id, titulo, descripcion, fecha_vencimiento, prioridad, completada, usuario_id, categoria_id, lote) VALUES (1295, 'Task 996 for user 1', 'Description for task 996', '2025-10-22', 3, FALSE, 1, 107, 'lote-2') ON CONFLICT(id) DO NOTHING;
INSERT INTO fracttaldb.tarea_etiquetas (tarea_id, etiqueta_id) VALUES (1295, 306) ON CONFLICT (tarea_id, etiqueta_id) DO NOTHING;
INSERT INTO fracttaldb.tarea_etiquetas (tarea_id, etiqueta_id) VALUES (1295, 302) ON CONFLICT (tarea_id, etiqueta_id) DO NOTHING;
INSERT INTO fracttaldb.tarea_etiquetas (tarea_id, etiqueta_id) VALUES (1295, 307) ON CONFLICT (tarea_id, etiqueta_id) DO NOTHING;
INSERT INTO fracttaldb.tareas (id, titulo, descripcion, fecha_vencimiento, prioridad, completada, usuario_id, categoria_id, lote) VALUES (1296, 'Task 997 for user 1', 'Description for task 997', '2025-12-28', 3, TRUE, 1, 107, 'lote-2') ON CONFLICT(id) DO NOTHING;
INSERT INTO fracttaldb.tarea_etiquetas (tarea_id, etiqueta_id) VALUES (1296, 303) ON CONFLICT (tarea_id, etiqueta_id) DO NOTHING;
INSERT INTO fracttaldb.tarea_etiquetas (tarea_id, etiqueta_id) VALUES (1296, 301) ON CONFLICT (tarea_id, etiqueta_id) DO NOTHING;
INSERT INTO fracttaldb.tareas (id, titulo, descripcion, fecha_vencimiento, prioridad, completada, usuario_id, categoria_id, lote) VALUES (1297, 'Task 998 for user 1', 'Description for task 998', '2025-12-2', 2, FALSE, 1, 105, 'lote-2') ON CONFLICT(id) DO NOTHING;
INSERT INTO fracttaldb.tarea_etiquetas (tarea_id, etiqueta_id) VALUES (1297, 303) ON CONFLICT (tarea_id, etiqueta_id) DO NOTHING;
INSERT INTO fracttaldb.tareas (id, titulo, descripcion, fecha_vencimiento, prioridad, completada, usuario_id, categoria_id, lote) VALUES (1298, 'Task 999 for user 1', 'Description for task 999', '2025-12-11', 1, FALSE, 1, 103, 'lote-2') ON CONFLICT(id) DO NOTHING;
INSERT INTO fracttaldb.tarea_etiquetas (tarea_id, etiqueta_id) VALUES (1298, 309) ON CONFLICT (tarea_id, etiqueta_id) DO NOTHING;
INSERT INTO fracttaldb.tareas (id, titulo, descripcion, fecha_vencimiento, prioridad, completada, usuario_id, categoria_id, lote) VALUES (1299, 'Task 1000 for user 1', 'Description for task 1000', '2025-12-15', 3, FALSE, 1, 102, 'lote-2') ON CONFLICT(id) DO NOTHING;
INSERT INTO fracttaldb.tarea_etiquetas (tarea_id, etiqueta_id) VALUES (1299, 303) ON CONFLICT (tarea_id, etiqueta_id) DO NOTHING;
INSERT INTO fracttaldb.tarea_etiquetas (tarea_id, etiqueta_id) VALUES (1299, 308) ON CONFLICT (tarea_id, etiqueta_id) DO NOTHING;
INSERT INTO fracttaldb.tarea_etiquetas (tarea_id, etiqueta_id) VALUES (1299, 309) ON CONFLICT (tarea_id, etiqueta_id) DO NOTHING;
INSERT INTO fracttaldb.tareas (id, titulo, descripcion, fecha_vencimiento, prioridad, completada, usuario_id, categoria_id, lote) VALUES (1300, 'Task 1 for user 2', 'Description for task 1', '2025-11-19', 1, TRUE, 2, 205, 'lote-1') ON CONFLICT(id) DO NOTHING;
INSERT INTO fracttaldb.tarea_etiquetas (tarea_id, etiqueta_id) VALUES (1300, 401) ON CONFLICT (tarea_id, etiqueta_id) DO NOTHING;
INSERT INTO fracttaldb.tarea_etiquetas (tarea_id, etiqueta_id) VALUES (1300, 404) ON CONFLICT (tarea_id, etiqueta_id) DO NOTHING;
INSERT INTO fracttaldb.tareas (id, titulo, descripcion, fecha_vencimiento, prioridad, completada, usuario_id, categoria_id, lote) VALUES (1301, 'Task 2 for user 2', 'Description for task 2', '2025-10-21', 3, FALSE, 2, 204, 'lote-1') ON CONFLICT(id) DO NOTHING;
INSERT INTO fracttaldb.tarea_etiquetas (tarea_id, etiqueta_id) VALUES (1301, 408) ON CONFLICT (tarea_id, etiqueta_id) DO NOTHING;
INSERT INTO fracttaldb.tareas (id, titulo, descripcion, fecha_vencimiento, prioridad, completada, usuario_id, categoria_id, lote) VALUES (1302, 'Task 3 for user 2', 'Description for task 3', '2025-11-1', 1, FALSE, 2, 205, 'lote-1') ON CONFLICT(id) DO NOTHING;
INSERT INTO fracttaldb.tarea_etiquetas (tarea_id, etiqueta_id) VALUES (1302, 408) ON CONFLICT (tarea_id, etiqueta_id) DO NOTHING;
INSERT INTO fracttaldb.tarea_etiquetas (tarea_id, etiqueta_id) VALUES (1302, 409) ON CONFLICT (tarea_id, etiqueta_id) DO NOTHING;
INSERT INTO fracttaldb.tarea_etiquetas (tarea_id, etiqueta_id) VALUES (1302, 405) ON CONFLICT (tarea_id, etiqueta_id) DO NOTHING;
INSERT INTO fracttaldb.tareas (id, titulo, descripcion, fecha_vencimiento, prioridad, completada, usuario_id, categoria_id, lote) VALUES (1303, 'Task 4 for user 2', 'Description for task 4', '2025-12-3', 2, FALSE, 2, 205, 'lote-1') ON CONFLICT(id) DO NOTHING;
INSERT INTO fracttaldb.tarea_etiquetas (tarea_id, etiqueta_id) VALUES (1303, 401) ON CONFLICT (tarea_id, etiqueta_id) DO NOTHING;
INSERT INTO fracttaldb.tarea_etiquetas (tarea_id, etiqueta_id) VALUES (1303, 405) ON CONFLICT (tarea_id, etiqueta_id) DO NOTHING;
INSERT INTO fracttaldb.tarea_etiquetas (tarea_id, etiqueta_id) VALUES (1303, 408) ON CONFLICT (tarea_id, etiqueta_id) DO NOTHING;
INSERT INTO fracttaldb.tareas (id, titulo, descripcion, fecha_vencimiento, prioridad, completada, usuario_id, categoria_id, lote) VALUES (1304, 'Task 5 for user 2', 'Description for task 5', '2025-12-26', 2, TRUE, 2, 203, 'lote-1') ON CONFLICT(id) DO NOTHING;
INSERT INTO fracttaldb.tarea_etiquetas (tarea_id, etiqueta_id) VALUES (1304, 408) ON CONFLICT (tarea_id, etiqueta_id) DO NOTHING;
INSERT INTO fracttaldb.tareas (id, titulo, descripcion, fecha_vencimiento, prioridad, completada, usuario_id, categoria_id, lote) VALUES (1305, 'Task 6 for user 2', 'Description for task 6', '2025-12-28', 3, FALSE, 2, 207, 'lote-1') ON CONFLICT(id) DO NOTHING;
INSERT INTO fracttaldb.tarea_etiquetas (tarea_id, etiqueta_id) VALUES (1305, 403) ON CONFLICT (tarea_id, etiqueta_id) DO NOTHING;
INSERT INTO fracttaldb.tareas (id, titulo, descripcion, fecha_vencimiento, prioridad, completada, usuario_id, categoria_id, lote) VALUES (1306, 'Task 7 for user 2', 'Description for task 7', '2025-11-15', 1, TRUE, 2, 207, 'lote-1') ON CONFLICT(id) DO NOTHING;
INSERT INTO fracttaldb.tarea_etiquetas (tarea_id, etiqueta_id) VALUES (1306, 401) ON CONFLICT (tarea_id, etiqueta_id) DO NOTHING;
INSERT INTO fracttaldb.tarea_etiquetas (tarea_id, etiqueta_id) VALUES (1306, 403) ON CONFLICT (tarea_id, etiqueta_id) DO NOTHING;
INSERT INTO fracttaldb.tarea_etiquetas (tarea_id, etiqueta_id) VALUES (1306, 406) ON CONFLICT (tarea_id, etiqueta_id) DO NOTHING;
INSERT INTO fracttaldb.tareas (id, titulo, descripcion, fecha_vencimiento, prioridad, completada, usuario_id, categoria_id, lote) VALUES (1307, 'Task 8 for user 2', 'Description for task 8', '2025-10-23', 2, FALSE, 2, 204, 'lote-1') ON CONFLICT(id) DO NOTHING;
INSERT INTO fracttaldb.tarea_etiquetas (tarea_id, etiqueta_id) VALUES (1307, 402) ON CONFLICT (tarea_id, etiqueta_id) DO NOTHING;
INSERT INTO fracttaldb.tareas (id, titulo, descripcion, fecha_vencimiento, prioridad, completada, usuario_id, categoria_id, lote) VALUES (1308, 'Task 9 for user 2', 'Description for task 9', '2025-11-22', 1, FALSE, 2, 203, 'lote-1') ON CONFLICT(id) DO NOTHING;
INSERT INTO fracttaldb.tarea_etiquetas (tarea_id, etiqueta_id) VALUES (1308, 408) ON CONFLICT (tarea_id, etiqueta_id) DO NOTHING;
INSERT INTO fracttaldb.tareas (id, titulo, descripcion, fecha_vencimiento, prioridad, completada, usuario_id, categoria_id, lote) VALUES (1309, 'Task 10 for user 2', 'Description for task 10', '2025-11-22', 2, TRUE, 2, 201, 'lote-1') ON CONFLICT(id) DO NOTHING;
INSERT INTO fracttaldb.tarea_etiquetas (tarea_id, etiqueta_id) VALUES (1309, 408) ON CONFLICT (tarea_id, etiqueta_id) DO NOTHING;
INSERT INTO fracttaldb.tarea_etiquetas (tarea_id, etiqueta_id) VALUES (1309, 403) ON CONFLICT (tarea_id, etiqueta_id) DO NOTHING;
INSERT INTO fracttaldb.tarea_etiquetas (tarea_id, etiqueta_id) VALUES (1309, 407) ON CONFLICT (tarea_id, etiqueta_id) DO NOTHING;
INSERT INTO fracttaldb.tareas (id, titulo, descripcion, fecha_vencimiento, prioridad, completada, usuario_id, categoria_id, lote) VALUES (1310, 'Task 11 for user 2', 'Description for task 11', '2025-10-20', 3, FALSE, 2, 203, 'lote-1') ON CONFLICT(id) DO NOTHING;
INSERT INTO fracttaldb.tarea_etiquetas (tarea_id, etiqueta_id) VALUES (1310, 404) ON CONFLICT (tarea_id, etiqueta_id) DO NOTHING;
INSERT INTO fracttaldb.tarea_etiquetas (tarea_id, etiqueta_id) VALUES (1310, 406) ON CONFLICT (tarea_id, etiqueta_id) DO NOTHING;
INSERT INTO fracttaldb.tareas (id, titulo, descripcion, fecha_vencimiento, prioridad, completada, usuario_id, categoria_id, lote) VALUES (1311, 'Task 12 for user 2', 'Description for task 12', '2025-10-23', 3, FALSE, 2, 207, 'lote-1') ON CONFLICT(id) DO NOTHING;
INSERT INTO fracttaldb.tarea_etiquetas (tarea_id, etiqueta_id) VALUES (1311, 408) ON CONFLICT (tarea_id, etiqueta_id) DO NOTHING;
INSERT INTO fracttaldb.tarea_etiquetas (tarea_id, etiqueta_id) VALUES (1311, 406) ON CONFLICT (tarea_id, etiqueta_id) DO NOTHING;
INSERT INTO fracttaldb.tareas (id, titulo, descripcion, fecha_vencimiento, prioridad, completada, usuario_id, categoria_id, lote) VALUES (1312, 'Task 13 for user 2', 'Description for task 13', '2025-11-22', 2, TRUE, 2, 203, 'lote-1') ON CONFLICT(id) DO NOTHING;
INSERT INTO fracttaldb.tarea_etiquetas (tarea_id, etiqueta_id) VALUES (1312, 404) ON CONFLICT (tarea_id, etiqueta_id) DO NOTHING;
INSERT INTO fracttaldb.tarea_etiquetas (tarea_id, etiqueta_id) VALUES (1312, 406) ON CONFLICT (tarea_id, etiqueta_id) DO NOTHING;
INSERT INTO fracttaldb.tareas (id, titulo, descripcion, fecha_vencimiento, prioridad, completada, usuario_id, categoria_id, lote) VALUES (1313, 'Task 14 for user 2', 'Description for task 14', '2025-10-3', 1, TRUE, 2, 202, 'lote-1') ON CONFLICT(id) DO NOTHING;
INSERT INTO fracttaldb.tarea_etiquetas (tarea_id, etiqueta_id) VALUES (1313, 404) ON CONFLICT (tarea_id, etiqueta_id) DO NOTHING;
INSERT INTO fracttaldb.tarea_etiquetas (tarea_id, etiqueta_id) VALUES (1313, 407) ON CONFLICT (tarea_id, etiqueta_id) DO NOTHING;
INSERT INTO fracttaldb.tarea_etiquetas (tarea_id, etiqueta_id) VALUES (1313, 401) ON CONFLICT (tarea_id, etiqueta_id) DO NOTHING;
INSERT INTO fracttaldb.tareas (id, titulo, descripcion, fecha_vencimiento, prioridad, completada, usuario_id, categoria_id, lote) VALUES (1314, 'Task 15 for user 2', 'Description for task 15', '2025-10-5', 1, FALSE, 2, 202, 'lote-1') ON CONFLICT(id) DO NOTHING;
INSERT INTO fracttaldb.tarea_etiquetas (tarea_id, etiqueta_id) VALUES (1314, 409) ON CONFLICT (tarea_id, etiqueta_id) DO NOTHING;
INSERT INTO fracttaldb.tarea_etiquetas (tarea_id, etiqueta_id) VALUES (1314, 401) ON CONFLICT (tarea_id, etiqueta_id) DO NOTHING;
INSERT INTO fracttaldb.tarea_etiquetas (tarea_id, etiqueta_id) VALUES (1314, 403) ON CONFLICT (tarea_id, etiqueta_id) DO NOTHING;
INSERT INTO fracttaldb.tareas (id, titulo, descripcion, fecha_vencimiento, prioridad, completada, usuario_id, categoria_id, lote) VALUES (1315, 'Task 16 for user 2', 'Description for task 16', '2025-11-25', 1, TRUE, 2, 205, 'lote-1') ON CONFLICT(id) DO NOTHING;
INSERT INTO fracttaldb.tarea_etiquetas (tarea_id, etiqueta_id) VALUES (1315, 401) ON CONFLICT (tarea_id, etiqueta_id) DO NOTHING;
INSERT INTO fracttaldb.tarea_etiquetas (tarea_id, etiqueta_id) VALUES (1315, 402) ON CONFLICT (tarea_id, etiqueta_id) DO NOTHING;
INSERT INTO fracttaldb.tarea_etiquetas (tarea_id, etiqueta_id) VALUES (1315, 404) ON CONFLICT (tarea_id, etiqueta_id) DO NOTHING;
INSERT INTO fracttaldb.tareas (id, titulo, descripcion, fecha_vencimiento, prioridad, completada, usuario_id, categoria_id, lote) VALUES (1316, 'Task 17 for user 2', 'Description for task 17', '2025-10-21', 2, FALSE, 2, 203, 'lote-1') ON CONFLICT(id) DO NOTHING;
INSERT INTO fracttaldb.tarea_etiquetas (tarea_id, etiqueta_id) VALUES (1316, 402) ON CONFLICT (tarea_id, etiqueta_id) DO NOTHING;
INSERT INTO fracttaldb.tarea_etiquetas (tarea_id, etiqueta_id) VALUES (1316, 407) ON CONFLICT (tarea_id, etiqueta_id) DO NOTHING;
INSERT INTO fracttaldb.tareas (id, titulo, descripcion, fecha_vencimiento, prioridad, completada, usuario_id, categoria_id, lote) VALUES (1317, 'Task 18 for user 2', 'Description for task 18', '2025-11-7', 2, TRUE, 2, 201, 'lote-1') ON CONFLICT(id) DO NOTHING;
INSERT INTO fracttaldb.tarea_etiquetas (tarea_id, etiqueta_id) VALUES (1317, 402) ON CONFLICT (tarea_id, etiqueta_id) DO NOTHING;
INSERT INTO fracttaldb.tarea_etiquetas (tarea_id, etiqueta_id) VALUES (1317, 404) ON CONFLICT (tarea_id, etiqueta_id) DO NOTHING;
INSERT INTO fracttaldb.tareas (id, titulo, descripcion, fecha_vencimiento, prioridad, completada, usuario_id, categoria_id, lote) VALUES (1318, 'Task 19 for user 2', 'Description for task 19', '2025-12-23', 2, FALSE, 2, 203, 'lote-1') ON CONFLICT(id) DO NOTHING;
INSERT INTO fracttaldb.tarea_etiquetas (tarea_id, etiqueta_id) VALUES (1318, 408) ON CONFLICT (tarea_id, etiqueta_id) DO NOTHING;
INSERT INTO fracttaldb.tarea_etiquetas (tarea_id, etiqueta_id) VALUES (1318, 401) ON CONFLICT (tarea_id, etiqueta_id) DO NOTHING;
INSERT INTO fracttaldb.tarea_etiquetas (tarea_id, etiqueta_id) VALUES (1318, 402) ON CONFLICT (tarea_id, etiqueta_id) DO NOTHING;
INSERT INTO fracttaldb.tareas (id, titulo, descripcion, fecha_vencimiento, prioridad, completada, usuario_id, categoria_id, lote) VALUES (1319, 'Task 20 for user 2', 'Description for task 20', '2025-12-1', 1, FALSE, 2, 202, 'lote-1') ON CONFLICT(id) DO NOTHING;
INSERT INTO fracttaldb.tarea_etiquetas (tarea_id, etiqueta_id) VALUES (1319, 402) ON CONFLICT (tarea_id, etiqueta_id) DO NOTHING;
INSERT INTO fracttaldb.tarea_etiquetas (tarea_id, etiqueta_id) VALUES (1319, 401) ON CONFLICT (tarea_id, etiqueta_id) DO NOTHING;
INSERT INTO fracttaldb.tarea_etiquetas (tarea_id, etiqueta_id) VALUES (1319, 404) ON CONFLICT (tarea_id, etiqueta_id) DO NOTHING;
INSERT INTO fracttaldb.tareas (id, titulo, descripcion, fecha_vencimiento, prioridad, completada, usuario_id, categoria_id, lote) VALUES (1320, 'Task 21 for user 2', 'Description for task 21', '2025-10-15', 2, TRUE, 2, 207, 'lote-1') ON CONFLICT(id) DO NOTHING;
INSERT INTO fracttaldb.tarea_etiquetas (tarea_id, etiqueta_id) VALUES (1320, 407) ON CONFLICT (tarea_id, etiqueta_id) DO NOTHING;
INSERT INTO fracttaldb.tarea_etiquetas (tarea_id, etiqueta_id) VALUES (1320, 401) ON CONFLICT (tarea_id, etiqueta_id) DO NOTHING;
INSERT INTO fracttaldb.tarea_etiquetas (tarea_id, etiqueta_id) VALUES (1320, 408) ON CONFLICT (tarea_id, etiqueta_id) DO NOTHING;
INSERT INTO fracttaldb.tareas (id, titulo, descripcion, fecha_vencimiento, prioridad, completada, usuario_id, categoria_id, lote) VALUES (1321, 'Task 22 for user 2', 'Description for task 22', '2025-11-11', 1, FALSE, 2, 203, 'lote-1') ON CONFLICT(id) DO NOTHING;
INSERT INTO fracttaldb.tarea_etiquetas (tarea_id, etiqueta_id) VALUES (1321, 407) ON CONFLICT (tarea_id, etiqueta_id) DO NOTHING;
INSERT INTO fracttaldb.tarea_etiquetas (tarea_id, etiqueta_id) VALUES (1321, 406) ON CONFLICT (tarea_id, etiqueta_id) DO NOTHING;
INSERT INTO fracttaldb.tareas (id, titulo, descripcion, fecha_vencimiento, prioridad, completada, usuario_id, categoria_id, lote) VALUES (1322, 'Task 23 for user 2', 'Description for task 23', '2025-12-20', 2, FALSE, 2, 205, 'lote-1') ON CONFLICT(id) DO NOTHING;
INSERT INTO fracttaldb.tarea_etiquetas (tarea_id, etiqueta_id) VALUES (1322, 406) ON CONFLICT (tarea_id, etiqueta_id) DO NOTHING;
INSERT INTO fracttaldb.tarea_etiquetas (tarea_id, etiqueta_id) VALUES (1322, 407) ON CONFLICT (tarea_id, etiqueta_id) DO NOTHING;
INSERT INTO fracttaldb.tareas (id, titulo, descripcion, fecha_vencimiento, prioridad, completada, usuario_id, categoria_id, lote) VALUES (1323, 'Task 24 for user 2', 'Description for task 24', '2025-10-25', 3, FALSE, 2, 205, 'lote-1') ON CONFLICT(id) DO NOTHING;
INSERT INTO fracttaldb.tarea_etiquetas (tarea_id, etiqueta_id) VALUES (1323, 405) ON CONFLICT (tarea_id, etiqueta_id) DO NOTHING;
INSERT INTO fracttaldb.tarea_etiquetas (tarea_id, etiqueta_id) VALUES (1323, 408) ON CONFLICT (tarea_id, etiqueta_id) DO NOTHING;
INSERT INTO fracttaldb.tarea_etiquetas (tarea_id, etiqueta_id) VALUES (1323, 403) ON CONFLICT (tarea_id, etiqueta_id) DO NOTHING;
INSERT INTO fracttaldb.tareas (id, titulo, descripcion, fecha_vencimiento, prioridad, completada, usuario_id, categoria_id, lote) VALUES (1324, 'Task 25 for user 2', 'Description for task 25', '2025-10-13', 2, TRUE, 2, 207, 'lote-1') ON CONFLICT(id) DO NOTHING;
INSERT INTO fracttaldb.tarea_etiquetas (tarea_id, etiqueta_id) VALUES (1324, 406) ON CONFLICT (tarea_id, etiqueta_id) DO NOTHING;
INSERT INTO fracttaldb.tarea_etiquetas (tarea_id, etiqueta_id) VALUES (1324, 407) ON CONFLICT (tarea_id, etiqueta_id) DO NOTHING;
INSERT INTO fracttaldb.tarea_etiquetas (tarea_id, etiqueta_id) VALUES (1324, 403) ON CONFLICT (tarea_id, etiqueta_id) DO NOTHING;
INSERT INTO fracttaldb.tareas (id, titulo, descripcion, fecha_vencimiento, prioridad, completada, usuario_id, categoria_id, lote) VALUES (1325, 'Task 26 for user 2', 'Description for task 26', '2025-12-18', 2, TRUE, 2, 203, 'lote-1') ON CONFLICT(id) DO NOTHING;
INSERT INTO fracttaldb.tarea_etiquetas (tarea_id, etiqueta_id) VALUES (1325, 403) ON CONFLICT (tarea_id, etiqueta_id) DO NOTHING;
INSERT INTO fracttaldb.tarea_etiquetas (tarea_id, etiqueta_id) VALUES (1325, 409) ON CONFLICT (tarea_id, etiqueta_id) DO NOTHING;
INSERT INTO fracttaldb.tarea_etiquetas (tarea_id, etiqueta_id) VALUES (1325, 406) ON CONFLICT (tarea_id, etiqueta_id) DO NOTHING;
INSERT INTO fracttaldb.tareas (id, titulo, descripcion, fecha_vencimiento, prioridad, completada, usuario_id, categoria_id, lote) VALUES (1326, 'Task 27 for user 2', 'Description for task 27', '2025-12-17', 1, TRUE, 2, 205, 'lote-1') ON CONFLICT(id) DO NOTHING;
INSERT INTO fracttaldb.tarea_etiquetas (tarea_id, etiqueta_id) VALUES (1326, 408) ON CONFLICT (tarea_id, etiqueta_id) DO NOTHING;
INSERT INTO fracttaldb.tarea_etiquetas (tarea_id, etiqueta_id) VALUES (1326, 409) ON CONFLICT (tarea_id, etiqueta_id) DO NOTHING;
INSERT INTO fracttaldb.tarea_etiquetas (tarea_id, etiqueta_id) VALUES (1326, 406) ON CONFLICT (tarea_id, etiqueta_id) DO NOTHING;
INSERT INTO fracttaldb.tareas (id, titulo, descripcion, fecha_vencimiento, prioridad, completada, usuario_id, categoria_id, lote) VALUES (1327, 'Task 28 for user 2', 'Description for task 28', '2025-11-5', 3, FALSE, 2, 207, 'lote-1') ON CONFLICT(id) DO NOTHING;
INSERT INTO fracttaldb.tarea_etiquetas (tarea_id, etiqueta_id) VALUES (1327, 406) ON CONFLICT (tarea_id, etiqueta_id) DO NOTHING;
INSERT INTO fracttaldb.tarea_etiquetas (tarea_id, etiqueta_id) VALUES (1327, 408) ON CONFLICT (tarea_id, etiqueta_id) DO NOTHING;
INSERT INTO fracttaldb.tarea_etiquetas (tarea_id, etiqueta_id) VALUES (1327, 404) ON CONFLICT (tarea_id, etiqueta_id) DO NOTHING;
INSERT INTO fracttaldb.tareas (id, titulo, descripcion, fecha_vencimiento, prioridad, completada, usuario_id, categoria_id, lote) VALUES (1328, 'Task 29 for user 2', 'Description for task 29', '2025-10-11', 3, FALSE, 2, 204, 'lote-1') ON CONFLICT(id) DO NOTHING;
INSERT INTO fracttaldb.tarea_etiquetas (tarea_id, etiqueta_id) VALUES (1328, 402) ON CONFLICT (tarea_id, etiqueta_id) DO NOTHING;
INSERT INTO fracttaldb.tarea_etiquetas (tarea_id, etiqueta_id) VALUES (1328, 404) ON CONFLICT (tarea_id, etiqueta_id) DO NOTHING;
INSERT INTO fracttaldb.tareas (id, titulo, descripcion, fecha_vencimiento, prioridad, completada, usuario_id, categoria_id, lote) VALUES (1329, 'Task 30 for user 2', 'Description for task 30', '2025-10-11', 1, FALSE, 2, 204, 'lote-1') ON CONFLICT(id) DO NOTHING;
INSERT INTO fracttaldb.tarea_etiquetas (tarea_id, etiqueta_id) VALUES (1329, 409) ON CONFLICT (tarea_id, etiqueta_id) DO NOTHING;
INSERT INTO fracttaldb.tareas (id, titulo, descripcion, fecha_vencimiento, prioridad, completada, usuario_id, categoria_id, lote) VALUES (1330, 'Task 31 for user 2', 'Description for task 31', '2025-12-5', 2, TRUE, 2, 206, 'lote-1') ON CONFLICT(id) DO NOTHING;
INSERT INTO fracttaldb.tarea_etiquetas (tarea_id, etiqueta_id) VALUES (1330, 406) ON CONFLICT (tarea_id, etiqueta_id) DO NOTHING;
INSERT INTO fracttaldb.tarea_etiquetas (tarea_id, etiqueta_id) VALUES (1330, 409) ON CONFLICT (tarea_id, etiqueta_id) DO NOTHING;
INSERT INTO fracttaldb.tarea_etiquetas (tarea_id, etiqueta_id) VALUES (1330, 401) ON CONFLICT (tarea_id, etiqueta_id) DO NOTHING;
INSERT INTO fracttaldb.tareas (id, titulo, descripcion, fecha_vencimiento, prioridad, completada, usuario_id, categoria_id, lote) VALUES (1331, 'Task 32 for user 2', 'Description for task 32', '2025-12-22', 2, FALSE, 2, 204, 'lote-1') ON CONFLICT(id) DO NOTHING;
INSERT INTO fracttaldb.tarea_etiquetas (tarea_id, etiqueta_id) VALUES (1331, 402) ON CONFLICT (tarea_id, etiqueta_id) DO NOTHING;
INSERT INTO fracttaldb.tarea_etiquetas (tarea_id, etiqueta_id) VALUES (1331, 407) ON CONFLICT (tarea_id, etiqueta_id) DO NOTHING;
INSERT INTO fracttaldb.tareas (id, titulo, descripcion, fecha_vencimiento, prioridad, completada, usuario_id, categoria_id, lote) VALUES (1332, 'Task 33 for user 2', 'Description for task 33', '2025-12-21', 1, FALSE, 2, 205, 'lote-1') ON CONFLICT(id) DO NOTHING;
INSERT INTO fracttaldb.tarea_etiquetas (tarea_id, etiqueta_id) VALUES (1332, 403) ON CONFLICT (tarea_id, etiqueta_id) DO NOTHING;
INSERT INTO fracttaldb.tareas (id, titulo, descripcion, fecha_vencimiento, prioridad, completada, usuario_id, categoria_id, lote) VALUES (1333, 'Task 34 for user 2', 'Description for task 34', '2025-10-18', 2, TRUE, 2, 201, 'lote-1') ON CONFLICT(id) DO NOTHING;
INSERT INTO fracttaldb.tarea_etiquetas (tarea_id, etiqueta_id) VALUES (1333, 406) ON CONFLICT (tarea_id, etiqueta_id) DO NOTHING;
INSERT INTO fracttaldb.tareas (id, titulo, descripcion, fecha_vencimiento, prioridad, completada, usuario_id, categoria_id, lote) VALUES (1334, 'Task 35 for user 2', 'Description for task 35', '2025-11-7', 2, TRUE, 2, 202, 'lote-1') ON CONFLICT(id) DO NOTHING;
INSERT INTO fracttaldb.tarea_etiquetas (tarea_id, etiqueta_id) VALUES (1334, 407) ON CONFLICT (tarea_id, etiqueta_id) DO NOTHING;
INSERT INTO fracttaldb.tarea_etiquetas (tarea_id, etiqueta_id) VALUES (1334, 406) ON CONFLICT (tarea_id, etiqueta_id) DO NOTHING;
INSERT INTO fracttaldb.tareas (id, titulo, descripcion, fecha_vencimiento, prioridad, completada, usuario_id, categoria_id, lote) VALUES (1335, 'Task 36 for user 2', 'Description for task 36', '2025-12-14', 2, FALSE, 2, 203, 'lote-1') ON CONFLICT(id) DO NOTHING;
INSERT INTO fracttaldb.tarea_etiquetas (tarea_id, etiqueta_id) VALUES (1335, 402) ON CONFLICT (tarea_id, etiqueta_id) DO NOTHING;
INSERT INTO fracttaldb.tarea_etiquetas (tarea_id, etiqueta_id) VALUES (1335, 407) ON CONFLICT (tarea_id, etiqueta_id) DO NOTHING;
INSERT INTO fracttaldb.tarea_etiquetas (tarea_id, etiqueta_id) VALUES (1335, 404) ON CONFLICT (tarea_id, etiqueta_id) DO NOTHING;
INSERT INTO fracttaldb.tareas (id, titulo, descripcion, fecha_vencimiento, prioridad, completada, usuario_id, categoria_id, lote) VALUES (1336, 'Task 37 for user 2', 'Description for task 37', '2025-12-27', 2, FALSE, 2, 205, 'lote-1') ON CONFLICT(id) DO NOTHING;
INSERT INTO fracttaldb.tarea_etiquetas (tarea_id, etiqueta_id) VALUES (1336, 405) ON CONFLICT (tarea_id, etiqueta_id) DO NOTHING;
INSERT INTO fracttaldb.tareas (id, titulo, descripcion, fecha_vencimiento, prioridad, completada, usuario_id, categoria_id, lote) VALUES (1337, 'Task 38 for user 2', 'Description for task 38', '2025-10-21', 3, TRUE, 2, 202, 'lote-1') ON CONFLICT(id) DO NOTHING;
INSERT INTO fracttaldb.tarea_etiquetas (tarea_id, etiqueta_id) VALUES (1337, 404) ON CONFLICT (tarea_id, etiqueta_id) DO NOTHING;
INSERT INTO fracttaldb.tarea_etiquetas (tarea_id, etiqueta_id) VALUES (1337, 402) ON CONFLICT (tarea_id, etiqueta_id) DO NOTHING;
INSERT INTO fracttaldb.tareas (id, titulo, descripcion, fecha_vencimiento, prioridad, completada, usuario_id, categoria_id, lote) VALUES (1338, 'Task 39 for user 2', 'Description for task 39', '2025-11-18', 2, FALSE, 2, 206, 'lote-1') ON CONFLICT(id) DO NOTHING;
INSERT INTO fracttaldb.tarea_etiquetas (tarea_id, etiqueta_id) VALUES (1338, 408) ON CONFLICT (tarea_id, etiqueta_id) DO NOTHING;
INSERT INTO fracttaldb.tarea_etiquetas (tarea_id, etiqueta_id) VALUES (1338, 404) ON CONFLICT (tarea_id, etiqueta_id) DO NOTHING;
INSERT INTO fracttaldb.tarea_etiquetas (tarea_id, etiqueta_id) VALUES (1338, 406) ON CONFLICT (tarea_id, etiqueta_id) DO NOTHING;
INSERT INTO fracttaldb.tareas (id, titulo, descripcion, fecha_vencimiento, prioridad, completada, usuario_id, categoria_id, lote) VALUES (1339, 'Task 40 for user 2', 'Description for task 40', '2025-10-21', 3, TRUE, 2, 201, 'lote-1') ON CONFLICT(id) DO NOTHING;
INSERT INTO fracttaldb.tarea_etiquetas (tarea_id, etiqueta_id) VALUES (1339, 409) ON CONFLICT (tarea_id, etiqueta_id) DO NOTHING;
INSERT INTO fracttaldb.tareas (id, titulo, descripcion, fecha_vencimiento, prioridad, completada, usuario_id, categoria_id, lote) VALUES (1340, 'Task 41 for user 2', 'Description for task 41', '2025-12-14', 2, FALSE, 2, 201, 'lote-1') ON CONFLICT(id) DO NOTHING;
INSERT INTO fracttaldb.tarea_etiquetas (tarea_id, etiqueta_id) VALUES (1340, 404) ON CONFLICT (tarea_id, etiqueta_id) DO NOTHING;
INSERT INTO fracttaldb.tarea_etiquetas (tarea_id, etiqueta_id) VALUES (1340, 402) ON CONFLICT (tarea_id, etiqueta_id) DO NOTHING;
INSERT INTO fracttaldb.tarea_etiquetas (tarea_id, etiqueta_id) VALUES (1340, 407) ON CONFLICT (tarea_id, etiqueta_id) DO NOTHING;
INSERT INTO fracttaldb.tareas (id, titulo, descripcion, fecha_vencimiento, prioridad, completada, usuario_id, categoria_id, lote) VALUES (1341, 'Task 42 for user 2', 'Description for task 42', '2025-11-22', 3, TRUE, 2, 203, 'lote-1') ON CONFLICT(id) DO NOTHING;
INSERT INTO fracttaldb.tarea_etiquetas (tarea_id, etiqueta_id) VALUES (1341, 409) ON CONFLICT (tarea_id, etiqueta_id) DO NOTHING;
INSERT INTO fracttaldb.tareas (id, titulo, descripcion, fecha_vencimiento, prioridad, completada, usuario_id, categoria_id, lote) VALUES (1342, 'Task 43 for user 2', 'Description for task 43', '2025-10-19', 3, FALSE, 2, 205, 'lote-1') ON CONFLICT(id) DO NOTHING;
INSERT INTO fracttaldb.tarea_etiquetas (tarea_id, etiqueta_id) VALUES (1342, 403) ON CONFLICT (tarea_id, etiqueta_id) DO NOTHING;
INSERT INTO fracttaldb.tareas (id, titulo, descripcion, fecha_vencimiento, prioridad, completada, usuario_id, categoria_id, lote) VALUES (1343, 'Task 44 for user 2', 'Description for task 44', '2025-11-13', 1, FALSE, 2, 205, 'lote-1') ON CONFLICT(id) DO NOTHING;
INSERT INTO fracttaldb.tarea_etiquetas (tarea_id, etiqueta_id) VALUES (1343, 408) ON CONFLICT (tarea_id, etiqueta_id) DO NOTHING;
INSERT INTO fracttaldb.tareas (id, titulo, descripcion, fecha_vencimiento, prioridad, completada, usuario_id, categoria_id, lote) VALUES (1344, 'Task 45 for user 2', 'Description for task 45', '2025-11-27', 1, TRUE, 2, 206, 'lote-1') ON CONFLICT(id) DO NOTHING;
INSERT INTO fracttaldb.tarea_etiquetas (tarea_id, etiqueta_id) VALUES (1344, 402) ON CONFLICT (tarea_id, etiqueta_id) DO NOTHING;
INSERT INTO fracttaldb.tarea_etiquetas (tarea_id, etiqueta_id) VALUES (1344, 409) ON CONFLICT (tarea_id, etiqueta_id) DO NOTHING;
INSERT INTO fracttaldb.tareas (id, titulo, descripcion, fecha_vencimiento, prioridad, completada, usuario_id, categoria_id, lote) VALUES (1345, 'Task 46 for user 2', 'Description for task 46', '2025-12-27', 3, TRUE, 2, 206, 'lote-1') ON CONFLICT(id) DO NOTHING;
INSERT INTO fracttaldb.tarea_etiquetas (tarea_id, etiqueta_id) VALUES (1345, 407) ON CONFLICT (tarea_id, etiqueta_id) DO NOTHING;
INSERT INTO fracttaldb.tareas (id, titulo, descripcion, fecha_vencimiento, prioridad, completada, usuario_id, categoria_id, lote) VALUES (1346, 'Task 47 for user 2', 'Description for task 47', '2025-11-10', 2, TRUE, 2, 205, 'lote-1') ON CONFLICT(id) DO NOTHING;
INSERT INTO fracttaldb.tarea_etiquetas (tarea_id, etiqueta_id) VALUES (1346, 408) ON CONFLICT (tarea_id, etiqueta_id) DO NOTHING;
INSERT INTO fracttaldb.tarea_etiquetas (tarea_id, etiqueta_id) VALUES (1346, 402) ON CONFLICT (tarea_id, etiqueta_id) DO NOTHING;
INSERT INTO fracttaldb.tarea_etiquetas (tarea_id, etiqueta_id) VALUES (1346, 406) ON CONFLICT (tarea_id, etiqueta_id) DO NOTHING;
INSERT INTO fracttaldb.tareas (id, titulo, descripcion, fecha_vencimiento, prioridad, completada, usuario_id, categoria_id, lote) VALUES (1347, 'Task 48 for user 2', 'Description for task 48', '2025-12-5', 2, FALSE, 2, 202, 'lote-1') ON CONFLICT(id) DO NOTHING;
INSERT INTO fracttaldb.tarea_etiquetas (tarea_id, etiqueta_id) VALUES (1347, 407) ON CONFLICT (tarea_id, etiqueta_id) DO NOTHING;
INSERT INTO fracttaldb.tareas (id, titulo, descripcion, fecha_vencimiento, prioridad, completada, usuario_id, categoria_id, lote) VALUES (1348, 'Task 49 for user 2', 'Description for task 49', '2025-11-8', 1, TRUE, 2, 203, 'lote-1') ON CONFLICT(id) DO NOTHING;
INSERT INTO fracttaldb.tarea_etiquetas (tarea_id, etiqueta_id) VALUES (1348, 404) ON CONFLICT (tarea_id, etiqueta_id) DO NOTHING;
INSERT INTO fracttaldb.tarea_etiquetas (tarea_id, etiqueta_id) VALUES (1348, 405) ON CONFLICT (tarea_id, etiqueta_id) DO NOTHING;
INSERT INTO fracttaldb.tarea_etiquetas (tarea_id, etiqueta_id) VALUES (1348, 408) ON CONFLICT (tarea_id, etiqueta_id) DO NOTHING;
INSERT INTO fracttaldb.tareas (id, titulo, descripcion, fecha_vencimiento, prioridad, completada, usuario_id, categoria_id, lote) VALUES (1349, 'Task 50 for user 2', 'Description for task 50', '2025-11-7', 3, TRUE, 2, 202, 'lote-1') ON CONFLICT(id) DO NOTHING;
INSERT INTO fracttaldb.tarea_etiquetas (tarea_id, etiqueta_id) VALUES (1349, 406) ON CONFLICT (tarea_id, etiqueta_id) DO NOTHING;
INSERT INTO fracttaldb.tareas (id, titulo, descripcion, fecha_vencimiento, prioridad, completada, usuario_id, categoria_id, lote) VALUES (1350, 'Task 51 for user 2', 'Description for task 51', '2025-11-1', 3, TRUE, 2, 201, 'lote-1') ON CONFLICT(id) DO NOTHING;
INSERT INTO fracttaldb.tarea_etiquetas (tarea_id, etiqueta_id) VALUES (1350, 402) ON CONFLICT (tarea_id, etiqueta_id) DO NOTHING;
INSERT INTO fracttaldb.tareas (id, titulo, descripcion, fecha_vencimiento, prioridad, completada, usuario_id, categoria_id, lote) VALUES (1351, 'Task 52 for user 2', 'Description for task 52', '2025-10-1', 1, TRUE, 2, 203, 'lote-1') ON CONFLICT(id) DO NOTHING;
INSERT INTO fracttaldb.tarea_etiquetas (tarea_id, etiqueta_id) VALUES (1351, 402) ON CONFLICT (tarea_id, etiqueta_id) DO NOTHING;
INSERT INTO fracttaldb.tareas (id, titulo, descripcion, fecha_vencimiento, prioridad, completada, usuario_id, categoria_id, lote) VALUES (1352, 'Task 53 for user 2', 'Description for task 53', '2025-10-7', 3, FALSE, 2, 202, 'lote-1') ON CONFLICT(id) DO NOTHING;
INSERT INTO fracttaldb.tarea_etiquetas (tarea_id, etiqueta_id) VALUES (1352, 403) ON CONFLICT (tarea_id, etiqueta_id) DO NOTHING;
INSERT INTO fracttaldb.tareas (id, titulo, descripcion, fecha_vencimiento, prioridad, completada, usuario_id, categoria_id, lote) VALUES (1353, 'Task 54 for user 2', 'Description for task 54', '2025-10-26', 3, FALSE, 2, 201, 'lote-1') ON CONFLICT(id) DO NOTHING;
INSERT INTO fracttaldb.tarea_etiquetas (tarea_id, etiqueta_id) VALUES (1353, 407) ON CONFLICT (tarea_id, etiqueta_id) DO NOTHING;
INSERT INTO fracttaldb.tarea_etiquetas (tarea_id, etiqueta_id) VALUES (1353, 402) ON CONFLICT (tarea_id, etiqueta_id) DO NOTHING;
INSERT INTO fracttaldb.tareas (id, titulo, descripcion, fecha_vencimiento, prioridad, completada, usuario_id, categoria_id, lote) VALUES (1354, 'Task 55 for user 2', 'Description for task 55', '2025-10-22', 2, FALSE, 2, 205, 'lote-1') ON CONFLICT(id) DO NOTHING;
INSERT INTO fracttaldb.tarea_etiquetas (tarea_id, etiqueta_id) VALUES (1354, 408) ON CONFLICT (tarea_id, etiqueta_id) DO NOTHING;
INSERT INTO fracttaldb.tareas (id, titulo, descripcion, fecha_vencimiento, prioridad, completada, usuario_id, categoria_id, lote) VALUES (1355, 'Task 56 for user 2', 'Description for task 56', '2025-10-26', 2, FALSE, 2, 206, 'lote-1') ON CONFLICT(id) DO NOTHING;
INSERT INTO fracttaldb.tarea_etiquetas (tarea_id, etiqueta_id) VALUES (1355, 406) ON CONFLICT (tarea_id, etiqueta_id) DO NOTHING;
INSERT INTO fracttaldb.tarea_etiquetas (tarea_id, etiqueta_id) VALUES (1355, 408) ON CONFLICT (tarea_id, etiqueta_id) DO NOTHING;
INSERT INTO fracttaldb.tarea_etiquetas (tarea_id, etiqueta_id) VALUES (1355, 403) ON CONFLICT (tarea_id, etiqueta_id) DO NOTHING;
INSERT INTO fracttaldb.tareas (id, titulo, descripcion, fecha_vencimiento, prioridad, completada, usuario_id, categoria_id, lote) VALUES (1356, 'Task 57 for user 2', 'Description for task 57', '2025-12-20', 3, TRUE, 2, 202, 'lote-1') ON CONFLICT(id) DO NOTHING;
INSERT INTO fracttaldb.tarea_etiquetas (tarea_id, etiqueta_id) VALUES (1356, 402) ON CONFLICT (tarea_id, etiqueta_id) DO NOTHING;
INSERT INTO fracttaldb.tarea_etiquetas (tarea_id, etiqueta_id) VALUES (1356, 409) ON CONFLICT (tarea_id, etiqueta_id) DO NOTHING;
INSERT INTO fracttaldb.tarea_etiquetas (tarea_id, etiqueta_id) VALUES (1356, 405) ON CONFLICT (tarea_id, etiqueta_id) DO NOTHING;
INSERT INTO fracttaldb.tareas (id, titulo, descripcion, fecha_vencimiento, prioridad, completada, usuario_id, categoria_id, lote) VALUES (1357, 'Task 58 for user 2', 'Description for task 58', '2025-10-16', 1, TRUE, 2, 203, 'lote-1') ON CONFLICT(id) DO NOTHING;
INSERT INTO fracttaldb.tarea_etiquetas (tarea_id, etiqueta_id) VALUES (1357, 406) ON CONFLICT (tarea_id, etiqueta_id) DO NOTHING;
INSERT INTO fracttaldb.tarea_etiquetas (tarea_id, etiqueta_id) VALUES (1357, 405) ON CONFLICT (tarea_id, etiqueta_id) DO NOTHING;
INSERT INTO fracttaldb.tarea_etiquetas (tarea_id, etiqueta_id) VALUES (1357, 403) ON CONFLICT (tarea_id, etiqueta_id) DO NOTHING;
INSERT INTO fracttaldb.tareas (id, titulo, descripcion, fecha_vencimiento, prioridad, completada, usuario_id, categoria_id, lote) VALUES (1358, 'Task 59 for user 2', 'Description for task 59', '2025-12-22', 2, FALSE, 2, 204, 'lote-1') ON CONFLICT(id) DO NOTHING;
INSERT INTO fracttaldb.tarea_etiquetas (tarea_id, etiqueta_id) VALUES (1358, 404) ON CONFLICT (tarea_id, etiqueta_id) DO NOTHING;
INSERT INTO fracttaldb.tarea_etiquetas (tarea_id, etiqueta_id) VALUES (1358, 409) ON CONFLICT (tarea_id, etiqueta_id) DO NOTHING;
INSERT INTO fracttaldb.tareas (id, titulo, descripcion, fecha_vencimiento, prioridad, completada, usuario_id, categoria_id, lote) VALUES (1359, 'Task 60 for user 2', 'Description for task 60', '2025-10-12', 2, TRUE, 2, 202, 'lote-1') ON CONFLICT(id) DO NOTHING;
INSERT INTO fracttaldb.tarea_etiquetas (tarea_id, etiqueta_id) VALUES (1359, 407) ON CONFLICT (tarea_id, etiqueta_id) DO NOTHING;
INSERT INTO fracttaldb.tarea_etiquetas (tarea_id, etiqueta_id) VALUES (1359, 409) ON CONFLICT (tarea_id, etiqueta_id) DO NOTHING;
INSERT INTO fracttaldb.tarea_etiquetas (tarea_id, etiqueta_id) VALUES (1359, 401) ON CONFLICT (tarea_id, etiqueta_id) DO NOTHING;
INSERT INTO fracttaldb.tareas (id, titulo, descripcion, fecha_vencimiento, prioridad, completada, usuario_id, categoria_id, lote) VALUES (1360, 'Task 61 for user 2', 'Description for task 61', '2025-10-25', 1, FALSE, 2, 206, 'lote-1') ON CONFLICT(id) DO NOTHING;
INSERT INTO fracttaldb.tarea_etiquetas (tarea_id, etiqueta_id) VALUES (1360, 405) ON CONFLICT (tarea_id, etiqueta_id) DO NOTHING;
INSERT INTO fracttaldb.tareas (id, titulo, descripcion, fecha_vencimiento, prioridad, completada, usuario_id, categoria_id, lote) VALUES (1361, 'Task 62 for user 2', 'Description for task 62', '2025-10-1', 2, TRUE, 2, 204, 'lote-1') ON CONFLICT(id) DO NOTHING;
INSERT INTO fracttaldb.tarea_etiquetas (tarea_id, etiqueta_id) VALUES (1361, 407) ON CONFLICT (tarea_id, etiqueta_id) DO NOTHING;
INSERT INTO fracttaldb.tareas (id, titulo, descripcion, fecha_vencimiento, prioridad, completada, usuario_id, categoria_id, lote) VALUES (1362, 'Task 63 for user 2', 'Description for task 63', '2025-11-19', 1, TRUE, 2, 203, 'lote-1') ON CONFLICT(id) DO NOTHING;
INSERT INTO fracttaldb.tarea_etiquetas (tarea_id, etiqueta_id) VALUES (1362, 401) ON CONFLICT (tarea_id, etiqueta_id) DO NOTHING;
INSERT INTO fracttaldb.tareas (id, titulo, descripcion, fecha_vencimiento, prioridad, completada, usuario_id, categoria_id, lote) VALUES (1363, 'Task 64 for user 2', 'Description for task 64', '2025-10-10', 2, TRUE, 2, 205, 'lote-1') ON CONFLICT(id) DO NOTHING;
INSERT INTO fracttaldb.tarea_etiquetas (tarea_id, etiqueta_id) VALUES (1363, 406) ON CONFLICT (tarea_id, etiqueta_id) DO NOTHING;
INSERT INTO fracttaldb.tarea_etiquetas (tarea_id, etiqueta_id) VALUES (1363, 409) ON CONFLICT (tarea_id, etiqueta_id) DO NOTHING;
INSERT INTO fracttaldb.tareas (id, titulo, descripcion, fecha_vencimiento, prioridad, completada, usuario_id, categoria_id, lote) VALUES (1364, 'Task 65 for user 2', 'Description for task 65', '2025-12-9', 3, TRUE, 2, 206, 'lote-1') ON CONFLICT(id) DO NOTHING;
INSERT INTO fracttaldb.tarea_etiquetas (tarea_id, etiqueta_id) VALUES (1364, 407) ON CONFLICT (tarea_id, etiqueta_id) DO NOTHING;
INSERT INTO fracttaldb.tarea_etiquetas (tarea_id, etiqueta_id) VALUES (1364, 405) ON CONFLICT (tarea_id, etiqueta_id) DO NOTHING;
INSERT INTO fracttaldb.tarea_etiquetas (tarea_id, etiqueta_id) VALUES (1364, 404) ON CONFLICT (tarea_id, etiqueta_id) DO NOTHING;
INSERT INTO fracttaldb.tareas (id, titulo, descripcion, fecha_vencimiento, prioridad, completada, usuario_id, categoria_id, lote) VALUES (1365, 'Task 66 for user 2', 'Description for task 66', '2025-11-18', 3, TRUE, 2, 207, 'lote-1') ON CONFLICT(id) DO NOTHING;
INSERT INTO fracttaldb.tarea_etiquetas (tarea_id, etiqueta_id) VALUES (1365, 401) ON CONFLICT (tarea_id, etiqueta_id) DO NOTHING;
INSERT INTO fracttaldb.tareas (id, titulo, descripcion, fecha_vencimiento, prioridad, completada, usuario_id, categoria_id, lote) VALUES (1366, 'Task 67 for user 2', 'Description for task 67', '2025-11-23', 2, FALSE, 2, 207, 'lote-1') ON CONFLICT(id) DO NOTHING;
INSERT INTO fracttaldb.tarea_etiquetas (tarea_id, etiqueta_id) VALUES (1366, 407) ON CONFLICT (tarea_id, etiqueta_id) DO NOTHING;
INSERT INTO fracttaldb.tarea_etiquetas (tarea_id, etiqueta_id) VALUES (1366, 409) ON CONFLICT (tarea_id, etiqueta_id) DO NOTHING;
INSERT INTO fracttaldb.tarea_etiquetas (tarea_id, etiqueta_id) VALUES (1366, 401) ON CONFLICT (tarea_id, etiqueta_id) DO NOTHING;
INSERT INTO fracttaldb.tareas (id, titulo, descripcion, fecha_vencimiento, prioridad, completada, usuario_id, categoria_id, lote) VALUES (1367, 'Task 68 for user 2', 'Description for task 68', '2025-11-24', 2, TRUE, 2, 204, 'lote-1') ON CONFLICT(id) DO NOTHING;
INSERT INTO fracttaldb.tarea_etiquetas (tarea_id, etiqueta_id) VALUES (1367, 408) ON CONFLICT (tarea_id, etiqueta_id) DO NOTHING;
INSERT INTO fracttaldb.tarea_etiquetas (tarea_id, etiqueta_id) VALUES (1367, 405) ON CONFLICT (tarea_id, etiqueta_id) DO NOTHING;
INSERT INTO fracttaldb.tareas (id, titulo, descripcion, fecha_vencimiento, prioridad, completada, usuario_id, categoria_id, lote) VALUES (1368, 'Task 69 for user 2', 'Description for task 69', '2025-10-21', 3, TRUE, 2, 204, 'lote-1') ON CONFLICT(id) DO NOTHING;
INSERT INTO fracttaldb.tarea_etiquetas (tarea_id, etiqueta_id) VALUES (1368, 403) ON CONFLICT (tarea_id, etiqueta_id) DO NOTHING;
INSERT INTO fracttaldb.tarea_etiquetas (tarea_id, etiqueta_id) VALUES (1368, 408) ON CONFLICT (tarea_id, etiqueta_id) DO NOTHING;
INSERT INTO fracttaldb.tarea_etiquetas (tarea_id, etiqueta_id) VALUES (1368, 406) ON CONFLICT (tarea_id, etiqueta_id) DO NOTHING;
INSERT INTO fracttaldb.tareas (id, titulo, descripcion, fecha_vencimiento, prioridad, completada, usuario_id, categoria_id, lote) VALUES (1369, 'Task 70 for user 2', 'Description for task 70', '2025-12-2', 3, FALSE, 2, 202, 'lote-1') ON CONFLICT(id) DO NOTHING;
INSERT INTO fracttaldb.tarea_etiquetas (tarea_id, etiqueta_id) VALUES (1369, 404) ON CONFLICT (tarea_id, etiqueta_id) DO NOTHING;
INSERT INTO fracttaldb.tareas (id, titulo, descripcion, fecha_vencimiento, prioridad, completada, usuario_id, categoria_id, lote) VALUES (1370, 'Task 71 for user 2', 'Description for task 71', '2025-12-16', 1, TRUE, 2, 206, 'lote-1') ON CONFLICT(id) DO NOTHING;
INSERT INTO fracttaldb.tarea_etiquetas (tarea_id, etiqueta_id) VALUES (1370, 406) ON CONFLICT (tarea_id, etiqueta_id) DO NOTHING;
INSERT INTO fracttaldb.tareas (id, titulo, descripcion, fecha_vencimiento, prioridad, completada, usuario_id, categoria_id, lote) VALUES (1371, 'Task 72 for user 2', 'Description for task 72', '2025-10-2', 1, FALSE, 2, 202, 'lote-1') ON CONFLICT(id) DO NOTHING;
INSERT INTO fracttaldb.tarea_etiquetas (tarea_id, etiqueta_id) VALUES (1371, 406) ON CONFLICT (tarea_id, etiqueta_id) DO NOTHING;
INSERT INTO fracttaldb.tarea_etiquetas (tarea_id, etiqueta_id) VALUES (1371, 403) ON CONFLICT (tarea_id, etiqueta_id) DO NOTHING;
INSERT INTO fracttaldb.tarea_etiquetas (tarea_id, etiqueta_id) VALUES (1371, 405) ON CONFLICT (tarea_id, etiqueta_id) DO NOTHING;
INSERT INTO fracttaldb.tareas (id, titulo, descripcion, fecha_vencimiento, prioridad, completada, usuario_id, categoria_id, lote) VALUES (1372, 'Task 73 for user 2', 'Description for task 73', '2025-10-27', 1, FALSE, 2, 203, 'lote-1') ON CONFLICT(id) DO NOTHING;
INSERT INTO fracttaldb.tarea_etiquetas (tarea_id, etiqueta_id) VALUES (1372, 407) ON CONFLICT (tarea_id, etiqueta_id) DO NOTHING;
INSERT INTO fracttaldb.tareas (id, titulo, descripcion, fecha_vencimiento, prioridad, completada, usuario_id, categoria_id, lote) VALUES (1373, 'Task 74 for user 2', 'Description for task 74', '2025-11-14', 1, TRUE, 2, 207, 'lote-1') ON CONFLICT(id) DO NOTHING;
INSERT INTO fracttaldb.tarea_etiquetas (tarea_id, etiqueta_id) VALUES (1373, 405) ON CONFLICT (tarea_id, etiqueta_id) DO NOTHING;
INSERT INTO fracttaldb.tarea_etiquetas (tarea_id, etiqueta_id) VALUES (1373, 407) ON CONFLICT (tarea_id, etiqueta_id) DO NOTHING;
INSERT INTO fracttaldb.tareas (id, titulo, descripcion, fecha_vencimiento, prioridad, completada, usuario_id, categoria_id, lote) VALUES (1374, 'Task 75 for user 2', 'Description for task 75', '2025-10-26', 3, FALSE, 2, 201, 'lote-1') ON CONFLICT(id) DO NOTHING;
INSERT INTO fracttaldb.tarea_etiquetas (tarea_id, etiqueta_id) VALUES (1374, 401) ON CONFLICT (tarea_id, etiqueta_id) DO NOTHING;
INSERT INTO fracttaldb.tareas (id, titulo, descripcion, fecha_vencimiento, prioridad, completada, usuario_id, categoria_id, lote) VALUES (1375, 'Task 76 for user 2', 'Description for task 76', '2025-10-7', 3, FALSE, 2, 201, 'lote-1') ON CONFLICT(id) DO NOTHING;
INSERT INTO fracttaldb.tarea_etiquetas (tarea_id, etiqueta_id) VALUES (1375, 406) ON CONFLICT (tarea_id, etiqueta_id) DO NOTHING;
INSERT INTO fracttaldb.tarea_etiquetas (tarea_id, etiqueta_id) VALUES (1375, 408) ON CONFLICT (tarea_id, etiqueta_id) DO NOTHING;
INSERT INTO fracttaldb.tarea_etiquetas (tarea_id, etiqueta_id) VALUES (1375, 404) ON CONFLICT (tarea_id, etiqueta_id) DO NOTHING;
INSERT INTO fracttaldb.tareas (id, titulo, descripcion, fecha_vencimiento, prioridad, completada, usuario_id, categoria_id, lote) VALUES (1376, 'Task 77 for user 2', 'Description for task 77', '2025-10-21', 1, FALSE, 2, 201, 'lote-1') ON CONFLICT(id) DO NOTHING;
INSERT INTO fracttaldb.tarea_etiquetas (tarea_id, etiqueta_id) VALUES (1376, 406) ON CONFLICT (tarea_id, etiqueta_id) DO NOTHING;
INSERT INTO fracttaldb.tarea_etiquetas (tarea_id, etiqueta_id) VALUES (1376, 409) ON CONFLICT (tarea_id, etiqueta_id) DO NOTHING;
INSERT INTO fracttaldb.tareas (id, titulo, descripcion, fecha_vencimiento, prioridad, completada, usuario_id, categoria_id, lote) VALUES (1377, 'Task 78 for user 2', 'Description for task 78', '2025-12-3', 2, FALSE, 2, 203, 'lote-1') ON CONFLICT(id) DO NOTHING;
INSERT INTO fracttaldb.tarea_etiquetas (tarea_id, etiqueta_id) VALUES (1377, 401) ON CONFLICT (tarea_id, etiqueta_id) DO NOTHING;
INSERT INTO fracttaldb.tareas (id, titulo, descripcion, fecha_vencimiento, prioridad, completada, usuario_id, categoria_id, lote) VALUES (1378, 'Task 79 for user 2', 'Description for task 79', '2025-10-6', 3, FALSE, 2, 203, 'lote-1') ON CONFLICT(id) DO NOTHING;
INSERT INTO fracttaldb.tarea_etiquetas (tarea_id, etiqueta_id) VALUES (1378, 403) ON CONFLICT (tarea_id, etiqueta_id) DO NOTHING;
INSERT INTO fracttaldb.tareas (id, titulo, descripcion, fecha_vencimiento, prioridad, completada, usuario_id, categoria_id, lote) VALUES (1379, 'Task 80 for user 2', 'Description for task 80', '2025-12-17', 3, TRUE, 2, 207, 'lote-1') ON CONFLICT(id) DO NOTHING;
INSERT INTO fracttaldb.tarea_etiquetas (tarea_id, etiqueta_id) VALUES (1379, 409) ON CONFLICT (tarea_id, etiqueta_id) DO NOTHING;
INSERT INTO fracttaldb.tareas (id, titulo, descripcion, fecha_vencimiento, prioridad, completada, usuario_id, categoria_id, lote) VALUES (1380, 'Task 81 for user 2', 'Description for task 81', '2025-12-3', 2, FALSE, 2, 204, 'lote-1') ON CONFLICT(id) DO NOTHING;
INSERT INTO fracttaldb.tarea_etiquetas (tarea_id, etiqueta_id) VALUES (1380, 409) ON CONFLICT (tarea_id, etiqueta_id) DO NOTHING;
INSERT INTO fracttaldb.tareas (id, titulo, descripcion, fecha_vencimiento, prioridad, completada, usuario_id, categoria_id, lote) VALUES (1381, 'Task 82 for user 2', 'Description for task 82', '2025-12-11', 3, FALSE, 2, 201, 'lote-1') ON CONFLICT(id) DO NOTHING;
INSERT INTO fracttaldb.tarea_etiquetas (tarea_id, etiqueta_id) VALUES (1381, 404) ON CONFLICT (tarea_id, etiqueta_id) DO NOTHING;
INSERT INTO fracttaldb.tareas (id, titulo, descripcion, fecha_vencimiento, prioridad, completada, usuario_id, categoria_id, lote) VALUES (1382, 'Task 83 for user 2', 'Description for task 83', '2025-11-19', 1, TRUE, 2, 205, 'lote-1') ON CONFLICT(id) DO NOTHING;
INSERT INTO fracttaldb.tarea_etiquetas (tarea_id, etiqueta_id) VALUES (1382, 404) ON CONFLICT (tarea_id, etiqueta_id) DO NOTHING;
INSERT INTO fracttaldb.tarea_etiquetas (tarea_id, etiqueta_id) VALUES (1382, 406) ON CONFLICT (tarea_id, etiqueta_id) DO NOTHING;
INSERT INTO fracttaldb.tareas (id, titulo, descripcion, fecha_vencimiento, prioridad, completada, usuario_id, categoria_id, lote) VALUES (1383, 'Task 84 for user 2', 'Description for task 84', '2025-11-26', 1, TRUE, 2, 201, 'lote-1') ON CONFLICT(id) DO NOTHING;
INSERT INTO fracttaldb.tarea_etiquetas (tarea_id, etiqueta_id) VALUES (1383, 405) ON CONFLICT (tarea_id, etiqueta_id) DO NOTHING;
INSERT INTO fracttaldb.tarea_etiquetas (tarea_id, etiqueta_id) VALUES (1383, 406) ON CONFLICT (tarea_id, etiqueta_id) DO NOTHING;
INSERT INTO fracttaldb.tarea_etiquetas (tarea_id, etiqueta_id) VALUES (1383, 401) ON CONFLICT (tarea_id, etiqueta_id) DO NOTHING;
INSERT INTO fracttaldb.tareas (id, titulo, descripcion, fecha_vencimiento, prioridad, completada, usuario_id, categoria_id, lote) VALUES (1384, 'Task 85 for user 2', 'Description for task 85', '2025-10-5', 2, TRUE, 2, 203, 'lote-1') ON CONFLICT(id) DO NOTHING;
INSERT INTO fracttaldb.tarea_etiquetas (tarea_id, etiqueta_id) VALUES (1384, 406) ON CONFLICT (tarea_id, etiqueta_id) DO NOTHING;
INSERT INTO fracttaldb.tarea_etiquetas (tarea_id, etiqueta_id) VALUES (1384, 409) ON CONFLICT (tarea_id, etiqueta_id) DO NOTHING;
INSERT INTO fracttaldb.tarea_etiquetas (tarea_id, etiqueta_id) VALUES (1384, 408) ON CONFLICT (tarea_id, etiqueta_id) DO NOTHING;
INSERT INTO fracttaldb.tareas (id, titulo, descripcion, fecha_vencimiento, prioridad, completada, usuario_id, categoria_id, lote) VALUES (1385, 'Task 86 for user 2', 'Description for task 86', '2025-10-1', 3, FALSE, 2, 207, 'lote-1') ON CONFLICT(id) DO NOTHING;
INSERT INTO fracttaldb.tarea_etiquetas (tarea_id, etiqueta_id) VALUES (1385, 404) ON CONFLICT (tarea_id, etiqueta_id) DO NOTHING;
INSERT INTO fracttaldb.tarea_etiquetas (tarea_id, etiqueta_id) VALUES (1385, 406) ON CONFLICT (tarea_id, etiqueta_id) DO NOTHING;
INSERT INTO fracttaldb.tareas (id, titulo, descripcion, fecha_vencimiento, prioridad, completada, usuario_id, categoria_id, lote) VALUES (1386, 'Task 87 for user 2', 'Description for task 87', '2025-10-23', 2, FALSE, 2, 202, 'lote-1') ON CONFLICT(id) DO NOTHING;
INSERT INTO fracttaldb.tarea_etiquetas (tarea_id, etiqueta_id) VALUES (1386, 406) ON CONFLICT (tarea_id, etiqueta_id) DO NOTHING;
INSERT INTO fracttaldb.tareas (id, titulo, descripcion, fecha_vencimiento, prioridad, completada, usuario_id, categoria_id, lote) VALUES (1387, 'Task 88 for user 2', 'Description for task 88', '2025-12-28', 3, FALSE, 2, 204, 'lote-1') ON CONFLICT(id) DO NOTHING;
INSERT INTO fracttaldb.tarea_etiquetas (tarea_id, etiqueta_id) VALUES (1387, 408) ON CONFLICT (tarea_id, etiqueta_id) DO NOTHING;
INSERT INTO fracttaldb.tarea_etiquetas (tarea_id, etiqueta_id) VALUES (1387, 407) ON CONFLICT (tarea_id, etiqueta_id) DO NOTHING;
INSERT INTO fracttaldb.tarea_etiquetas (tarea_id, etiqueta_id) VALUES (1387, 409) ON CONFLICT (tarea_id, etiqueta_id) DO NOTHING;
INSERT INTO fracttaldb.tareas (id, titulo, descripcion, fecha_vencimiento, prioridad, completada, usuario_id, categoria_id, lote) VALUES (1388, 'Task 89 for user 2', 'Description for task 89', '2025-10-21', 1, TRUE, 2, 206, 'lote-1') ON CONFLICT(id) DO NOTHING;
INSERT INTO fracttaldb.tarea_etiquetas (tarea_id, etiqueta_id) VALUES (1388, 403) ON CONFLICT (tarea_id, etiqueta_id) DO NOTHING;
INSERT INTO fracttaldb.tarea_etiquetas (tarea_id, etiqueta_id) VALUES (1388, 409) ON CONFLICT (tarea_id, etiqueta_id) DO NOTHING;
INSERT INTO fracttaldb.tareas (id, titulo, descripcion, fecha_vencimiento, prioridad, completada, usuario_id, categoria_id, lote) VALUES (1389, 'Task 90 for user 2', 'Description for task 90', '2025-11-9', 3, TRUE, 2, 205, 'lote-1') ON CONFLICT(id) DO NOTHING;
INSERT INTO fracttaldb.tarea_etiquetas (tarea_id, etiqueta_id) VALUES (1389, 402) ON CONFLICT (tarea_id, etiqueta_id) DO NOTHING;
INSERT INTO fracttaldb.tareas (id, titulo, descripcion, fecha_vencimiento, prioridad, completada, usuario_id, categoria_id, lote) VALUES (1390, 'Task 91 for user 2', 'Description for task 91', '2025-12-21', 1, TRUE, 2, 205, 'lote-1') ON CONFLICT(id) DO NOTHING;
INSERT INTO fracttaldb.tarea_etiquetas (tarea_id, etiqueta_id) VALUES (1390, 409) ON CONFLICT (tarea_id, etiqueta_id) DO NOTHING;
INSERT INTO fracttaldb.tarea_etiquetas (tarea_id, etiqueta_id) VALUES (1390, 404) ON CONFLICT (tarea_id, etiqueta_id) DO NOTHING;
INSERT INTO fracttaldb.tarea_etiquetas (tarea_id, etiqueta_id) VALUES (1390, 405) ON CONFLICT (tarea_id, etiqueta_id) DO NOTHING;
INSERT INTO fracttaldb.tareas (id, titulo, descripcion, fecha_vencimiento, prioridad, completada, usuario_id, categoria_id, lote) VALUES (1391, 'Task 92 for user 2', 'Description for task 92', '2025-10-28', 3, FALSE, 2, 207, 'lote-1') ON CONFLICT(id) DO NOTHING;
INSERT INTO fracttaldb.tarea_etiquetas (tarea_id, etiqueta_id) VALUES (1391, 401) ON CONFLICT (tarea_id, etiqueta_id) DO NOTHING;
INSERT INTO fracttaldb.tareas (id, titulo, descripcion, fecha_vencimiento, prioridad, completada, usuario_id, categoria_id, lote) VALUES (1392, 'Task 93 for user 2', 'Description for task 93', '2025-10-22', 3, TRUE, 2, 203, 'lote-1') ON CONFLICT(id) DO NOTHING;
INSERT INTO fracttaldb.tarea_etiquetas (tarea_id, etiqueta_id) VALUES (1392, 402) ON CONFLICT (tarea_id, etiqueta_id) DO NOTHING;
INSERT INTO fracttaldb.tareas (id, titulo, descripcion, fecha_vencimiento, prioridad, completada, usuario_id, categoria_id, lote) VALUES (1393, 'Task 94 for user 2', 'Description for task 94', '2025-12-15', 2, FALSE, 2, 202, 'lote-1') ON CONFLICT(id) DO NOTHING;
INSERT INTO fracttaldb.tarea_etiquetas (tarea_id, etiqueta_id) VALUES (1393, 402) ON CONFLICT (tarea_id, etiqueta_id) DO NOTHING;
INSERT INTO fracttaldb.tarea_etiquetas (tarea_id, etiqueta_id) VALUES (1393, 406) ON CONFLICT (tarea_id, etiqueta_id) DO NOTHING;
INSERT INTO fracttaldb.tarea_etiquetas (tarea_id, etiqueta_id) VALUES (1393, 404) ON CONFLICT (tarea_id, etiqueta_id) DO NOTHING;
INSERT INTO fracttaldb.tareas (id, titulo, descripcion, fecha_vencimiento, prioridad, completada, usuario_id, categoria_id, lote) VALUES (1394, 'Task 95 for user 2', 'Description for task 95', '2025-10-27', 1, TRUE, 2, 203, 'lote-1') ON CONFLICT(id) DO NOTHING;
INSERT INTO fracttaldb.tarea_etiquetas (tarea_id, etiqueta_id) VALUES (1394, 409) ON CONFLICT (tarea_id, etiqueta_id) DO NOTHING;
INSERT INTO fracttaldb.tareas (id, titulo, descripcion, fecha_vencimiento, prioridad, completada, usuario_id, categoria_id, lote) VALUES (1395, 'Task 96 for user 2', 'Description for task 96', '2025-12-26', 1, FALSE, 2, 203, 'lote-1') ON CONFLICT(id) DO NOTHING;
INSERT INTO fracttaldb.tarea_etiquetas (tarea_id, etiqueta_id) VALUES (1395, 408) ON CONFLICT (tarea_id, etiqueta_id) DO NOTHING;
INSERT INTO fracttaldb.tareas (id, titulo, descripcion, fecha_vencimiento, prioridad, completada, usuario_id, categoria_id, lote) VALUES (1396, 'Task 97 for user 2', 'Description for task 97', '2025-10-14', 2, FALSE, 2, 205, 'lote-1') ON CONFLICT(id) DO NOTHING;
INSERT INTO fracttaldb.tarea_etiquetas (tarea_id, etiqueta_id) VALUES (1396, 406) ON CONFLICT (tarea_id, etiqueta_id) DO NOTHING;
INSERT INTO fracttaldb.tarea_etiquetas (tarea_id, etiqueta_id) VALUES (1396, 403) ON CONFLICT (tarea_id, etiqueta_id) DO NOTHING;
INSERT INTO fracttaldb.tarea_etiquetas (tarea_id, etiqueta_id) VALUES (1396, 407) ON CONFLICT (tarea_id, etiqueta_id) DO NOTHING;
INSERT INTO fracttaldb.tareas (id, titulo, descripcion, fecha_vencimiento, prioridad, completada, usuario_id, categoria_id, lote) VALUES (1397, 'Task 98 for user 2', 'Description for task 98', '2025-12-28', 3, FALSE, 2, 202, 'lote-1') ON CONFLICT(id) DO NOTHING;
INSERT INTO fracttaldb.tarea_etiquetas (tarea_id, etiqueta_id) VALUES (1397, 405) ON CONFLICT (tarea_id, etiqueta_id) DO NOTHING;
INSERT INTO fracttaldb.tareas (id, titulo, descripcion, fecha_vencimiento, prioridad, completada, usuario_id, categoria_id, lote) VALUES (1398, 'Task 99 for user 2', 'Description for task 99', '2025-12-22', 2, FALSE, 2, 205, 'lote-1') ON CONFLICT(id) DO NOTHING;
INSERT INTO fracttaldb.tarea_etiquetas (tarea_id, etiqueta_id) VALUES (1398, 409) ON CONFLICT (tarea_id, etiqueta_id) DO NOTHING;
INSERT INTO fracttaldb.tarea_etiquetas (tarea_id, etiqueta_id) VALUES (1398, 405) ON CONFLICT (tarea_id, etiqueta_id) DO NOTHING;
INSERT INTO fracttaldb.tareas (id, titulo, descripcion, fecha_vencimiento, prioridad, completada, usuario_id, categoria_id, lote) VALUES (1399, 'Task 100 for user 2', 'Description for task 100', '2025-10-13', 2, TRUE, 2, 203, 'lote-1') ON CONFLICT(id) DO NOTHING;
INSERT INTO fracttaldb.tarea_etiquetas (tarea_id, etiqueta_id) VALUES (1399, 407) ON CONFLICT (tarea_id, etiqueta_id) DO NOTHING;
INSERT INTO fracttaldb.tarea_etiquetas (tarea_id, etiqueta_id) VALUES (1399, 405) ON CONFLICT (tarea_id, etiqueta_id) DO NOTHING;
INSERT INTO fracttaldb.tareas (id, titulo, descripcion, fecha_vencimiento, prioridad, completada, usuario_id, categoria_id, lote) VALUES (1400, 'Task 101 for user 2', 'Description for task 101', '2025-11-26', 1, FALSE, 2, 202, 'lote-1') ON CONFLICT(id) DO NOTHING;
INSERT INTO fracttaldb.tarea_etiquetas (tarea_id, etiqueta_id) VALUES (1400, 409) ON CONFLICT (tarea_id, etiqueta_id) DO NOTHING;
INSERT INTO fracttaldb.tarea_etiquetas (tarea_id, etiqueta_id) VALUES (1400, 401) ON CONFLICT (tarea_id, etiqueta_id) DO NOTHING;
INSERT INTO fracttaldb.tarea_etiquetas (tarea_id, etiqueta_id) VALUES (1400, 403) ON CONFLICT (tarea_id, etiqueta_id) DO NOTHING;
INSERT INTO fracttaldb.tareas (id, titulo, descripcion, fecha_vencimiento, prioridad, completada, usuario_id, categoria_id, lote) VALUES (1401, 'Task 102 for user 2', 'Description for task 102', '2025-10-18', 3, TRUE, 2, 207, 'lote-1') ON CONFLICT(id) DO NOTHING;
INSERT INTO fracttaldb.tarea_etiquetas (tarea_id, etiqueta_id) VALUES (1401, 405) ON CONFLICT (tarea_id, etiqueta_id) DO NOTHING;
INSERT INTO fracttaldb.tarea_etiquetas (tarea_id, etiqueta_id) VALUES (1401, 408) ON CONFLICT (tarea_id, etiqueta_id) DO NOTHING;
INSERT INTO fracttaldb.tarea_etiquetas (tarea_id, etiqueta_id) VALUES (1401, 406) ON CONFLICT (tarea_id, etiqueta_id) DO NOTHING;
INSERT INTO fracttaldb.tareas (id, titulo, descripcion, fecha_vencimiento, prioridad, completada, usuario_id, categoria_id, lote) VALUES (1402, 'Task 103 for user 2', 'Description for task 103', '2025-11-7', 1, FALSE, 2, 207, 'lote-1') ON CONFLICT(id) DO NOTHING;
INSERT INTO fracttaldb.tarea_etiquetas (tarea_id, etiqueta_id) VALUES (1402, 402) ON CONFLICT (tarea_id, etiqueta_id) DO NOTHING;
INSERT INTO fracttaldb.tareas (id, titulo, descripcion, fecha_vencimiento, prioridad, completada, usuario_id, categoria_id, lote) VALUES (1403, 'Task 104 for user 2', 'Description for task 104', '2025-11-20', 1, TRUE, 2, 207, 'lote-1') ON CONFLICT(id) DO NOTHING;
INSERT INTO fracttaldb.tarea_etiquetas (tarea_id, etiqueta_id) VALUES (1403, 405) ON CONFLICT (tarea_id, etiqueta_id) DO NOTHING;
INSERT INTO fracttaldb.tareas (id, titulo, descripcion, fecha_vencimiento, prioridad, completada, usuario_id, categoria_id, lote) VALUES (1404, 'Task 105 for user 2', 'Description for task 105', '2025-10-27', 3, FALSE, 2, 206, 'lote-1') ON CONFLICT(id) DO NOTHING;
INSERT INTO fracttaldb.tarea_etiquetas (tarea_id, etiqueta_id) VALUES (1404, 404) ON CONFLICT (tarea_id, etiqueta_id) DO NOTHING;
INSERT INTO fracttaldb.tarea_etiquetas (tarea_id, etiqueta_id) VALUES (1404, 402) ON CONFLICT (tarea_id, etiqueta_id) DO NOTHING;
INSERT INTO fracttaldb.tarea_etiquetas (tarea_id, etiqueta_id) VALUES (1404, 408) ON CONFLICT (tarea_id, etiqueta_id) DO NOTHING;
INSERT INTO fracttaldb.tareas (id, titulo, descripcion, fecha_vencimiento, prioridad, completada, usuario_id, categoria_id, lote) VALUES (1405, 'Task 106 for user 2', 'Description for task 106', '2025-10-4', 3, FALSE, 2, 204, 'lote-1') ON CONFLICT(id) DO NOTHING;
INSERT INTO fracttaldb.tarea_etiquetas (tarea_id, etiqueta_id) VALUES (1405, 406) ON CONFLICT (tarea_id, etiqueta_id) DO NOTHING;
INSERT INTO fracttaldb.tarea_etiquetas (tarea_id, etiqueta_id) VALUES (1405, 405) ON CONFLICT (tarea_id, etiqueta_id) DO NOTHING;
INSERT INTO fracttaldb.tareas (id, titulo, descripcion, fecha_vencimiento, prioridad, completada, usuario_id, categoria_id, lote) VALUES (1406, 'Task 107 for user 2', 'Description for task 107', '2025-10-3', 2, FALSE, 2, 206, 'lote-1') ON CONFLICT(id) DO NOTHING;
INSERT INTO fracttaldb.tarea_etiquetas (tarea_id, etiqueta_id) VALUES (1406, 402) ON CONFLICT (tarea_id, etiqueta_id) DO NOTHING;
INSERT INTO fracttaldb.tareas (id, titulo, descripcion, fecha_vencimiento, prioridad, completada, usuario_id, categoria_id, lote) VALUES (1407, 'Task 108 for user 2', 'Description for task 108', '2025-11-13', 2, FALSE, 2, 204, 'lote-1') ON CONFLICT(id) DO NOTHING;
INSERT INTO fracttaldb.tarea_etiquetas (tarea_id, etiqueta_id) VALUES (1407, 402) ON CONFLICT (tarea_id, etiqueta_id) DO NOTHING;
INSERT INTO fracttaldb.tareas (id, titulo, descripcion, fecha_vencimiento, prioridad, completada, usuario_id, categoria_id, lote) VALUES (1408, 'Task 109 for user 2', 'Description for task 109', '2025-11-21', 1, FALSE, 2, 201, 'lote-1') ON CONFLICT(id) DO NOTHING;
INSERT INTO fracttaldb.tarea_etiquetas (tarea_id, etiqueta_id) VALUES (1408, 406) ON CONFLICT (tarea_id, etiqueta_id) DO NOTHING;
INSERT INTO fracttaldb.tareas (id, titulo, descripcion, fecha_vencimiento, prioridad, completada, usuario_id, categoria_id, lote) VALUES (1409, 'Task 110 for user 2', 'Description for task 110', '2025-11-25', 1, FALSE, 2, 203, 'lote-1') ON CONFLICT(id) DO NOTHING;
INSERT INTO fracttaldb.tarea_etiquetas (tarea_id, etiqueta_id) VALUES (1409, 404) ON CONFLICT (tarea_id, etiqueta_id) DO NOTHING;
INSERT INTO fracttaldb.tarea_etiquetas (tarea_id, etiqueta_id) VALUES (1409, 403) ON CONFLICT (tarea_id, etiqueta_id) DO NOTHING;
INSERT INTO fracttaldb.tarea_etiquetas (tarea_id, etiqueta_id) VALUES (1409, 402) ON CONFLICT (tarea_id, etiqueta_id) DO NOTHING;
INSERT INTO fracttaldb.tareas (id, titulo, descripcion, fecha_vencimiento, prioridad, completada, usuario_id, categoria_id, lote) VALUES (1410, 'Task 111 for user 2', 'Description for task 111', '2025-11-22', 3, TRUE, 2, 203, 'lote-1') ON CONFLICT(id) DO NOTHING;
INSERT INTO fracttaldb.tarea_etiquetas (tarea_id, etiqueta_id) VALUES (1410, 402) ON CONFLICT (tarea_id, etiqueta_id) DO NOTHING;
INSERT INTO fracttaldb.tareas (id, titulo, descripcion, fecha_vencimiento, prioridad, completada, usuario_id, categoria_id, lote) VALUES (1411, 'Task 112 for user 2', 'Description for task 112', '2025-11-2', 3, TRUE, 2, 206, 'lote-1') ON CONFLICT(id) DO NOTHING;
INSERT INTO fracttaldb.tarea_etiquetas (tarea_id, etiqueta_id) VALUES (1411, 403) ON CONFLICT (tarea_id, etiqueta_id) DO NOTHING;
INSERT INTO fracttaldb.tarea_etiquetas (tarea_id, etiqueta_id) VALUES (1411, 409) ON CONFLICT (tarea_id, etiqueta_id) DO NOTHING;
INSERT INTO fracttaldb.tareas (id, titulo, descripcion, fecha_vencimiento, prioridad, completada, usuario_id, categoria_id, lote) VALUES (1412, 'Task 113 for user 2', 'Description for task 113', '2025-10-27', 1, FALSE, 2, 201, 'lote-1') ON CONFLICT(id) DO NOTHING;
INSERT INTO fracttaldb.tarea_etiquetas (tarea_id, etiqueta_id) VALUES (1412, 402) ON CONFLICT (tarea_id, etiqueta_id) DO NOTHING;
INSERT INTO fracttaldb.tarea_etiquetas (tarea_id, etiqueta_id) VALUES (1412, 405) ON CONFLICT (tarea_id, etiqueta_id) DO NOTHING;
INSERT INTO fracttaldb.tarea_etiquetas (tarea_id, etiqueta_id) VALUES (1412, 403) ON CONFLICT (tarea_id, etiqueta_id) DO NOTHING;
INSERT INTO fracttaldb.tareas (id, titulo, descripcion, fecha_vencimiento, prioridad, completada, usuario_id, categoria_id, lote) VALUES (1413, 'Task 114 for user 2', 'Description for task 114', '2025-12-19', 3, FALSE, 2, 201, 'lote-1') ON CONFLICT(id) DO NOTHING;
INSERT INTO fracttaldb.tarea_etiquetas (tarea_id, etiqueta_id) VALUES (1413, 407) ON CONFLICT (tarea_id, etiqueta_id) DO NOTHING;
INSERT INTO fracttaldb.tarea_etiquetas (tarea_id, etiqueta_id) VALUES (1413, 401) ON CONFLICT (tarea_id, etiqueta_id) DO NOTHING;
INSERT INTO fracttaldb.tareas (id, titulo, descripcion, fecha_vencimiento, prioridad, completada, usuario_id, categoria_id, lote) VALUES (1414, 'Task 115 for user 2', 'Description for task 115', '2025-12-27', 3, TRUE, 2, 205, 'lote-1') ON CONFLICT(id) DO NOTHING;
INSERT INTO fracttaldb.tarea_etiquetas (tarea_id, etiqueta_id) VALUES (1414, 408) ON CONFLICT (tarea_id, etiqueta_id) DO NOTHING;
INSERT INTO fracttaldb.tareas (id, titulo, descripcion, fecha_vencimiento, prioridad, completada, usuario_id, categoria_id, lote) VALUES (1415, 'Task 116 for user 2', 'Description for task 116', '2025-12-22', 3, FALSE, 2, 201, 'lote-1') ON CONFLICT(id) DO NOTHING;
INSERT INTO fracttaldb.tarea_etiquetas (tarea_id, etiqueta_id) VALUES (1415, 401) ON CONFLICT (tarea_id, etiqueta_id) DO NOTHING;
INSERT INTO fracttaldb.tarea_etiquetas (tarea_id, etiqueta_id) VALUES (1415, 406) ON CONFLICT (tarea_id, etiqueta_id) DO NOTHING;
INSERT INTO fracttaldb.tareas (id, titulo, descripcion, fecha_vencimiento, prioridad, completada, usuario_id, categoria_id, lote) VALUES (1416, 'Task 117 for user 2', 'Description for task 117', '2025-10-3', 3, TRUE, 2, 205, 'lote-1') ON CONFLICT(id) DO NOTHING;
INSERT INTO fracttaldb.tarea_etiquetas (tarea_id, etiqueta_id) VALUES (1416, 406) ON CONFLICT (tarea_id, etiqueta_id) DO NOTHING;
INSERT INTO fracttaldb.tareas (id, titulo, descripcion, fecha_vencimiento, prioridad, completada, usuario_id, categoria_id, lote) VALUES (1417, 'Task 118 for user 2', 'Description for task 118', '2025-11-8', 2, TRUE, 2, 205, 'lote-1') ON CONFLICT(id) DO NOTHING;
INSERT INTO fracttaldb.tarea_etiquetas (tarea_id, etiqueta_id) VALUES (1417, 405) ON CONFLICT (tarea_id, etiqueta_id) DO NOTHING;
INSERT INTO fracttaldb.tarea_etiquetas (tarea_id, etiqueta_id) VALUES (1417, 407) ON CONFLICT (tarea_id, etiqueta_id) DO NOTHING;
INSERT INTO fracttaldb.tareas (id, titulo, descripcion, fecha_vencimiento, prioridad, completada, usuario_id, categoria_id, lote) VALUES (1418, 'Task 119 for user 2', 'Description for task 119', '2025-10-10', 2, TRUE, 2, 201, 'lote-1') ON CONFLICT(id) DO NOTHING;
INSERT INTO fracttaldb.tarea_etiquetas (tarea_id, etiqueta_id) VALUES (1418, 401) ON CONFLICT (tarea_id, etiqueta_id) DO NOTHING;
INSERT INTO fracttaldb.tarea_etiquetas (tarea_id, etiqueta_id) VALUES (1418, 409) ON CONFLICT (tarea_id, etiqueta_id) DO NOTHING;
INSERT INTO fracttaldb.tarea_etiquetas (tarea_id, etiqueta_id) VALUES (1418, 406) ON CONFLICT (tarea_id, etiqueta_id) DO NOTHING;
INSERT INTO fracttaldb.tareas (id, titulo, descripcion, fecha_vencimiento, prioridad, completada, usuario_id, categoria_id, lote) VALUES (1419, 'Task 120 for user 2', 'Description for task 120', '2025-10-4', 1, FALSE, 2, 204, 'lote-1') ON CONFLICT(id) DO NOTHING;
INSERT INTO fracttaldb.tarea_etiquetas (tarea_id, etiqueta_id) VALUES (1419, 409) ON CONFLICT (tarea_id, etiqueta_id) DO NOTHING;
INSERT INTO fracttaldb.tareas (id, titulo, descripcion, fecha_vencimiento, prioridad, completada, usuario_id, categoria_id, lote) VALUES (1420, 'Task 121 for user 2', 'Description for task 121', '2025-10-10', 3, FALSE, 2, 206, 'lote-1') ON CONFLICT(id) DO NOTHING;
INSERT INTO fracttaldb.tarea_etiquetas (tarea_id, etiqueta_id) VALUES (1420, 405) ON CONFLICT (tarea_id, etiqueta_id) DO NOTHING;
INSERT INTO fracttaldb.tarea_etiquetas (tarea_id, etiqueta_id) VALUES (1420, 403) ON CONFLICT (tarea_id, etiqueta_id) DO NOTHING;
INSERT INTO fracttaldb.tarea_etiquetas (tarea_id, etiqueta_id) VALUES (1420, 401) ON CONFLICT (tarea_id, etiqueta_id) DO NOTHING;
INSERT INTO fracttaldb.tareas (id, titulo, descripcion, fecha_vencimiento, prioridad, completada, usuario_id, categoria_id, lote) VALUES (1421, 'Task 122 for user 2', 'Description for task 122', '2025-12-27', 3, FALSE, 2, 207, 'lote-1') ON CONFLICT(id) DO NOTHING;
INSERT INTO fracttaldb.tarea_etiquetas (tarea_id, etiqueta_id) VALUES (1421, 407) ON CONFLICT (tarea_id, etiqueta_id) DO NOTHING;
INSERT INTO fracttaldb.tarea_etiquetas (tarea_id, etiqueta_id) VALUES (1421, 405) ON CONFLICT (tarea_id, etiqueta_id) DO NOTHING;
INSERT INTO fracttaldb.tarea_etiquetas (tarea_id, etiqueta_id) VALUES (1421, 409) ON CONFLICT (tarea_id, etiqueta_id) DO NOTHING;
INSERT INTO fracttaldb.tareas (id, titulo, descripcion, fecha_vencimiento, prioridad, completada, usuario_id, categoria_id, lote) VALUES (1422, 'Task 123 for user 2', 'Description for task 123', '2025-10-27', 2, FALSE, 2, 204, 'lote-1') ON CONFLICT(id) DO NOTHING;
INSERT INTO fracttaldb.tarea_etiquetas (tarea_id, etiqueta_id) VALUES (1422, 403) ON CONFLICT (tarea_id, etiqueta_id) DO NOTHING;
INSERT INTO fracttaldb.tareas (id, titulo, descripcion, fecha_vencimiento, prioridad, completada, usuario_id, categoria_id, lote) VALUES (1423, 'Task 124 for user 2', 'Description for task 124', '2025-10-21', 3, FALSE, 2, 201, 'lote-1') ON CONFLICT(id) DO NOTHING;
INSERT INTO fracttaldb.tarea_etiquetas (tarea_id, etiqueta_id) VALUES (1423, 404) ON CONFLICT (tarea_id, etiqueta_id) DO NOTHING;
INSERT INTO fracttaldb.tareas (id, titulo, descripcion, fecha_vencimiento, prioridad, completada, usuario_id, categoria_id, lote) VALUES (1424, 'Task 125 for user 2', 'Description for task 125', '2025-10-19', 3, FALSE, 2, 204, 'lote-1') ON CONFLICT(id) DO NOTHING;
INSERT INTO fracttaldb.tarea_etiquetas (tarea_id, etiqueta_id) VALUES (1424, 409) ON CONFLICT (tarea_id, etiqueta_id) DO NOTHING;
INSERT INTO fracttaldb.tarea_etiquetas (tarea_id, etiqueta_id) VALUES (1424, 405) ON CONFLICT (tarea_id, etiqueta_id) DO NOTHING;
INSERT INTO fracttaldb.tarea_etiquetas (tarea_id, etiqueta_id) VALUES (1424, 401) ON CONFLICT (tarea_id, etiqueta_id) DO NOTHING;
INSERT INTO fracttaldb.tareas (id, titulo, descripcion, fecha_vencimiento, prioridad, completada, usuario_id, categoria_id, lote) VALUES (1425, 'Task 126 for user 2', 'Description for task 126', '2025-12-21', 1, FALSE, 2, 206, 'lote-1') ON CONFLICT(id) DO NOTHING;
INSERT INTO fracttaldb.tarea_etiquetas (tarea_id, etiqueta_id) VALUES (1425, 406) ON CONFLICT (tarea_id, etiqueta_id) DO NOTHING;
INSERT INTO fracttaldb.tarea_etiquetas (tarea_id, etiqueta_id) VALUES (1425, 403) ON CONFLICT (tarea_id, etiqueta_id) DO NOTHING;
INSERT INTO fracttaldb.tareas (id, titulo, descripcion, fecha_vencimiento, prioridad, completada, usuario_id, categoria_id, lote) VALUES (1426, 'Task 127 for user 2', 'Description for task 127', '2025-12-26', 1, FALSE, 2, 201, 'lote-1') ON CONFLICT(id) DO NOTHING;
INSERT INTO fracttaldb.tarea_etiquetas (tarea_id, etiqueta_id) VALUES (1426, 405) ON CONFLICT (tarea_id, etiqueta_id) DO NOTHING;
INSERT INTO fracttaldb.tareas (id, titulo, descripcion, fecha_vencimiento, prioridad, completada, usuario_id, categoria_id, lote) VALUES (1427, 'Task 128 for user 2', 'Description for task 128', '2025-10-15', 1, FALSE, 2, 206, 'lote-1') ON CONFLICT(id) DO NOTHING;
INSERT INTO fracttaldb.tarea_etiquetas (tarea_id, etiqueta_id) VALUES (1427, 401) ON CONFLICT (tarea_id, etiqueta_id) DO NOTHING;
INSERT INTO fracttaldb.tareas (id, titulo, descripcion, fecha_vencimiento, prioridad, completada, usuario_id, categoria_id, lote) VALUES (1428, 'Task 129 for user 2', 'Description for task 129', '2025-10-28', 3, TRUE, 2, 206, 'lote-1') ON CONFLICT(id) DO NOTHING;
INSERT INTO fracttaldb.tarea_etiquetas (tarea_id, etiqueta_id) VALUES (1428, 401) ON CONFLICT (tarea_id, etiqueta_id) DO NOTHING;
INSERT INTO fracttaldb.tarea_etiquetas (tarea_id, etiqueta_id) VALUES (1428, 407) ON CONFLICT (tarea_id, etiqueta_id) DO NOTHING;
INSERT INTO fracttaldb.tarea_etiquetas (tarea_id, etiqueta_id) VALUES (1428, 409) ON CONFLICT (tarea_id, etiqueta_id) DO NOTHING;
INSERT INTO fracttaldb.tareas (id, titulo, descripcion, fecha_vencimiento, prioridad, completada, usuario_id, categoria_id, lote) VALUES (1429, 'Task 130 for user 2', 'Description for task 130', '2025-11-28', 3, TRUE, 2, 204, 'lote-1') ON CONFLICT(id) DO NOTHING;
INSERT INTO fracttaldb.tarea_etiquetas (tarea_id, etiqueta_id) VALUES (1429, 403) ON CONFLICT (tarea_id, etiqueta_id) DO NOTHING;
INSERT INTO fracttaldb.tarea_etiquetas (tarea_id, etiqueta_id) VALUES (1429, 409) ON CONFLICT (tarea_id, etiqueta_id) DO NOTHING;
INSERT INTO fracttaldb.tarea_etiquetas (tarea_id, etiqueta_id) VALUES (1429, 402) ON CONFLICT (tarea_id, etiqueta_id) DO NOTHING;
INSERT INTO fracttaldb.tareas (id, titulo, descripcion, fecha_vencimiento, prioridad, completada, usuario_id, categoria_id, lote) VALUES (1430, 'Task 131 for user 2', 'Description for task 131', '2025-11-25', 2, TRUE, 2, 205, 'lote-1') ON CONFLICT(id) DO NOTHING;
INSERT INTO fracttaldb.tarea_etiquetas (tarea_id, etiqueta_id) VALUES (1430, 407) ON CONFLICT (tarea_id, etiqueta_id) DO NOTHING;
INSERT INTO fracttaldb.tareas (id, titulo, descripcion, fecha_vencimiento, prioridad, completada, usuario_id, categoria_id, lote) VALUES (1431, 'Task 132 for user 2', 'Description for task 132', '2025-12-14', 3, TRUE, 2, 205, 'lote-1') ON CONFLICT(id) DO NOTHING;
INSERT INTO fracttaldb.tarea_etiquetas (tarea_id, etiqueta_id) VALUES (1431, 402) ON CONFLICT (tarea_id, etiqueta_id) DO NOTHING;
INSERT INTO fracttaldb.tarea_etiquetas (tarea_id, etiqueta_id) VALUES (1431, 403) ON CONFLICT (tarea_id, etiqueta_id) DO NOTHING;
INSERT INTO fracttaldb.tareas (id, titulo, descripcion, fecha_vencimiento, prioridad, completada, usuario_id, categoria_id, lote) VALUES (1432, 'Task 133 for user 2', 'Description for task 133', '2025-10-2', 2, FALSE, 2, 207, 'lote-1') ON CONFLICT(id) DO NOTHING;
INSERT INTO fracttaldb.tarea_etiquetas (tarea_id, etiqueta_id) VALUES (1432, 401) ON CONFLICT (tarea_id, etiqueta_id) DO NOTHING;
INSERT INTO fracttaldb.tarea_etiquetas (tarea_id, etiqueta_id) VALUES (1432, 403) ON CONFLICT (tarea_id, etiqueta_id) DO NOTHING;
INSERT INTO fracttaldb.tarea_etiquetas (tarea_id, etiqueta_id) VALUES (1432, 409) ON CONFLICT (tarea_id, etiqueta_id) DO NOTHING;
INSERT INTO fracttaldb.tareas (id, titulo, descripcion, fecha_vencimiento, prioridad, completada, usuario_id, categoria_id, lote) VALUES (1433, 'Task 134 for user 2', 'Description for task 134', '2025-12-6', 1, FALSE, 2, 207, 'lote-1') ON CONFLICT(id) DO NOTHING;
INSERT INTO fracttaldb.tarea_etiquetas (tarea_id, etiqueta_id) VALUES (1433, 406) ON CONFLICT (tarea_id, etiqueta_id) DO NOTHING;
INSERT INTO fracttaldb.tarea_etiquetas (tarea_id, etiqueta_id) VALUES (1433, 405) ON CONFLICT (tarea_id, etiqueta_id) DO NOTHING;
INSERT INTO fracttaldb.tareas (id, titulo, descripcion, fecha_vencimiento, prioridad, completada, usuario_id, categoria_id, lote) VALUES (1434, 'Task 135 for user 2', 'Description for task 135', '2025-10-5', 2, FALSE, 2, 206, 'lote-1') ON CONFLICT(id) DO NOTHING;
INSERT INTO fracttaldb.tarea_etiquetas (tarea_id, etiqueta_id) VALUES (1434, 403) ON CONFLICT (tarea_id, etiqueta_id) DO NOTHING;
INSERT INTO fracttaldb.tareas (id, titulo, descripcion, fecha_vencimiento, prioridad, completada, usuario_id, categoria_id, lote) VALUES (1435, 'Task 136 for user 2', 'Description for task 136', '2025-12-20', 3, FALSE, 2, 203, 'lote-1') ON CONFLICT(id) DO NOTHING;
INSERT INTO fracttaldb.tarea_etiquetas (tarea_id, etiqueta_id) VALUES (1435, 402) ON CONFLICT (tarea_id, etiqueta_id) DO NOTHING;
INSERT INTO fracttaldb.tarea_etiquetas (tarea_id, etiqueta_id) VALUES (1435, 403) ON CONFLICT (tarea_id, etiqueta_id) DO NOTHING;
INSERT INTO fracttaldb.tarea_etiquetas (tarea_id, etiqueta_id) VALUES (1435, 404) ON CONFLICT (tarea_id, etiqueta_id) DO NOTHING;
INSERT INTO fracttaldb.tareas (id, titulo, descripcion, fecha_vencimiento, prioridad, completada, usuario_id, categoria_id, lote) VALUES (1436, 'Task 137 for user 2', 'Description for task 137', '2025-12-26', 1, FALSE, 2, 204, 'lote-1') ON CONFLICT(id) DO NOTHING;
INSERT INTO fracttaldb.tarea_etiquetas (tarea_id, etiqueta_id) VALUES (1436, 404) ON CONFLICT (tarea_id, etiqueta_id) DO NOTHING;
INSERT INTO fracttaldb.tarea_etiquetas (tarea_id, etiqueta_id) VALUES (1436, 407) ON CONFLICT (tarea_id, etiqueta_id) DO NOTHING;
INSERT INTO fracttaldb.tarea_etiquetas (tarea_id, etiqueta_id) VALUES (1436, 406) ON CONFLICT (tarea_id, etiqueta_id) DO NOTHING;
INSERT INTO fracttaldb.tareas (id, titulo, descripcion, fecha_vencimiento, prioridad, completada, usuario_id, categoria_id, lote) VALUES (1437, 'Task 138 for user 2', 'Description for task 138', '2025-10-14', 3, FALSE, 2, 202, 'lote-1') ON CONFLICT(id) DO NOTHING;
INSERT INTO fracttaldb.tarea_etiquetas (tarea_id, etiqueta_id) VALUES (1437, 401) ON CONFLICT (tarea_id, etiqueta_id) DO NOTHING;
INSERT INTO fracttaldb.tareas (id, titulo, descripcion, fecha_vencimiento, prioridad, completada, usuario_id, categoria_id, lote) VALUES (1438, 'Task 139 for user 2', 'Description for task 139', '2025-12-20', 2, FALSE, 2, 207, 'lote-1') ON CONFLICT(id) DO NOTHING;
INSERT INTO fracttaldb.tarea_etiquetas (tarea_id, etiqueta_id) VALUES (1438, 409) ON CONFLICT (tarea_id, etiqueta_id) DO NOTHING;
INSERT INTO fracttaldb.tareas (id, titulo, descripcion, fecha_vencimiento, prioridad, completada, usuario_id, categoria_id, lote) VALUES (1439, 'Task 140 for user 2', 'Description for task 140', '2025-10-12', 3, FALSE, 2, 205, 'lote-1') ON CONFLICT(id) DO NOTHING;
INSERT INTO fracttaldb.tarea_etiquetas (tarea_id, etiqueta_id) VALUES (1439, 403) ON CONFLICT (tarea_id, etiqueta_id) DO NOTHING;
INSERT INTO fracttaldb.tarea_etiquetas (tarea_id, etiqueta_id) VALUES (1439, 409) ON CONFLICT (tarea_id, etiqueta_id) DO NOTHING;
INSERT INTO fracttaldb.tareas (id, titulo, descripcion, fecha_vencimiento, prioridad, completada, usuario_id, categoria_id, lote) VALUES (1440, 'Task 141 for user 2', 'Description for task 141', '2025-10-25', 1, FALSE, 2, 207, 'lote-1') ON CONFLICT(id) DO NOTHING;
INSERT INTO fracttaldb.tarea_etiquetas (tarea_id, etiqueta_id) VALUES (1440, 403) ON CONFLICT (tarea_id, etiqueta_id) DO NOTHING;
INSERT INTO fracttaldb.tarea_etiquetas (tarea_id, etiqueta_id) VALUES (1440, 409) ON CONFLICT (tarea_id, etiqueta_id) DO NOTHING;
INSERT INTO fracttaldb.tarea_etiquetas (tarea_id, etiqueta_id) VALUES (1440, 407) ON CONFLICT (tarea_id, etiqueta_id) DO NOTHING;
INSERT INTO fracttaldb.tareas (id, titulo, descripcion, fecha_vencimiento, prioridad, completada, usuario_id, categoria_id, lote) VALUES (1441, 'Task 142 for user 2', 'Description for task 142', '2025-12-12', 2, FALSE, 2, 203, 'lote-1') ON CONFLICT(id) DO NOTHING;
INSERT INTO fracttaldb.tarea_etiquetas (tarea_id, etiqueta_id) VALUES (1441, 404) ON CONFLICT (tarea_id, etiqueta_id) DO NOTHING;
INSERT INTO fracttaldb.tareas (id, titulo, descripcion, fecha_vencimiento, prioridad, completada, usuario_id, categoria_id, lote) VALUES (1442, 'Task 143 for user 2', 'Description for task 143', '2025-11-6', 3, TRUE, 2, 202, 'lote-1') ON CONFLICT(id) DO NOTHING;
INSERT INTO fracttaldb.tarea_etiquetas (tarea_id, etiqueta_id) VALUES (1442, 408) ON CONFLICT (tarea_id, etiqueta_id) DO NOTHING;
INSERT INTO fracttaldb.tarea_etiquetas (tarea_id, etiqueta_id) VALUES (1442, 407) ON CONFLICT (tarea_id, etiqueta_id) DO NOTHING;
INSERT INTO fracttaldb.tarea_etiquetas (tarea_id, etiqueta_id) VALUES (1442, 402) ON CONFLICT (tarea_id, etiqueta_id) DO NOTHING;
INSERT INTO fracttaldb.tareas (id, titulo, descripcion, fecha_vencimiento, prioridad, completada, usuario_id, categoria_id, lote) VALUES (1443, 'Task 144 for user 2', 'Description for task 144', '2025-10-4', 3, TRUE, 2, 204, 'lote-1') ON CONFLICT(id) DO NOTHING;
INSERT INTO fracttaldb.tarea_etiquetas (tarea_id, etiqueta_id) VALUES (1443, 408) ON CONFLICT (tarea_id, etiqueta_id) DO NOTHING;
INSERT INTO fracttaldb.tarea_etiquetas (tarea_id, etiqueta_id) VALUES (1443, 407) ON CONFLICT (tarea_id, etiqueta_id) DO NOTHING;
INSERT INTO fracttaldb.tarea_etiquetas (tarea_id, etiqueta_id) VALUES (1443, 403) ON CONFLICT (tarea_id, etiqueta_id) DO NOTHING;
INSERT INTO fracttaldb.tareas (id, titulo, descripcion, fecha_vencimiento, prioridad, completada, usuario_id, categoria_id, lote) VALUES (1444, 'Task 145 for user 2', 'Description for task 145', '2025-11-20', 1, TRUE, 2, 203, 'lote-1') ON CONFLICT(id) DO NOTHING;
INSERT INTO fracttaldb.tarea_etiquetas (tarea_id, etiqueta_id) VALUES (1444, 408) ON CONFLICT (tarea_id, etiqueta_id) DO NOTHING;
INSERT INTO fracttaldb.tarea_etiquetas (tarea_id, etiqueta_id) VALUES (1444, 403) ON CONFLICT (tarea_id, etiqueta_id) DO NOTHING;
INSERT INTO fracttaldb.tareas (id, titulo, descripcion, fecha_vencimiento, prioridad, completada, usuario_id, categoria_id, lote) VALUES (1445, 'Task 146 for user 2', 'Description for task 146', '2025-11-16', 2, FALSE, 2, 205, 'lote-1') ON CONFLICT(id) DO NOTHING;
INSERT INTO fracttaldb.tarea_etiquetas (tarea_id, etiqueta_id) VALUES (1445, 406) ON CONFLICT (tarea_id, etiqueta_id) DO NOTHING;
INSERT INTO fracttaldb.tareas (id, titulo, descripcion, fecha_vencimiento, prioridad, completada, usuario_id, categoria_id, lote) VALUES (1446, 'Task 147 for user 2', 'Description for task 147', '2025-12-10', 1, FALSE, 2, 203, 'lote-1') ON CONFLICT(id) DO NOTHING;
INSERT INTO fracttaldb.tarea_etiquetas (tarea_id, etiqueta_id) VALUES (1446, 403) ON CONFLICT (tarea_id, etiqueta_id) DO NOTHING;
INSERT INTO fracttaldb.tarea_etiquetas (tarea_id, etiqueta_id) VALUES (1446, 407) ON CONFLICT (tarea_id, etiqueta_id) DO NOTHING;
INSERT INTO fracttaldb.tarea_etiquetas (tarea_id, etiqueta_id) VALUES (1446, 406) ON CONFLICT (tarea_id, etiqueta_id) DO NOTHING;
INSERT INTO fracttaldb.tareas (id, titulo, descripcion, fecha_vencimiento, prioridad, completada, usuario_id, categoria_id, lote) VALUES (1447, 'Task 148 for user 2', 'Description for task 148', '2025-11-4', 1, TRUE, 2, 202, 'lote-1') ON CONFLICT(id) DO NOTHING;
INSERT INTO fracttaldb.tarea_etiquetas (tarea_id, etiqueta_id) VALUES (1447, 409) ON CONFLICT (tarea_id, etiqueta_id) DO NOTHING;
INSERT INTO fracttaldb.tareas (id, titulo, descripcion, fecha_vencimiento, prioridad, completada, usuario_id, categoria_id, lote) VALUES (1448, 'Task 149 for user 2', 'Description for task 149', '2025-11-26', 1, FALSE, 2, 206, 'lote-1') ON CONFLICT(id) DO NOTHING;
INSERT INTO fracttaldb.tarea_etiquetas (tarea_id, etiqueta_id) VALUES (1448, 405) ON CONFLICT (tarea_id, etiqueta_id) DO NOTHING;
INSERT INTO fracttaldb.tarea_etiquetas (tarea_id, etiqueta_id) VALUES (1448, 406) ON CONFLICT (tarea_id, etiqueta_id) DO NOTHING;
INSERT INTO fracttaldb.tarea_etiquetas (tarea_id, etiqueta_id) VALUES (1448, 407) ON CONFLICT (tarea_id, etiqueta_id) DO NOTHING;
INSERT INTO fracttaldb.tareas (id, titulo, descripcion, fecha_vencimiento, prioridad, completada, usuario_id, categoria_id, lote) VALUES (1449, 'Task 150 for user 2', 'Description for task 150', '2025-12-24', 2, FALSE, 2, 203, 'lote-1') ON CONFLICT(id) DO NOTHING;
INSERT INTO fracttaldb.tarea_etiquetas (tarea_id, etiqueta_id) VALUES (1449, 403) ON CONFLICT (tarea_id, etiqueta_id) DO NOTHING;
INSERT INTO fracttaldb.tareas (id, titulo, descripcion, fecha_vencimiento, prioridad, completada, usuario_id, categoria_id, lote) VALUES (1450, 'Task 151 for user 2', 'Description for task 151', '2025-12-19', 2, FALSE, 2, 206, 'lote-2') ON CONFLICT(id) DO NOTHING;
INSERT INTO fracttaldb.tarea_etiquetas (tarea_id, etiqueta_id) VALUES (1450, 401) ON CONFLICT (tarea_id, etiqueta_id) DO NOTHING;
INSERT INTO fracttaldb.tareas (id, titulo, descripcion, fecha_vencimiento, prioridad, completada, usuario_id, categoria_id, lote) VALUES (1451, 'Task 152 for user 2', 'Description for task 152', '2025-11-17', 3, FALSE, 2, 204, 'lote-2') ON CONFLICT(id) DO NOTHING;
INSERT INTO fracttaldb.tarea_etiquetas (tarea_id, etiqueta_id) VALUES (1451, 408) ON CONFLICT (tarea_id, etiqueta_id) DO NOTHING;
INSERT INTO fracttaldb.tarea_etiquetas (tarea_id, etiqueta_id) VALUES (1451, 402) ON CONFLICT (tarea_id, etiqueta_id) DO NOTHING;
INSERT INTO fracttaldb.tarea_etiquetas (tarea_id, etiqueta_id) VALUES (1451, 406) ON CONFLICT (tarea_id, etiqueta_id) DO NOTHING;
INSERT INTO fracttaldb.tareas (id, titulo, descripcion, fecha_vencimiento, prioridad, completada, usuario_id, categoria_id, lote) VALUES (1452, 'Task 153 for user 2', 'Description for task 153', '2025-11-6', 3, FALSE, 2, 201, 'lote-2') ON CONFLICT(id) DO NOTHING;
INSERT INTO fracttaldb.tarea_etiquetas (tarea_id, etiqueta_id) VALUES (1452, 407) ON CONFLICT (tarea_id, etiqueta_id) DO NOTHING;
INSERT INTO fracttaldb.tarea_etiquetas (tarea_id, etiqueta_id) VALUES (1452, 409) ON CONFLICT (tarea_id, etiqueta_id) DO NOTHING;
INSERT INTO fracttaldb.tareas (id, titulo, descripcion, fecha_vencimiento, prioridad, completada, usuario_id, categoria_id, lote) VALUES (1453, 'Task 154 for user 2', 'Description for task 154', '2025-12-7', 1, TRUE, 2, 202, 'lote-2') ON CONFLICT(id) DO NOTHING;
INSERT INTO fracttaldb.tarea_etiquetas (tarea_id, etiqueta_id) VALUES (1453, 406) ON CONFLICT (tarea_id, etiqueta_id) DO NOTHING;
INSERT INTO fracttaldb.tarea_etiquetas (tarea_id, etiqueta_id) VALUES (1453, 408) ON CONFLICT (tarea_id, etiqueta_id) DO NOTHING;
INSERT INTO fracttaldb.tareas (id, titulo, descripcion, fecha_vencimiento, prioridad, completada, usuario_id, categoria_id, lote) VALUES (1454, 'Task 155 for user 2', 'Description for task 155', '2025-10-28', 1, FALSE, 2, 202, 'lote-2') ON CONFLICT(id) DO NOTHING;
INSERT INTO fracttaldb.tarea_etiquetas (tarea_id, etiqueta_id) VALUES (1454, 403) ON CONFLICT (tarea_id, etiqueta_id) DO NOTHING;
INSERT INTO fracttaldb.tareas (id, titulo, descripcion, fecha_vencimiento, prioridad, completada, usuario_id, categoria_id, lote) VALUES (1455, 'Task 156 for user 2', 'Description for task 156', '2025-11-28', 3, FALSE, 2, 205, 'lote-2') ON CONFLICT(id) DO NOTHING;
INSERT INTO fracttaldb.tarea_etiquetas (tarea_id, etiqueta_id) VALUES (1455, 406) ON CONFLICT (tarea_id, etiqueta_id) DO NOTHING;
INSERT INTO fracttaldb.tarea_etiquetas (tarea_id, etiqueta_id) VALUES (1455, 408) ON CONFLICT (tarea_id, etiqueta_id) DO NOTHING;
INSERT INTO fracttaldb.tarea_etiquetas (tarea_id, etiqueta_id) VALUES (1455, 401) ON CONFLICT (tarea_id, etiqueta_id) DO NOTHING;
INSERT INTO fracttaldb.tareas (id, titulo, descripcion, fecha_vencimiento, prioridad, completada, usuario_id, categoria_id, lote) VALUES (1456, 'Task 157 for user 2', 'Description for task 157', '2025-10-27', 1, FALSE, 2, 207, 'lote-2') ON CONFLICT(id) DO NOTHING;
INSERT INTO fracttaldb.tarea_etiquetas (tarea_id, etiqueta_id) VALUES (1456, 402) ON CONFLICT (tarea_id, etiqueta_id) DO NOTHING;
INSERT INTO fracttaldb.tarea_etiquetas (tarea_id, etiqueta_id) VALUES (1456, 405) ON CONFLICT (tarea_id, etiqueta_id) DO NOTHING;
INSERT INTO fracttaldb.tarea_etiquetas (tarea_id, etiqueta_id) VALUES (1456, 408) ON CONFLICT (tarea_id, etiqueta_id) DO NOTHING;
INSERT INTO fracttaldb.tareas (id, titulo, descripcion, fecha_vencimiento, prioridad, completada, usuario_id, categoria_id, lote) VALUES (1457, 'Task 158 for user 2', 'Description for task 158', '2025-11-27', 1, TRUE, 2, 207, 'lote-2') ON CONFLICT(id) DO NOTHING;
INSERT INTO fracttaldb.tarea_etiquetas (tarea_id, etiqueta_id) VALUES (1457, 402) ON CONFLICT (tarea_id, etiqueta_id) DO NOTHING;
INSERT INTO fracttaldb.tarea_etiquetas (tarea_id, etiqueta_id) VALUES (1457, 403) ON CONFLICT (tarea_id, etiqueta_id) DO NOTHING;
INSERT INTO fracttaldb.tareas (id, titulo, descripcion, fecha_vencimiento, prioridad, completada, usuario_id, categoria_id, lote) VALUES (1458, 'Task 159 for user 2', 'Description for task 159', '2025-10-15', 2, FALSE, 2, 205, 'lote-2') ON CONFLICT(id) DO NOTHING;
INSERT INTO fracttaldb.tarea_etiquetas (tarea_id, etiqueta_id) VALUES (1458, 407) ON CONFLICT (tarea_id, etiqueta_id) DO NOTHING;
INSERT INTO fracttaldb.tarea_etiquetas (tarea_id, etiqueta_id) VALUES (1458, 404) ON CONFLICT (tarea_id, etiqueta_id) DO NOTHING;
INSERT INTO fracttaldb.tarea_etiquetas (tarea_id, etiqueta_id) VALUES (1458, 408) ON CONFLICT (tarea_id, etiqueta_id) DO NOTHING;
INSERT INTO fracttaldb.tareas (id, titulo, descripcion, fecha_vencimiento, prioridad, completada, usuario_id, categoria_id, lote) VALUES (1459, 'Task 160 for user 2', 'Description for task 160', '2025-10-13', 1, TRUE, 2, 204, 'lote-2') ON CONFLICT(id) DO NOTHING;
INSERT INTO fracttaldb.tarea_etiquetas (tarea_id, etiqueta_id) VALUES (1459, 404) ON CONFLICT (tarea_id, etiqueta_id) DO NOTHING;
INSERT INTO fracttaldb.tareas (id, titulo, descripcion, fecha_vencimiento, prioridad, completada, usuario_id, categoria_id, lote) VALUES (1460, 'Task 161 for user 2', 'Description for task 161', '2025-11-23', 3, TRUE, 2, 205, 'lote-2') ON CONFLICT(id) DO NOTHING;
INSERT INTO fracttaldb.tarea_etiquetas (tarea_id, etiqueta_id) VALUES (1460, 405) ON CONFLICT (tarea_id, etiqueta_id) DO NOTHING;
INSERT INTO fracttaldb.tareas (id, titulo, descripcion, fecha_vencimiento, prioridad, completada, usuario_id, categoria_id, lote) VALUES (1461, 'Task 162 for user 2', 'Description for task 162', '2025-10-28', 2, FALSE, 2, 205, 'lote-2') ON CONFLICT(id) DO NOTHING;
INSERT INTO fracttaldb.tarea_etiquetas (tarea_id, etiqueta_id) VALUES (1461, 402) ON CONFLICT (tarea_id, etiqueta_id) DO NOTHING;
INSERT INTO fracttaldb.tarea_etiquetas (tarea_id, etiqueta_id) VALUES (1461, 408) ON CONFLICT (tarea_id, etiqueta_id) DO NOTHING;
INSERT INTO fracttaldb.tarea_etiquetas (tarea_id, etiqueta_id) VALUES (1461, 404) ON CONFLICT (tarea_id, etiqueta_id) DO NOTHING;
INSERT INTO fracttaldb.tareas (id, titulo, descripcion, fecha_vencimiento, prioridad, completada, usuario_id, categoria_id, lote) VALUES (1462, 'Task 163 for user 2', 'Description for task 163', '2025-12-23', 3, TRUE, 2, 202, 'lote-2') ON CONFLICT(id) DO NOTHING;
INSERT INTO fracttaldb.tarea_etiquetas (tarea_id, etiqueta_id) VALUES (1462, 407) ON CONFLICT (tarea_id, etiqueta_id) DO NOTHING;
INSERT INTO fracttaldb.tareas (id, titulo, descripcion, fecha_vencimiento, prioridad, completada, usuario_id, categoria_id, lote) VALUES (1463, 'Task 164 for user 2', 'Description for task 164', '2025-12-7', 3, TRUE, 2, 204, 'lote-2') ON CONFLICT(id) DO NOTHING;
INSERT INTO fracttaldb.tarea_etiquetas (tarea_id, etiqueta_id) VALUES (1463, 405) ON CONFLICT (tarea_id, etiqueta_id) DO NOTHING;
INSERT INTO fracttaldb.tareas (id, titulo, descripcion, fecha_vencimiento, prioridad, completada, usuario_id, categoria_id, lote) VALUES (1464, 'Task 165 for user 2', 'Description for task 165', '2025-10-21', 1, FALSE, 2, 206, 'lote-2') ON CONFLICT(id) DO NOTHING;
INSERT INTO fracttaldb.tarea_etiquetas (tarea_id, etiqueta_id) VALUES (1464, 401) ON CONFLICT (tarea_id, etiqueta_id) DO NOTHING;
INSERT INTO fracttaldb.tarea_etiquetas (tarea_id, etiqueta_id) VALUES (1464, 404) ON CONFLICT (tarea_id, etiqueta_id) DO NOTHING;
INSERT INTO fracttaldb.tareas (id, titulo, descripcion, fecha_vencimiento, prioridad, completada, usuario_id, categoria_id, lote) VALUES (1465, 'Task 166 for user 2', 'Description for task 166', '2025-10-4', 2, TRUE, 2, 207, 'lote-2') ON CONFLICT(id) DO NOTHING;
INSERT INTO fracttaldb.tarea_etiquetas (tarea_id, etiqueta_id) VALUES (1465, 406) ON CONFLICT (tarea_id, etiqueta_id) DO NOTHING;
INSERT INTO fracttaldb.tareas (id, titulo, descripcion, fecha_vencimiento, prioridad, completada, usuario_id, categoria_id, lote) VALUES (1466, 'Task 167 for user 2', 'Description for task 167', '2025-10-20', 2, TRUE, 2, 201, 'lote-2') ON CONFLICT(id) DO NOTHING;
INSERT INTO fracttaldb.tarea_etiquetas (tarea_id, etiqueta_id) VALUES (1466, 402) ON CONFLICT (tarea_id, etiqueta_id) DO NOTHING;
INSERT INTO fracttaldb.tarea_etiquetas (tarea_id, etiqueta_id) VALUES (1466, 405) ON CONFLICT (tarea_id, etiqueta_id) DO NOTHING;
INSERT INTO fracttaldb.tarea_etiquetas (tarea_id, etiqueta_id) VALUES (1466, 401) ON CONFLICT (tarea_id, etiqueta_id) DO NOTHING;
INSERT INTO fracttaldb.tareas (id, titulo, descripcion, fecha_vencimiento, prioridad, completada, usuario_id, categoria_id, lote) VALUES (1467, 'Task 168 for user 2', 'Description for task 168', '2025-10-5', 3, FALSE, 2, 207, 'lote-2') ON CONFLICT(id) DO NOTHING;
INSERT INTO fracttaldb.tarea_etiquetas (tarea_id, etiqueta_id) VALUES (1467, 401) ON CONFLICT (tarea_id, etiqueta_id) DO NOTHING;
INSERT INTO fracttaldb.tareas (id, titulo, descripcion, fecha_vencimiento, prioridad, completada, usuario_id, categoria_id, lote) VALUES (1468, 'Task 169 for user 2', 'Description for task 169', '2025-10-1', 3, FALSE, 2, 203, 'lote-2') ON CONFLICT(id) DO NOTHING;
INSERT INTO fracttaldb.tarea_etiquetas (tarea_id, etiqueta_id) VALUES (1468, 407) ON CONFLICT (tarea_id, etiqueta_id) DO NOTHING;
INSERT INTO fracttaldb.tarea_etiquetas (tarea_id, etiqueta_id) VALUES (1468, 403) ON CONFLICT (tarea_id, etiqueta_id) DO NOTHING;
INSERT INTO fracttaldb.tareas (id, titulo, descripcion, fecha_vencimiento, prioridad, completada, usuario_id, categoria_id, lote) VALUES (1469, 'Task 170 for user 2', 'Description for task 170', '2025-10-26', 1, FALSE, 2, 202, 'lote-2') ON CONFLICT(id) DO NOTHING;
INSERT INTO fracttaldb.tarea_etiquetas (tarea_id, etiqueta_id) VALUES (1469, 402) ON CONFLICT (tarea_id, etiqueta_id) DO NOTHING;
INSERT INTO fracttaldb.tarea_etiquetas (tarea_id, etiqueta_id) VALUES (1469, 404) ON CONFLICT (tarea_id, etiqueta_id) DO NOTHING;
INSERT INTO fracttaldb.tarea_etiquetas (tarea_id, etiqueta_id) VALUES (1469, 406) ON CONFLICT (tarea_id, etiqueta_id) DO NOTHING;
INSERT INTO fracttaldb.tareas (id, titulo, descripcion, fecha_vencimiento, prioridad, completada, usuario_id, categoria_id, lote) VALUES (1470, 'Task 171 for user 2', 'Description for task 171', '2025-11-5', 1, FALSE, 2, 201, 'lote-2') ON CONFLICT(id) DO NOTHING;
INSERT INTO fracttaldb.tarea_etiquetas (tarea_id, etiqueta_id) VALUES (1470, 409) ON CONFLICT (tarea_id, etiqueta_id) DO NOTHING;
INSERT INTO fracttaldb.tarea_etiquetas (tarea_id, etiqueta_id) VALUES (1470, 404) ON CONFLICT (tarea_id, etiqueta_id) DO NOTHING;
INSERT INTO fracttaldb.tarea_etiquetas (tarea_id, etiqueta_id) VALUES (1470, 405) ON CONFLICT (tarea_id, etiqueta_id) DO NOTHING;
INSERT INTO fracttaldb.tareas (id, titulo, descripcion, fecha_vencimiento, prioridad, completada, usuario_id, categoria_id, lote) VALUES (1471, 'Task 172 for user 2', 'Description for task 172', '2025-11-21', 2, TRUE, 2, 205, 'lote-2') ON CONFLICT(id) DO NOTHING;
INSERT INTO fracttaldb.tarea_etiquetas (tarea_id, etiqueta_id) VALUES (1471, 405) ON CONFLICT (tarea_id, etiqueta_id) DO NOTHING;
INSERT INTO fracttaldb.tarea_etiquetas (tarea_id, etiqueta_id) VALUES (1471, 401) ON CONFLICT (tarea_id, etiqueta_id) DO NOTHING;
INSERT INTO fracttaldb.tarea_etiquetas (tarea_id, etiqueta_id) VALUES (1471, 406) ON CONFLICT (tarea_id, etiqueta_id) DO NOTHING;
INSERT INTO fracttaldb.tareas (id, titulo, descripcion, fecha_vencimiento, prioridad, completada, usuario_id, categoria_id, lote) VALUES (1472, 'Task 173 for user 2', 'Description for task 173', '2025-11-25', 2, FALSE, 2, 205, 'lote-2') ON CONFLICT(id) DO NOTHING;
INSERT INTO fracttaldb.tarea_etiquetas (tarea_id, etiqueta_id) VALUES (1472, 405) ON CONFLICT (tarea_id, etiqueta_id) DO NOTHING;
INSERT INTO fracttaldb.tareas (id, titulo, descripcion, fecha_vencimiento, prioridad, completada, usuario_id, categoria_id, lote) VALUES (1473, 'Task 174 for user 2', 'Description for task 174', '2025-12-15', 1, TRUE, 2, 203, 'lote-2') ON CONFLICT(id) DO NOTHING;
INSERT INTO fracttaldb.tarea_etiquetas (tarea_id, etiqueta_id) VALUES (1473, 401) ON CONFLICT (tarea_id, etiqueta_id) DO NOTHING;
INSERT INTO fracttaldb.tareas (id, titulo, descripcion, fecha_vencimiento, prioridad, completada, usuario_id, categoria_id, lote) VALUES (1474, 'Task 175 for user 2', 'Description for task 175', '2025-10-3', 1, TRUE, 2, 207, 'lote-2') ON CONFLICT(id) DO NOTHING;
INSERT INTO fracttaldb.tarea_etiquetas (tarea_id, etiqueta_id) VALUES (1474, 403) ON CONFLICT (tarea_id, etiqueta_id) DO NOTHING;
INSERT INTO fracttaldb.tarea_etiquetas (tarea_id, etiqueta_id) VALUES (1474, 407) ON CONFLICT (tarea_id, etiqueta_id) DO NOTHING;
INSERT INTO fracttaldb.tarea_etiquetas (tarea_id, etiqueta_id) VALUES (1474, 409) ON CONFLICT (tarea_id, etiqueta_id) DO NOTHING;
INSERT INTO fracttaldb.tareas (id, titulo, descripcion, fecha_vencimiento, prioridad, completada, usuario_id, categoria_id, lote) VALUES (1475, 'Task 176 for user 2', 'Description for task 176', '2025-12-1', 3, FALSE, 2, 202, 'lote-2') ON CONFLICT(id) DO NOTHING;
INSERT INTO fracttaldb.tarea_etiquetas (tarea_id, etiqueta_id) VALUES (1475, 405) ON CONFLICT (tarea_id, etiqueta_id) DO NOTHING;
INSERT INTO fracttaldb.tarea_etiquetas (tarea_id, etiqueta_id) VALUES (1475, 406) ON CONFLICT (tarea_id, etiqueta_id) DO NOTHING;
INSERT INTO fracttaldb.tarea_etiquetas (tarea_id, etiqueta_id) VALUES (1475, 408) ON CONFLICT (tarea_id, etiqueta_id) DO NOTHING;
INSERT INTO fracttaldb.tareas (id, titulo, descripcion, fecha_vencimiento, prioridad, completada, usuario_id, categoria_id, lote) VALUES (1476, 'Task 177 for user 2', 'Description for task 177', '2025-10-25', 3, TRUE, 2, 204, 'lote-2') ON CONFLICT(id) DO NOTHING;
INSERT INTO fracttaldb.tarea_etiquetas (tarea_id, etiqueta_id) VALUES (1476, 402) ON CONFLICT (tarea_id, etiqueta_id) DO NOTHING;
INSERT INTO fracttaldb.tareas (id, titulo, descripcion, fecha_vencimiento, prioridad, completada, usuario_id, categoria_id, lote) VALUES (1477, 'Task 178 for user 2', 'Description for task 178', '2025-10-21', 1, FALSE, 2, 204, 'lote-2') ON CONFLICT(id) DO NOTHING;
INSERT INTO fracttaldb.tarea_etiquetas (tarea_id, etiqueta_id) VALUES (1477, 409) ON CONFLICT (tarea_id, etiqueta_id) DO NOTHING;
INSERT INTO fracttaldb.tarea_etiquetas (tarea_id, etiqueta_id) VALUES (1477, 406) ON CONFLICT (tarea_id, etiqueta_id) DO NOTHING;
INSERT INTO fracttaldb.tarea_etiquetas (tarea_id, etiqueta_id) VALUES (1477, 408) ON CONFLICT (tarea_id, etiqueta_id) DO NOTHING;
INSERT INTO fracttaldb.tareas (id, titulo, descripcion, fecha_vencimiento, prioridad, completada, usuario_id, categoria_id, lote) VALUES (1478, 'Task 179 for user 2', 'Description for task 179', '2025-10-22', 2, FALSE, 2, 206, 'lote-2') ON CONFLICT(id) DO NOTHING;
INSERT INTO fracttaldb.tarea_etiquetas (tarea_id, etiqueta_id) VALUES (1478, 401) ON CONFLICT (tarea_id, etiqueta_id) DO NOTHING;
INSERT INTO fracttaldb.tarea_etiquetas (tarea_id, etiqueta_id) VALUES (1478, 407) ON CONFLICT (tarea_id, etiqueta_id) DO NOTHING;
INSERT INTO fracttaldb.tareas (id, titulo, descripcion, fecha_vencimiento, prioridad, completada, usuario_id, categoria_id, lote) VALUES (1479, 'Task 180 for user 2', 'Description for task 180', '2025-12-14', 3, FALSE, 2, 205, 'lote-2') ON CONFLICT(id) DO NOTHING;
INSERT INTO fracttaldb.tarea_etiquetas (tarea_id, etiqueta_id) VALUES (1479, 405) ON CONFLICT (tarea_id, etiqueta_id) DO NOTHING;
INSERT INTO fracttaldb.tarea_etiquetas (tarea_id, etiqueta_id) VALUES (1479, 409) ON CONFLICT (tarea_id, etiqueta_id) DO NOTHING;
INSERT INTO fracttaldb.tareas (id, titulo, descripcion, fecha_vencimiento, prioridad, completada, usuario_id, categoria_id, lote) VALUES (1480, 'Task 181 for user 2', 'Description for task 181', '2025-11-17', 3, TRUE, 2, 204, 'lote-2') ON CONFLICT(id) DO NOTHING;
INSERT INTO fracttaldb.tarea_etiquetas (tarea_id, etiqueta_id) VALUES (1480, 401) ON CONFLICT (tarea_id, etiqueta_id) DO NOTHING;
INSERT INTO fracttaldb.tareas (id, titulo, descripcion, fecha_vencimiento, prioridad, completada, usuario_id, categoria_id, lote) VALUES (1481, 'Task 182 for user 2', 'Description for task 182', '2025-12-20', 3, TRUE, 2, 203, 'lote-2') ON CONFLICT(id) DO NOTHING;
INSERT INTO fracttaldb.tarea_etiquetas (tarea_id, etiqueta_id) VALUES (1481, 408) ON CONFLICT (tarea_id, etiqueta_id) DO NOTHING;
INSERT INTO fracttaldb.tareas (id, titulo, descripcion, fecha_vencimiento, prioridad, completada, usuario_id, categoria_id, lote) VALUES (1482, 'Task 183 for user 2', 'Description for task 183', '2025-10-6', 1, FALSE, 2, 207, 'lote-2') ON CONFLICT(id) DO NOTHING;
INSERT INTO fracttaldb.tarea_etiquetas (tarea_id, etiqueta_id) VALUES (1482, 404) ON CONFLICT (tarea_id, etiqueta_id) DO NOTHING;
INSERT INTO fracttaldb.tarea_etiquetas (tarea_id, etiqueta_id) VALUES (1482, 403) ON CONFLICT (tarea_id, etiqueta_id) DO NOTHING;
INSERT INTO fracttaldb.tareas (id, titulo, descripcion, fecha_vencimiento, prioridad, completada, usuario_id, categoria_id, lote) VALUES (1483, 'Task 184 for user 2', 'Description for task 184', '2025-12-17', 3, TRUE, 2, 204, 'lote-2') ON CONFLICT(id) DO NOTHING;
INSERT INTO fracttaldb.tarea_etiquetas (tarea_id, etiqueta_id) VALUES (1483, 406) ON CONFLICT (tarea_id, etiqueta_id) DO NOTHING;
INSERT INTO fracttaldb.tarea_etiquetas (tarea_id, etiqueta_id) VALUES (1483, 405) ON CONFLICT (tarea_id, etiqueta_id) DO NOTHING;
INSERT INTO fracttaldb.tarea_etiquetas (tarea_id, etiqueta_id) VALUES (1483, 403) ON CONFLICT (tarea_id, etiqueta_id) DO NOTHING;
INSERT INTO fracttaldb.tareas (id, titulo, descripcion, fecha_vencimiento, prioridad, completada, usuario_id, categoria_id, lote) VALUES (1484, 'Task 185 for user 2', 'Description for task 185', '2025-10-16', 3, TRUE, 2, 205, 'lote-2') ON CONFLICT(id) DO NOTHING;
INSERT INTO fracttaldb.tarea_etiquetas (tarea_id, etiqueta_id) VALUES (1484, 407) ON CONFLICT (tarea_id, etiqueta_id) DO NOTHING;
INSERT INTO fracttaldb.tareas (id, titulo, descripcion, fecha_vencimiento, prioridad, completada, usuario_id, categoria_id, lote) VALUES (1485, 'Task 186 for user 2', 'Description for task 186', '2025-11-20', 2, TRUE, 2, 202, 'lote-2') ON CONFLICT(id) DO NOTHING;
INSERT INTO fracttaldb.tarea_etiquetas (tarea_id, etiqueta_id) VALUES (1485, 404) ON CONFLICT (tarea_id, etiqueta_id) DO NOTHING;
INSERT INTO fracttaldb.tarea_etiquetas (tarea_id, etiqueta_id) VALUES (1485, 409) ON CONFLICT (tarea_id, etiqueta_id) DO NOTHING;
INSERT INTO fracttaldb.tarea_etiquetas (tarea_id, etiqueta_id) VALUES (1485, 406) ON CONFLICT (tarea_id, etiqueta_id) DO NOTHING;
INSERT INTO fracttaldb.tareas (id, titulo, descripcion, fecha_vencimiento, prioridad, completada, usuario_id, categoria_id, lote) VALUES (1486, 'Task 187 for user 2', 'Description for task 187', '2025-12-9', 3, FALSE, 2, 205, 'lote-2') ON CONFLICT(id) DO NOTHING;
INSERT INTO fracttaldb.tarea_etiquetas (tarea_id, etiqueta_id) VALUES (1486, 402) ON CONFLICT (tarea_id, etiqueta_id) DO NOTHING;
INSERT INTO fracttaldb.tareas (id, titulo, descripcion, fecha_vencimiento, prioridad, completada, usuario_id, categoria_id, lote) VALUES (1487, 'Task 188 for user 2', 'Description for task 188', '2025-11-13', 1, FALSE, 2, 203, 'lote-2') ON CONFLICT(id) DO NOTHING;
INSERT INTO fracttaldb.tarea_etiquetas (tarea_id, etiqueta_id) VALUES (1487, 407) ON CONFLICT (tarea_id, etiqueta_id) DO NOTHING;
INSERT INTO fracttaldb.tareas (id, titulo, descripcion, fecha_vencimiento, prioridad, completada, usuario_id, categoria_id, lote) VALUES (1488, 'Task 189 for user 2', 'Description for task 189', '2025-10-25', 2, FALSE, 2, 202, 'lote-2') ON CONFLICT(id) DO NOTHING;
INSERT INTO fracttaldb.tarea_etiquetas (tarea_id, etiqueta_id) VALUES (1488, 405) ON CONFLICT (tarea_id, etiqueta_id) DO NOTHING;
INSERT INTO fracttaldb.tarea_etiquetas (tarea_id, etiqueta_id) VALUES (1488, 407) ON CONFLICT (tarea_id, etiqueta_id) DO NOTHING;
INSERT INTO fracttaldb.tarea_etiquetas (tarea_id, etiqueta_id) VALUES (1488, 406) ON CONFLICT (tarea_id, etiqueta_id) DO NOTHING;
INSERT INTO fracttaldb.tareas (id, titulo, descripcion, fecha_vencimiento, prioridad, completada, usuario_id, categoria_id, lote) VALUES (1489, 'Task 190 for user 2', 'Description for task 190', '2025-10-12', 2, FALSE, 2, 207, 'lote-2') ON CONFLICT(id) DO NOTHING;
INSERT INTO fracttaldb.tarea_etiquetas (tarea_id, etiqueta_id) VALUES (1489, 402) ON CONFLICT (tarea_id, etiqueta_id) DO NOTHING;
INSERT INTO fracttaldb.tarea_etiquetas (tarea_id, etiqueta_id) VALUES (1489, 406) ON CONFLICT (tarea_id, etiqueta_id) DO NOTHING;
INSERT INTO fracttaldb.tarea_etiquetas (tarea_id, etiqueta_id) VALUES (1489, 405) ON CONFLICT (tarea_id, etiqueta_id) DO NOTHING;
INSERT INTO fracttaldb.tareas (id, titulo, descripcion, fecha_vencimiento, prioridad, completada, usuario_id, categoria_id, lote) VALUES (1490, 'Task 191 for user 2', 'Description for task 191', '2025-11-4', 1, FALSE, 2, 202, 'lote-2') ON CONFLICT(id) DO NOTHING;
INSERT INTO fracttaldb.tarea_etiquetas (tarea_id, etiqueta_id) VALUES (1490, 401) ON CONFLICT (tarea_id, etiqueta_id) DO NOTHING;
INSERT INTO fracttaldb.tarea_etiquetas (tarea_id, etiqueta_id) VALUES (1490, 409) ON CONFLICT (tarea_id, etiqueta_id) DO NOTHING;
INSERT INTO fracttaldb.tareas (id, titulo, descripcion, fecha_vencimiento, prioridad, completada, usuario_id, categoria_id, lote) VALUES (1491, 'Task 192 for user 2', 'Description for task 192', '2025-10-23', 2, FALSE, 2, 206, 'lote-2') ON CONFLICT(id) DO NOTHING;
INSERT INTO fracttaldb.tarea_etiquetas (tarea_id, etiqueta_id) VALUES (1491, 402) ON CONFLICT (tarea_id, etiqueta_id) DO NOTHING;
INSERT INTO fracttaldb.tareas (id, titulo, descripcion, fecha_vencimiento, prioridad, completada, usuario_id, categoria_id, lote) VALUES (1492, 'Task 193 for user 2', 'Description for task 193', '2025-10-1', 2, TRUE, 2, 207, 'lote-2') ON CONFLICT(id) DO NOTHING;
INSERT INTO fracttaldb.tarea_etiquetas (tarea_id, etiqueta_id) VALUES (1492, 403) ON CONFLICT (tarea_id, etiqueta_id) DO NOTHING;
INSERT INTO fracttaldb.tarea_etiquetas (tarea_id, etiqueta_id) VALUES (1492, 401) ON CONFLICT (tarea_id, etiqueta_id) DO NOTHING;
INSERT INTO fracttaldb.tarea_etiquetas (tarea_id, etiqueta_id) VALUES (1492, 402) ON CONFLICT (tarea_id, etiqueta_id) DO NOTHING;
INSERT INTO fracttaldb.tareas (id, titulo, descripcion, fecha_vencimiento, prioridad, completada, usuario_id, categoria_id, lote) VALUES (1493, 'Task 194 for user 2', 'Description for task 194', '2025-11-9', 2, TRUE, 2, 203, 'lote-2') ON CONFLICT(id) DO NOTHING;
INSERT INTO fracttaldb.tarea_etiquetas (tarea_id, etiqueta_id) VALUES (1493, 403) ON CONFLICT (tarea_id, etiqueta_id) DO NOTHING;
INSERT INTO fracttaldb.tarea_etiquetas (tarea_id, etiqueta_id) VALUES (1493, 402) ON CONFLICT (tarea_id, etiqueta_id) DO NOTHING;
INSERT INTO fracttaldb.tareas (id, titulo, descripcion, fecha_vencimiento, prioridad, completada, usuario_id, categoria_id, lote) VALUES (1494, 'Task 195 for user 2', 'Description for task 195', '2025-12-10', 2, FALSE, 2, 207, 'lote-2') ON CONFLICT(id) DO NOTHING;
INSERT INTO fracttaldb.tarea_etiquetas (tarea_id, etiqueta_id) VALUES (1494, 409) ON CONFLICT (tarea_id, etiqueta_id) DO NOTHING;
INSERT INTO fracttaldb.tarea_etiquetas (tarea_id, etiqueta_id) VALUES (1494, 402) ON CONFLICT (tarea_id, etiqueta_id) DO NOTHING;
INSERT INTO fracttaldb.tareas (id, titulo, descripcion, fecha_vencimiento, prioridad, completada, usuario_id, categoria_id, lote) VALUES (1495, 'Task 196 for user 2', 'Description for task 196', '2025-12-7', 3, FALSE, 2, 204, 'lote-2') ON CONFLICT(id) DO NOTHING;
INSERT INTO fracttaldb.tarea_etiquetas (tarea_id, etiqueta_id) VALUES (1495, 407) ON CONFLICT (tarea_id, etiqueta_id) DO NOTHING;
INSERT INTO fracttaldb.tarea_etiquetas (tarea_id, etiqueta_id) VALUES (1495, 401) ON CONFLICT (tarea_id, etiqueta_id) DO NOTHING;
INSERT INTO fracttaldb.tareas (id, titulo, descripcion, fecha_vencimiento, prioridad, completada, usuario_id, categoria_id, lote) VALUES (1496, 'Task 197 for user 2', 'Description for task 197', '2025-11-21', 3, TRUE, 2, 201, 'lote-2') ON CONFLICT(id) DO NOTHING;
INSERT INTO fracttaldb.tarea_etiquetas (tarea_id, etiqueta_id) VALUES (1496, 405) ON CONFLICT (tarea_id, etiqueta_id) DO NOTHING;
INSERT INTO fracttaldb.tareas (id, titulo, descripcion, fecha_vencimiento, prioridad, completada, usuario_id, categoria_id, lote) VALUES (1497, 'Task 198 for user 2', 'Description for task 198', '2025-12-17', 1, FALSE, 2, 203, 'lote-2') ON CONFLICT(id) DO NOTHING;
INSERT INTO fracttaldb.tarea_etiquetas (tarea_id, etiqueta_id) VALUES (1497, 404) ON CONFLICT (tarea_id, etiqueta_id) DO NOTHING;
INSERT INTO fracttaldb.tarea_etiquetas (tarea_id, etiqueta_id) VALUES (1497, 405) ON CONFLICT (tarea_id, etiqueta_id) DO NOTHING;
INSERT INTO fracttaldb.tarea_etiquetas (tarea_id, etiqueta_id) VALUES (1497, 403) ON CONFLICT (tarea_id, etiqueta_id) DO NOTHING;
INSERT INTO fracttaldb.tareas (id, titulo, descripcion, fecha_vencimiento, prioridad, completada, usuario_id, categoria_id, lote) VALUES (1498, 'Task 199 for user 2', 'Description for task 199', '2025-11-10', 1, FALSE, 2, 205, 'lote-2') ON CONFLICT(id) DO NOTHING;
INSERT INTO fracttaldb.tarea_etiquetas (tarea_id, etiqueta_id) VALUES (1498, 402) ON CONFLICT (tarea_id, etiqueta_id) DO NOTHING;
INSERT INTO fracttaldb.tareas (id, titulo, descripcion, fecha_vencimiento, prioridad, completada, usuario_id, categoria_id, lote) VALUES (1499, 'Task 200 for user 2', 'Description for task 200', '2025-10-9', 2, TRUE, 2, 201, 'lote-2') ON CONFLICT(id) DO NOTHING;
INSERT INTO fracttaldb.tarea_etiquetas (tarea_id, etiqueta_id) VALUES (1499, 401) ON CONFLICT (tarea_id, etiqueta_id) DO NOTHING;
INSERT INTO fracttaldb.tarea_etiquetas (tarea_id, etiqueta_id) VALUES (1499, 405) ON CONFLICT (tarea_id, etiqueta_id) DO NOTHING;
INSERT INTO fracttaldb.tareas (id, titulo, descripcion, fecha_vencimiento, prioridad, completada, usuario_id, categoria_id, lote) VALUES (1500, 'Task 201 for user 2', 'Description for task 201', '2025-10-16', 3, FALSE, 2, 204, 'lote-2') ON CONFLICT(id) DO NOTHING;
INSERT INTO fracttaldb.tarea_etiquetas (tarea_id, etiqueta_id) VALUES (1500, 402) ON CONFLICT (tarea_id, etiqueta_id) DO NOTHING;
INSERT INTO fracttaldb.tarea_etiquetas (tarea_id, etiqueta_id) VALUES (1500, 404) ON CONFLICT (tarea_id, etiqueta_id) DO NOTHING;
INSERT INTO fracttaldb.tarea_etiquetas (tarea_id, etiqueta_id) VALUES (1500, 408) ON CONFLICT (tarea_id, etiqueta_id) DO NOTHING;
INSERT INTO fracttaldb.tareas (id, titulo, descripcion, fecha_vencimiento, prioridad, completada, usuario_id, categoria_id, lote) VALUES (1501, 'Task 202 for user 2', 'Description for task 202', '2025-12-6', 1, FALSE, 2, 201, 'lote-2') ON CONFLICT(id) DO NOTHING;
INSERT INTO fracttaldb.tarea_etiquetas (tarea_id, etiqueta_id) VALUES (1501, 404) ON CONFLICT (tarea_id, etiqueta_id) DO NOTHING;
INSERT INTO fracttaldb.tareas (id, titulo, descripcion, fecha_vencimiento, prioridad, completada, usuario_id, categoria_id, lote) VALUES (1502, 'Task 203 for user 2', 'Description for task 203', '2025-10-4', 2, TRUE, 2, 205, 'lote-2') ON CONFLICT(id) DO NOTHING;
INSERT INTO fracttaldb.tarea_etiquetas (tarea_id, etiqueta_id) VALUES (1502, 404) ON CONFLICT (tarea_id, etiqueta_id) DO NOTHING;
INSERT INTO fracttaldb.tarea_etiquetas (tarea_id, etiqueta_id) VALUES (1502, 408) ON CONFLICT (tarea_id, etiqueta_id) DO NOTHING;
INSERT INTO fracttaldb.tarea_etiquetas (tarea_id, etiqueta_id) VALUES (1502, 406) ON CONFLICT (tarea_id, etiqueta_id) DO NOTHING;
INSERT INTO fracttaldb.tareas (id, titulo, descripcion, fecha_vencimiento, prioridad, completada, usuario_id, categoria_id, lote) VALUES (1503, 'Task 204 for user 2', 'Description for task 204', '2025-12-26', 1, TRUE, 2, 205, 'lote-2') ON CONFLICT(id) DO NOTHING;
INSERT INTO fracttaldb.tarea_etiquetas (tarea_id, etiqueta_id) VALUES (1503, 409) ON CONFLICT (tarea_id, etiqueta_id) DO NOTHING;
INSERT INTO fracttaldb.tarea_etiquetas (tarea_id, etiqueta_id) VALUES (1503, 404) ON CONFLICT (tarea_id, etiqueta_id) DO NOTHING;
INSERT INTO fracttaldb.tareas (id, titulo, descripcion, fecha_vencimiento, prioridad, completada, usuario_id, categoria_id, lote) VALUES (1504, 'Task 205 for user 2', 'Description for task 205', '2025-10-11', 1, FALSE, 2, 203, 'lote-2') ON CONFLICT(id) DO NOTHING;
INSERT INTO fracttaldb.tarea_etiquetas (tarea_id, etiqueta_id) VALUES (1504, 403) ON CONFLICT (tarea_id, etiqueta_id) DO NOTHING;
INSERT INTO fracttaldb.tarea_etiquetas (tarea_id, etiqueta_id) VALUES (1504, 402) ON CONFLICT (tarea_id, etiqueta_id) DO NOTHING;
INSERT INTO fracttaldb.tarea_etiquetas (tarea_id, etiqueta_id) VALUES (1504, 405) ON CONFLICT (tarea_id, etiqueta_id) DO NOTHING;
INSERT INTO fracttaldb.tareas (id, titulo, descripcion, fecha_vencimiento, prioridad, completada, usuario_id, categoria_id, lote) VALUES (1505, 'Task 206 for user 2', 'Description for task 206', '2025-12-6', 1, TRUE, 2, 205, 'lote-2') ON CONFLICT(id) DO NOTHING;
INSERT INTO fracttaldb.tarea_etiquetas (tarea_id, etiqueta_id) VALUES (1505, 408) ON CONFLICT (tarea_id, etiqueta_id) DO NOTHING;
INSERT INTO fracttaldb.tareas (id, titulo, descripcion, fecha_vencimiento, prioridad, completada, usuario_id, categoria_id, lote) VALUES (1506, 'Task 207 for user 2', 'Description for task 207', '2025-11-18', 2, TRUE, 2, 204, 'lote-2') ON CONFLICT(id) DO NOTHING;
INSERT INTO fracttaldb.tarea_etiquetas (tarea_id, etiqueta_id) VALUES (1506, 406) ON CONFLICT (tarea_id, etiqueta_id) DO NOTHING;
INSERT INTO fracttaldb.tarea_etiquetas (tarea_id, etiqueta_id) VALUES (1506, 401) ON CONFLICT (tarea_id, etiqueta_id) DO NOTHING;
INSERT INTO fracttaldb.tareas (id, titulo, descripcion, fecha_vencimiento, prioridad, completada, usuario_id, categoria_id, lote) VALUES (1507, 'Task 208 for user 2', 'Description for task 208', '2025-12-18', 3, TRUE, 2, 206, 'lote-2') ON CONFLICT(id) DO NOTHING;
INSERT INTO fracttaldb.tarea_etiquetas (tarea_id, etiqueta_id) VALUES (1507, 403) ON CONFLICT (tarea_id, etiqueta_id) DO NOTHING;
INSERT INTO fracttaldb.tareas (id, titulo, descripcion, fecha_vencimiento, prioridad, completada, usuario_id, categoria_id, lote) VALUES (1508, 'Task 209 for user 2', 'Description for task 209', '2025-11-6', 1, TRUE, 2, 205, 'lote-2') ON CONFLICT(id) DO NOTHING;
INSERT INTO fracttaldb.tarea_etiquetas (tarea_id, etiqueta_id) VALUES (1508, 407) ON CONFLICT (tarea_id, etiqueta_id) DO NOTHING;
INSERT INTO fracttaldb.tareas (id, titulo, descripcion, fecha_vencimiento, prioridad, completada, usuario_id, categoria_id, lote) VALUES (1509, 'Task 210 for user 2', 'Description for task 210', '2025-10-25', 1, FALSE, 2, 206, 'lote-2') ON CONFLICT(id) DO NOTHING;
INSERT INTO fracttaldb.tarea_etiquetas (tarea_id, etiqueta_id) VALUES (1509, 409) ON CONFLICT (tarea_id, etiqueta_id) DO NOTHING;
INSERT INTO fracttaldb.tareas (id, titulo, descripcion, fecha_vencimiento, prioridad, completada, usuario_id, categoria_id, lote) VALUES (1510, 'Task 211 for user 2', 'Description for task 211', '2025-12-22', 3, TRUE, 2, 202, 'lote-2') ON CONFLICT(id) DO NOTHING;
INSERT INTO fracttaldb.tarea_etiquetas (tarea_id, etiqueta_id) VALUES (1510, 403) ON CONFLICT (tarea_id, etiqueta_id) DO NOTHING;
INSERT INTO fracttaldb.tareas (id, titulo, descripcion, fecha_vencimiento, prioridad, completada, usuario_id, categoria_id, lote) VALUES (1511, 'Task 212 for user 2', 'Description for task 212', '2025-12-10', 1, FALSE, 2, 206, 'lote-2') ON CONFLICT(id) DO NOTHING;
INSERT INTO fracttaldb.tarea_etiquetas (tarea_id, etiqueta_id) VALUES (1511, 404) ON CONFLICT (tarea_id, etiqueta_id) DO NOTHING;
INSERT INTO fracttaldb.tareas (id, titulo, descripcion, fecha_vencimiento, prioridad, completada, usuario_id, categoria_id, lote) VALUES (1512, 'Task 213 for user 2', 'Description for task 213', '2025-11-21', 2, FALSE, 2, 203, 'lote-2') ON CONFLICT(id) DO NOTHING;
INSERT INTO fracttaldb.tarea_etiquetas (tarea_id, etiqueta_id) VALUES (1512, 407) ON CONFLICT (tarea_id, etiqueta_id) DO NOTHING;
INSERT INTO fracttaldb.tarea_etiquetas (tarea_id, etiqueta_id) VALUES (1512, 409) ON CONFLICT (tarea_id, etiqueta_id) DO NOTHING;
INSERT INTO fracttaldb.tarea_etiquetas (tarea_id, etiqueta_id) VALUES (1512, 401) ON CONFLICT (tarea_id, etiqueta_id) DO NOTHING;
INSERT INTO fracttaldb.tareas (id, titulo, descripcion, fecha_vencimiento, prioridad, completada, usuario_id, categoria_id, lote) VALUES (1513, 'Task 214 for user 2', 'Description for task 214', '2025-10-17', 2, FALSE, 2, 202, 'lote-2') ON CONFLICT(id) DO NOTHING;
INSERT INTO fracttaldb.tarea_etiquetas (tarea_id, etiqueta_id) VALUES (1513, 407) ON CONFLICT (tarea_id, etiqueta_id) DO NOTHING;
INSERT INTO fracttaldb.tareas (id, titulo, descripcion, fecha_vencimiento, prioridad, completada, usuario_id, categoria_id, lote) VALUES (1514, 'Task 215 for user 2', 'Description for task 215', '2025-10-28', 3, FALSE, 2, 204, 'lote-2') ON CONFLICT(id) DO NOTHING;
INSERT INTO fracttaldb.tarea_etiquetas (tarea_id, etiqueta_id) VALUES (1514, 403) ON CONFLICT (tarea_id, etiqueta_id) DO NOTHING;
INSERT INTO fracttaldb.tarea_etiquetas (tarea_id, etiqueta_id) VALUES (1514, 401) ON CONFLICT (tarea_id, etiqueta_id) DO NOTHING;
INSERT INTO fracttaldb.tareas (id, titulo, descripcion, fecha_vencimiento, prioridad, completada, usuario_id, categoria_id, lote) VALUES (1515, 'Task 216 for user 2', 'Description for task 216', '2025-10-7', 1, TRUE, 2, 201, 'lote-2') ON CONFLICT(id) DO NOTHING;
INSERT INTO fracttaldb.tarea_etiquetas (tarea_id, etiqueta_id) VALUES (1515, 407) ON CONFLICT (tarea_id, etiqueta_id) DO NOTHING;
INSERT INTO fracttaldb.tareas (id, titulo, descripcion, fecha_vencimiento, prioridad, completada, usuario_id, categoria_id, lote) VALUES (1516, 'Task 217 for user 2', 'Description for task 217', '2025-12-11', 3, TRUE, 2, 207, 'lote-2') ON CONFLICT(id) DO NOTHING;
INSERT INTO fracttaldb.tarea_etiquetas (tarea_id, etiqueta_id) VALUES (1516, 405) ON CONFLICT (tarea_id, etiqueta_id) DO NOTHING;
INSERT INTO fracttaldb.tarea_etiquetas (tarea_id, etiqueta_id) VALUES (1516, 409) ON CONFLICT (tarea_id, etiqueta_id) DO NOTHING;
INSERT INTO fracttaldb.tarea_etiquetas (tarea_id, etiqueta_id) VALUES (1516, 401) ON CONFLICT (tarea_id, etiqueta_id) DO NOTHING;
INSERT INTO fracttaldb.tareas (id, titulo, descripcion, fecha_vencimiento, prioridad, completada, usuario_id, categoria_id, lote) VALUES (1517, 'Task 218 for user 2', 'Description for task 218', '2025-10-14', 3, TRUE, 2, 202, 'lote-2') ON CONFLICT(id) DO NOTHING;
INSERT INTO fracttaldb.tarea_etiquetas (tarea_id, etiqueta_id) VALUES (1517, 409) ON CONFLICT (tarea_id, etiqueta_id) DO NOTHING;
INSERT INTO fracttaldb.tarea_etiquetas (tarea_id, etiqueta_id) VALUES (1517, 408) ON CONFLICT (tarea_id, etiqueta_id) DO NOTHING;
INSERT INTO fracttaldb.tarea_etiquetas (tarea_id, etiqueta_id) VALUES (1517, 402) ON CONFLICT (tarea_id, etiqueta_id) DO NOTHING;
INSERT INTO fracttaldb.tareas (id, titulo, descripcion, fecha_vencimiento, prioridad, completada, usuario_id, categoria_id, lote) VALUES (1518, 'Task 219 for user 2', 'Description for task 219', '2025-10-2', 2, TRUE, 2, 207, 'lote-2') ON CONFLICT(id) DO NOTHING;
INSERT INTO fracttaldb.tarea_etiquetas (tarea_id, etiqueta_id) VALUES (1518, 408) ON CONFLICT (tarea_id, etiqueta_id) DO NOTHING;
INSERT INTO fracttaldb.tareas (id, titulo, descripcion, fecha_vencimiento, prioridad, completada, usuario_id, categoria_id, lote) VALUES (1519, 'Task 220 for user 2', 'Description for task 220', '2025-11-19', 2, TRUE, 2, 201, 'lote-2') ON CONFLICT(id) DO NOTHING;
INSERT INTO fracttaldb.tarea_etiquetas (tarea_id, etiqueta_id) VALUES (1519, 404) ON CONFLICT (tarea_id, etiqueta_id) DO NOTHING;
INSERT INTO fracttaldb.tarea_etiquetas (tarea_id, etiqueta_id) VALUES (1519, 409) ON CONFLICT (tarea_id, etiqueta_id) DO NOTHING;
INSERT INTO fracttaldb.tarea_etiquetas (tarea_id, etiqueta_id) VALUES (1519, 403) ON CONFLICT (tarea_id, etiqueta_id) DO NOTHING;
INSERT INTO fracttaldb.tareas (id, titulo, descripcion, fecha_vencimiento, prioridad, completada, usuario_id, categoria_id, lote) VALUES (1520, 'Task 221 for user 2', 'Description for task 221', '2025-11-11', 2, FALSE, 2, 206, 'lote-2') ON CONFLICT(id) DO NOTHING;
INSERT INTO fracttaldb.tarea_etiquetas (tarea_id, etiqueta_id) VALUES (1520, 406) ON CONFLICT (tarea_id, etiqueta_id) DO NOTHING;
INSERT INTO fracttaldb.tareas (id, titulo, descripcion, fecha_vencimiento, prioridad, completada, usuario_id, categoria_id, lote) VALUES (1521, 'Task 222 for user 2', 'Description for task 222', '2025-12-7', 3, TRUE, 2, 206, 'lote-2') ON CONFLICT(id) DO NOTHING;
INSERT INTO fracttaldb.tarea_etiquetas (tarea_id, etiqueta_id) VALUES (1521, 405) ON CONFLICT (tarea_id, etiqueta_id) DO NOTHING;
INSERT INTO fracttaldb.tarea_etiquetas (tarea_id, etiqueta_id) VALUES (1521, 409) ON CONFLICT (tarea_id, etiqueta_id) DO NOTHING;
INSERT INTO fracttaldb.tarea_etiquetas (tarea_id, etiqueta_id) VALUES (1521, 402) ON CONFLICT (tarea_id, etiqueta_id) DO NOTHING;
INSERT INTO fracttaldb.tareas (id, titulo, descripcion, fecha_vencimiento, prioridad, completada, usuario_id, categoria_id, lote) VALUES (1522, 'Task 223 for user 2', 'Description for task 223', '2025-11-28', 1, FALSE, 2, 202, 'lote-2') ON CONFLICT(id) DO NOTHING;
INSERT INTO fracttaldb.tarea_etiquetas (tarea_id, etiqueta_id) VALUES (1522, 407) ON CONFLICT (tarea_id, etiqueta_id) DO NOTHING;
INSERT INTO fracttaldb.tarea_etiquetas (tarea_id, etiqueta_id) VALUES (1522, 405) ON CONFLICT (tarea_id, etiqueta_id) DO NOTHING;
INSERT INTO fracttaldb.tarea_etiquetas (tarea_id, etiqueta_id) VALUES (1522, 401) ON CONFLICT (tarea_id, etiqueta_id) DO NOTHING;
INSERT INTO fracttaldb.tareas (id, titulo, descripcion, fecha_vencimiento, prioridad, completada, usuario_id, categoria_id, lote) VALUES (1523, 'Task 224 for user 2', 'Description for task 224', '2025-12-9', 2, FALSE, 2, 204, 'lote-2') ON CONFLICT(id) DO NOTHING;
INSERT INTO fracttaldb.tarea_etiquetas (tarea_id, etiqueta_id) VALUES (1523, 403) ON CONFLICT (tarea_id, etiqueta_id) DO NOTHING;
INSERT INTO fracttaldb.tarea_etiquetas (tarea_id, etiqueta_id) VALUES (1523, 401) ON CONFLICT (tarea_id, etiqueta_id) DO NOTHING;
INSERT INTO fracttaldb.tareas (id, titulo, descripcion, fecha_vencimiento, prioridad, completada, usuario_id, categoria_id, lote) VALUES (1524, 'Task 225 for user 2', 'Description for task 225', '2025-11-17', 2, FALSE, 2, 201, 'lote-2') ON CONFLICT(id) DO NOTHING;
INSERT INTO fracttaldb.tarea_etiquetas (tarea_id, etiqueta_id) VALUES (1524, 406) ON CONFLICT (tarea_id, etiqueta_id) DO NOTHING;
INSERT INTO fracttaldb.tarea_etiquetas (tarea_id, etiqueta_id) VALUES (1524, 409) ON CONFLICT (tarea_id, etiqueta_id) DO NOTHING;
INSERT INTO fracttaldb.tareas (id, titulo, descripcion, fecha_vencimiento, prioridad, completada, usuario_id, categoria_id, lote) VALUES (1525, 'Task 226 for user 2', 'Description for task 226', '2025-11-28', 2, TRUE, 2, 201, 'lote-2') ON CONFLICT(id) DO NOTHING;
INSERT INTO fracttaldb.tarea_etiquetas (tarea_id, etiqueta_id) VALUES (1525, 409) ON CONFLICT (tarea_id, etiqueta_id) DO NOTHING;
INSERT INTO fracttaldb.tarea_etiquetas (tarea_id, etiqueta_id) VALUES (1525, 405) ON CONFLICT (tarea_id, etiqueta_id) DO NOTHING;
INSERT INTO fracttaldb.tareas (id, titulo, descripcion, fecha_vencimiento, prioridad, completada, usuario_id, categoria_id, lote) VALUES (1526, 'Task 227 for user 2', 'Description for task 227', '2025-10-11', 2, TRUE, 2, 202, 'lote-2') ON CONFLICT(id) DO NOTHING;
INSERT INTO fracttaldb.tarea_etiquetas (tarea_id, etiqueta_id) VALUES (1526, 403) ON CONFLICT (tarea_id, etiqueta_id) DO NOTHING;
INSERT INTO fracttaldb.tarea_etiquetas (tarea_id, etiqueta_id) VALUES (1526, 402) ON CONFLICT (tarea_id, etiqueta_id) DO NOTHING;
INSERT INTO fracttaldb.tarea_etiquetas (tarea_id, etiqueta_id) VALUES (1526, 407) ON CONFLICT (tarea_id, etiqueta_id) DO NOTHING;
INSERT INTO fracttaldb.tareas (id, titulo, descripcion, fecha_vencimiento, prioridad, completada, usuario_id, categoria_id, lote) VALUES (1527, 'Task 228 for user 2', 'Description for task 228', '2025-10-17', 2, TRUE, 2, 204, 'lote-2') ON CONFLICT(id) DO NOTHING;
INSERT INTO fracttaldb.tarea_etiquetas (tarea_id, etiqueta_id) VALUES (1527, 402) ON CONFLICT (tarea_id, etiqueta_id) DO NOTHING;
INSERT INTO fracttaldb.tareas (id, titulo, descripcion, fecha_vencimiento, prioridad, completada, usuario_id, categoria_id, lote) VALUES (1528, 'Task 229 for user 2', 'Description for task 229', '2025-10-3', 2, FALSE, 2, 204, 'lote-2') ON CONFLICT(id) DO NOTHING;
INSERT INTO fracttaldb.tarea_etiquetas (tarea_id, etiqueta_id) VALUES (1528, 402) ON CONFLICT (tarea_id, etiqueta_id) DO NOTHING;
INSERT INTO fracttaldb.tarea_etiquetas (tarea_id, etiqueta_id) VALUES (1528, 407) ON CONFLICT (tarea_id, etiqueta_id) DO NOTHING;
INSERT INTO fracttaldb.tareas (id, titulo, descripcion, fecha_vencimiento, prioridad, completada, usuario_id, categoria_id, lote) VALUES (1529, 'Task 230 for user 2', 'Description for task 230', '2025-12-10', 2, FALSE, 2, 207, 'lote-2') ON CONFLICT(id) DO NOTHING;
INSERT INTO fracttaldb.tarea_etiquetas (tarea_id, etiqueta_id) VALUES (1529, 407) ON CONFLICT (tarea_id, etiqueta_id) DO NOTHING;
INSERT INTO fracttaldb.tarea_etiquetas (tarea_id, etiqueta_id) VALUES (1529, 408) ON CONFLICT (tarea_id, etiqueta_id) DO NOTHING;
INSERT INTO fracttaldb.tarea_etiquetas (tarea_id, etiqueta_id) VALUES (1529, 402) ON CONFLICT (tarea_id, etiqueta_id) DO NOTHING;
INSERT INTO fracttaldb.tareas (id, titulo, descripcion, fecha_vencimiento, prioridad, completada, usuario_id, categoria_id, lote) VALUES (1530, 'Task 231 for user 2', 'Description for task 231', '2025-10-13', 3, FALSE, 2, 201, 'lote-2') ON CONFLICT(id) DO NOTHING;
INSERT INTO fracttaldb.tarea_etiquetas (tarea_id, etiqueta_id) VALUES (1530, 402) ON CONFLICT (tarea_id, etiqueta_id) DO NOTHING;
INSERT INTO fracttaldb.tarea_etiquetas (tarea_id, etiqueta_id) VALUES (1530, 406) ON CONFLICT (tarea_id, etiqueta_id) DO NOTHING;
INSERT INTO fracttaldb.tarea_etiquetas (tarea_id, etiqueta_id) VALUES (1530, 403) ON CONFLICT (tarea_id, etiqueta_id) DO NOTHING;
INSERT INTO fracttaldb.tareas (id, titulo, descripcion, fecha_vencimiento, prioridad, completada, usuario_id, categoria_id, lote) VALUES (1531, 'Task 232 for user 2', 'Description for task 232', '2025-10-15', 3, FALSE, 2, 201, 'lote-2') ON CONFLICT(id) DO NOTHING;
INSERT INTO fracttaldb.tarea_etiquetas (tarea_id, etiqueta_id) VALUES (1531, 404) ON CONFLICT (tarea_id, etiqueta_id) DO NOTHING;
INSERT INTO fracttaldb.tarea_etiquetas (tarea_id, etiqueta_id) VALUES (1531, 402) ON CONFLICT (tarea_id, etiqueta_id) DO NOTHING;
INSERT INTO fracttaldb.tareas (id, titulo, descripcion, fecha_vencimiento, prioridad, completada, usuario_id, categoria_id, lote) VALUES (1532, 'Task 233 for user 2', 'Description for task 233', '2025-10-10', 3, TRUE, 2, 205, 'lote-2') ON CONFLICT(id) DO NOTHING;
INSERT INTO fracttaldb.tarea_etiquetas (tarea_id, etiqueta_id) VALUES (1532, 408) ON CONFLICT (tarea_id, etiqueta_id) DO NOTHING;
INSERT INTO fracttaldb.tarea_etiquetas (tarea_id, etiqueta_id) VALUES (1532, 401) ON CONFLICT (tarea_id, etiqueta_id) DO NOTHING;
INSERT INTO fracttaldb.tareas (id, titulo, descripcion, fecha_vencimiento, prioridad, completada, usuario_id, categoria_id, lote) VALUES (1533, 'Task 234 for user 2', 'Description for task 234', '2025-11-6', 1, FALSE, 2, 206, 'lote-2') ON CONFLICT(id) DO NOTHING;
INSERT INTO fracttaldb.tarea_etiquetas (tarea_id, etiqueta_id) VALUES (1533, 402) ON CONFLICT (tarea_id, etiqueta_id) DO NOTHING;
INSERT INTO fracttaldb.tareas (id, titulo, descripcion, fecha_vencimiento, prioridad, completada, usuario_id, categoria_id, lote) VALUES (1534, 'Task 235 for user 2', 'Description for task 235', '2025-10-25', 1, FALSE, 2, 206, 'lote-2') ON CONFLICT(id) DO NOTHING;
INSERT INTO fracttaldb.tarea_etiquetas (tarea_id, etiqueta_id) VALUES (1534, 405) ON CONFLICT (tarea_id, etiqueta_id) DO NOTHING;
INSERT INTO fracttaldb.tarea_etiquetas (tarea_id, etiqueta_id) VALUES (1534, 402) ON CONFLICT (tarea_id, etiqueta_id) DO NOTHING;
INSERT INTO fracttaldb.tareas (id, titulo, descripcion, fecha_vencimiento, prioridad, completada, usuario_id, categoria_id, lote) VALUES (1535, 'Task 236 for user 2', 'Description for task 236', '2025-11-1', 1, FALSE, 2, 206, 'lote-2') ON CONFLICT(id) DO NOTHING;
INSERT INTO fracttaldb.tarea_etiquetas (tarea_id, etiqueta_id) VALUES (1535, 409) ON CONFLICT (tarea_id, etiqueta_id) DO NOTHING;
INSERT INTO fracttaldb.tarea_etiquetas (tarea_id, etiqueta_id) VALUES (1535, 402) ON CONFLICT (tarea_id, etiqueta_id) DO NOTHING;
INSERT INTO fracttaldb.tarea_etiquetas (tarea_id, etiqueta_id) VALUES (1535, 401) ON CONFLICT (tarea_id, etiqueta_id) DO NOTHING;
INSERT INTO fracttaldb.tareas (id, titulo, descripcion, fecha_vencimiento, prioridad, completada, usuario_id, categoria_id, lote) VALUES (1536, 'Task 237 for user 2', 'Description for task 237', '2025-12-26', 1, TRUE, 2, 207, 'lote-2') ON CONFLICT(id) DO NOTHING;
INSERT INTO fracttaldb.tarea_etiquetas (tarea_id, etiqueta_id) VALUES (1536, 405) ON CONFLICT (tarea_id, etiqueta_id) DO NOTHING;
INSERT INTO fracttaldb.tareas (id, titulo, descripcion, fecha_vencimiento, prioridad, completada, usuario_id, categoria_id, lote) VALUES (1537, 'Task 238 for user 2', 'Description for task 238', '2025-10-1', 3, FALSE, 2, 201, 'lote-2') ON CONFLICT(id) DO NOTHING;
INSERT INTO fracttaldb.tarea_etiquetas (tarea_id, etiqueta_id) VALUES (1537, 403) ON CONFLICT (tarea_id, etiqueta_id) DO NOTHING;
INSERT INTO fracttaldb.tarea_etiquetas (tarea_id, etiqueta_id) VALUES (1537, 406) ON CONFLICT (tarea_id, etiqueta_id) DO NOTHING;
INSERT INTO fracttaldb.tareas (id, titulo, descripcion, fecha_vencimiento, prioridad, completada, usuario_id, categoria_id, lote) VALUES (1538, 'Task 239 for user 2', 'Description for task 239', '2025-10-10', 1, FALSE, 2, 202, 'lote-2') ON CONFLICT(id) DO NOTHING;
INSERT INTO fracttaldb.tarea_etiquetas (tarea_id, etiqueta_id) VALUES (1538, 408) ON CONFLICT (tarea_id, etiqueta_id) DO NOTHING;
INSERT INTO fracttaldb.tarea_etiquetas (tarea_id, etiqueta_id) VALUES (1538, 405) ON CONFLICT (tarea_id, etiqueta_id) DO NOTHING;
INSERT INTO fracttaldb.tarea_etiquetas (tarea_id, etiqueta_id) VALUES (1538, 406) ON CONFLICT (tarea_id, etiqueta_id) DO NOTHING;
INSERT INTO fracttaldb.tareas (id, titulo, descripcion, fecha_vencimiento, prioridad, completada, usuario_id, categoria_id, lote) VALUES (1539, 'Task 240 for user 2', 'Description for task 240', '2025-10-26', 1, TRUE, 2, 205, 'lote-2') ON CONFLICT(id) DO NOTHING;
INSERT INTO fracttaldb.tarea_etiquetas (tarea_id, etiqueta_id) VALUES (1539, 406) ON CONFLICT (tarea_id, etiqueta_id) DO NOTHING;
INSERT INTO fracttaldb.tareas (id, titulo, descripcion, fecha_vencimiento, prioridad, completada, usuario_id, categoria_id, lote) VALUES (1540, 'Task 241 for user 2', 'Description for task 241', '2025-12-26', 1, FALSE, 2, 203, 'lote-2') ON CONFLICT(id) DO NOTHING;
INSERT INTO fracttaldb.tarea_etiquetas (tarea_id, etiqueta_id) VALUES (1540, 404) ON CONFLICT (tarea_id, etiqueta_id) DO NOTHING;
INSERT INTO fracttaldb.tareas (id, titulo, descripcion, fecha_vencimiento, prioridad, completada, usuario_id, categoria_id, lote) VALUES (1541, 'Task 242 for user 2', 'Description for task 242', '2025-10-17', 3, FALSE, 2, 205, 'lote-2') ON CONFLICT(id) DO NOTHING;
INSERT INTO fracttaldb.tarea_etiquetas (tarea_id, etiqueta_id) VALUES (1541, 403) ON CONFLICT (tarea_id, etiqueta_id) DO NOTHING;
INSERT INTO fracttaldb.tarea_etiquetas (tarea_id, etiqueta_id) VALUES (1541, 401) ON CONFLICT (tarea_id, etiqueta_id) DO NOTHING;
INSERT INTO fracttaldb.tarea_etiquetas (tarea_id, etiqueta_id) VALUES (1541, 404) ON CONFLICT (tarea_id, etiqueta_id) DO NOTHING;
INSERT INTO fracttaldb.tareas (id, titulo, descripcion, fecha_vencimiento, prioridad, completada, usuario_id, categoria_id, lote) VALUES (1542, 'Task 243 for user 2', 'Description for task 243', '2025-10-20', 3, FALSE, 2, 206, 'lote-2') ON CONFLICT(id) DO NOTHING;
INSERT INTO fracttaldb.tarea_etiquetas (tarea_id, etiqueta_id) VALUES (1542, 404) ON CONFLICT (tarea_id, etiqueta_id) DO NOTHING;
INSERT INTO fracttaldb.tarea_etiquetas (tarea_id, etiqueta_id) VALUES (1542, 405) ON CONFLICT (tarea_id, etiqueta_id) DO NOTHING;
INSERT INTO fracttaldb.tareas (id, titulo, descripcion, fecha_vencimiento, prioridad, completada, usuario_id, categoria_id, lote) VALUES (1543, 'Task 244 for user 2', 'Description for task 244', '2025-12-24', 3, FALSE, 2, 202, 'lote-2') ON CONFLICT(id) DO NOTHING;
INSERT INTO fracttaldb.tarea_etiquetas (tarea_id, etiqueta_id) VALUES (1543, 402) ON CONFLICT (tarea_id, etiqueta_id) DO NOTHING;
INSERT INTO fracttaldb.tarea_etiquetas (tarea_id, etiqueta_id) VALUES (1543, 407) ON CONFLICT (tarea_id, etiqueta_id) DO NOTHING;
INSERT INTO fracttaldb.tareas (id, titulo, descripcion, fecha_vencimiento, prioridad, completada, usuario_id, categoria_id, lote) VALUES (1544, 'Task 245 for user 2', 'Description for task 245', '2025-11-22', 2, TRUE, 2, 201, 'lote-2') ON CONFLICT(id) DO NOTHING;
INSERT INTO fracttaldb.tarea_etiquetas (tarea_id, etiqueta_id) VALUES (1544, 403) ON CONFLICT (tarea_id, etiqueta_id) DO NOTHING;
INSERT INTO fracttaldb.tarea_etiquetas (tarea_id, etiqueta_id) VALUES (1544, 405) ON CONFLICT (tarea_id, etiqueta_id) DO NOTHING;
INSERT INTO fracttaldb.tarea_etiquetas (tarea_id, etiqueta_id) VALUES (1544, 404) ON CONFLICT (tarea_id, etiqueta_id) DO NOTHING;
INSERT INTO fracttaldb.tareas (id, titulo, descripcion, fecha_vencimiento, prioridad, completada, usuario_id, categoria_id, lote) VALUES (1545, 'Task 246 for user 2', 'Description for task 246', '2025-12-22', 3, TRUE, 2, 201, 'lote-2') ON CONFLICT(id) DO NOTHING;
INSERT INTO fracttaldb.tarea_etiquetas (tarea_id, etiqueta_id) VALUES (1545, 401) ON CONFLICT (tarea_id, etiqueta_id) DO NOTHING;
INSERT INTO fracttaldb.tareas (id, titulo, descripcion, fecha_vencimiento, prioridad, completada, usuario_id, categoria_id, lote) VALUES (1546, 'Task 247 for user 2', 'Description for task 247', '2025-11-25', 2, TRUE, 2, 206, 'lote-2') ON CONFLICT(id) DO NOTHING;
INSERT INTO fracttaldb.tarea_etiquetas (tarea_id, etiqueta_id) VALUES (1546, 403) ON CONFLICT (tarea_id, etiqueta_id) DO NOTHING;
INSERT INTO fracttaldb.tarea_etiquetas (tarea_id, etiqueta_id) VALUES (1546, 404) ON CONFLICT (tarea_id, etiqueta_id) DO NOTHING;
INSERT INTO fracttaldb.tarea_etiquetas (tarea_id, etiqueta_id) VALUES (1546, 408) ON CONFLICT (tarea_id, etiqueta_id) DO NOTHING;
INSERT INTO fracttaldb.tareas (id, titulo, descripcion, fecha_vencimiento, prioridad, completada, usuario_id, categoria_id, lote) VALUES (1547, 'Task 248 for user 2', 'Description for task 248', '2025-11-2', 1, FALSE, 2, 203, 'lote-2') ON CONFLICT(id) DO NOTHING;
INSERT INTO fracttaldb.tarea_etiquetas (tarea_id, etiqueta_id) VALUES (1547, 408) ON CONFLICT (tarea_id, etiqueta_id) DO NOTHING;
INSERT INTO fracttaldb.tarea_etiquetas (tarea_id, etiqueta_id) VALUES (1547, 402) ON CONFLICT (tarea_id, etiqueta_id) DO NOTHING;
INSERT INTO fracttaldb.tareas (id, titulo, descripcion, fecha_vencimiento, prioridad, completada, usuario_id, categoria_id, lote) VALUES (1548, 'Task 249 for user 2', 'Description for task 249', '2025-10-6', 2, TRUE, 2, 204, 'lote-2') ON CONFLICT(id) DO NOTHING;
INSERT INTO fracttaldb.tarea_etiquetas (tarea_id, etiqueta_id) VALUES (1548, 407) ON CONFLICT (tarea_id, etiqueta_id) DO NOTHING;
INSERT INTO fracttaldb.tarea_etiquetas (tarea_id, etiqueta_id) VALUES (1548, 404) ON CONFLICT (tarea_id, etiqueta_id) DO NOTHING;
INSERT INTO fracttaldb.tarea_etiquetas (tarea_id, etiqueta_id) VALUES (1548, 409) ON CONFLICT (tarea_id, etiqueta_id) DO NOTHING;
INSERT INTO fracttaldb.tareas (id, titulo, descripcion, fecha_vencimiento, prioridad, completada, usuario_id, categoria_id, lote) VALUES (1549, 'Task 250 for user 2', 'Description for task 250', '2025-10-27', 1, FALSE, 2, 206, 'lote-2') ON CONFLICT(id) DO NOTHING;
INSERT INTO fracttaldb.tarea_etiquetas (tarea_id, etiqueta_id) VALUES (1549, 401) ON CONFLICT (tarea_id, etiqueta_id) DO NOTHING;
INSERT INTO fracttaldb.tareas (id, titulo, descripcion, fecha_vencimiento, prioridad, completada, usuario_id, categoria_id, lote) VALUES (1550, 'Task 251 for user 2', 'Description for task 251', '2025-11-8', 2, FALSE, 2, 207, 'lote-2') ON CONFLICT(id) DO NOTHING;
INSERT INTO fracttaldb.tarea_etiquetas (tarea_id, etiqueta_id) VALUES (1550, 406) ON CONFLICT (tarea_id, etiqueta_id) DO NOTHING;
INSERT INTO fracttaldb.tarea_etiquetas (tarea_id, etiqueta_id) VALUES (1550, 407) ON CONFLICT (tarea_id, etiqueta_id) DO NOTHING;
INSERT INTO fracttaldb.tarea_etiquetas (tarea_id, etiqueta_id) VALUES (1550, 404) ON CONFLICT (tarea_id, etiqueta_id) DO NOTHING;
INSERT INTO fracttaldb.tareas (id, titulo, descripcion, fecha_vencimiento, prioridad, completada, usuario_id, categoria_id, lote) VALUES (1551, 'Task 252 for user 2', 'Description for task 252', '2025-10-4', 2, TRUE, 2, 205, 'lote-2') ON CONFLICT(id) DO NOTHING;
INSERT INTO fracttaldb.tarea_etiquetas (tarea_id, etiqueta_id) VALUES (1551, 405) ON CONFLICT (tarea_id, etiqueta_id) DO NOTHING;
INSERT INTO fracttaldb.tareas (id, titulo, descripcion, fecha_vencimiento, prioridad, completada, usuario_id, categoria_id, lote) VALUES (1552, 'Task 253 for user 2', 'Description for task 253', '2025-12-22', 2, TRUE, 2, 202, 'lote-2') ON CONFLICT(id) DO NOTHING;
INSERT INTO fracttaldb.tarea_etiquetas (tarea_id, etiqueta_id) VALUES (1552, 404) ON CONFLICT (tarea_id, etiqueta_id) DO NOTHING;
INSERT INTO fracttaldb.tarea_etiquetas (tarea_id, etiqueta_id) VALUES (1552, 405) ON CONFLICT (tarea_id, etiqueta_id) DO NOTHING;
INSERT INTO fracttaldb.tareas (id, titulo, descripcion, fecha_vencimiento, prioridad, completada, usuario_id, categoria_id, lote) VALUES (1553, 'Task 254 for user 2', 'Description for task 254', '2025-12-6', 1, FALSE, 2, 201, 'lote-2') ON CONFLICT(id) DO NOTHING;
INSERT INTO fracttaldb.tarea_etiquetas (tarea_id, etiqueta_id) VALUES (1553, 401) ON CONFLICT (tarea_id, etiqueta_id) DO NOTHING;
INSERT INTO fracttaldb.tareas (id, titulo, descripcion, fecha_vencimiento, prioridad, completada, usuario_id, categoria_id, lote) VALUES (1554, 'Task 255 for user 2', 'Description for task 255', '2025-12-8', 2, TRUE, 2, 202, 'lote-2') ON CONFLICT(id) DO NOTHING;
INSERT INTO fracttaldb.tarea_etiquetas (tarea_id, etiqueta_id) VALUES (1554, 404) ON CONFLICT (tarea_id, etiqueta_id) DO NOTHING;
INSERT INTO fracttaldb.tarea_etiquetas (tarea_id, etiqueta_id) VALUES (1554, 403) ON CONFLICT (tarea_id, etiqueta_id) DO NOTHING;
INSERT INTO fracttaldb.tareas (id, titulo, descripcion, fecha_vencimiento, prioridad, completada, usuario_id, categoria_id, lote) VALUES (1555, 'Task 256 for user 2', 'Description for task 256', '2025-10-4', 1, TRUE, 2, 202, 'lote-2') ON CONFLICT(id) DO NOTHING;
INSERT INTO fracttaldb.tarea_etiquetas (tarea_id, etiqueta_id) VALUES (1555, 406) ON CONFLICT (tarea_id, etiqueta_id) DO NOTHING;
INSERT INTO fracttaldb.tarea_etiquetas (tarea_id, etiqueta_id) VALUES (1555, 405) ON CONFLICT (tarea_id, etiqueta_id) DO NOTHING;
INSERT INTO fracttaldb.tareas (id, titulo, descripcion, fecha_vencimiento, prioridad, completada, usuario_id, categoria_id, lote) VALUES (1556, 'Task 257 for user 2', 'Description for task 257', '2025-10-13', 1, TRUE, 2, 206, 'lote-2') ON CONFLICT(id) DO NOTHING;
INSERT INTO fracttaldb.tarea_etiquetas (tarea_id, etiqueta_id) VALUES (1556, 407) ON CONFLICT (tarea_id, etiqueta_id) DO NOTHING;
INSERT INTO fracttaldb.tarea_etiquetas (tarea_id, etiqueta_id) VALUES (1556, 405) ON CONFLICT (tarea_id, etiqueta_id) DO NOTHING;
INSERT INTO fracttaldb.tareas (id, titulo, descripcion, fecha_vencimiento, prioridad, completada, usuario_id, categoria_id, lote) VALUES (1557, 'Task 258 for user 2', 'Description for task 258', '2025-11-16', 1, TRUE, 2, 206, 'lote-2') ON CONFLICT(id) DO NOTHING;
INSERT INTO fracttaldb.tarea_etiquetas (tarea_id, etiqueta_id) VALUES (1557, 409) ON CONFLICT (tarea_id, etiqueta_id) DO NOTHING;
INSERT INTO fracttaldb.tareas (id, titulo, descripcion, fecha_vencimiento, prioridad, completada, usuario_id, categoria_id, lote) VALUES (1558, 'Task 259 for user 2', 'Description for task 259', '2025-11-28', 1, FALSE, 2, 202, 'lote-2') ON CONFLICT(id) DO NOTHING;
INSERT INTO fracttaldb.tarea_etiquetas (tarea_id, etiqueta_id) VALUES (1558, 402) ON CONFLICT (tarea_id, etiqueta_id) DO NOTHING;
INSERT INTO fracttaldb.tarea_etiquetas (tarea_id, etiqueta_id) VALUES (1558, 405) ON CONFLICT (tarea_id, etiqueta_id) DO NOTHING;
INSERT INTO fracttaldb.tarea_etiquetas (tarea_id, etiqueta_id) VALUES (1558, 409) ON CONFLICT (tarea_id, etiqueta_id) DO NOTHING;
INSERT INTO fracttaldb.tareas (id, titulo, descripcion, fecha_vencimiento, prioridad, completada, usuario_id, categoria_id, lote) VALUES (1559, 'Task 260 for user 2', 'Description for task 260', '2025-12-11', 1, TRUE, 2, 206, 'lote-2') ON CONFLICT(id) DO NOTHING;
INSERT INTO fracttaldb.tarea_etiquetas (tarea_id, etiqueta_id) VALUES (1559, 406) ON CONFLICT (tarea_id, etiqueta_id) DO NOTHING;
INSERT INTO fracttaldb.tarea_etiquetas (tarea_id, etiqueta_id) VALUES (1559, 403) ON CONFLICT (tarea_id, etiqueta_id) DO NOTHING;
INSERT INTO fracttaldb.tarea_etiquetas (tarea_id, etiqueta_id) VALUES (1559, 404) ON CONFLICT (tarea_id, etiqueta_id) DO NOTHING;
INSERT INTO fracttaldb.tareas (id, titulo, descripcion, fecha_vencimiento, prioridad, completada, usuario_id, categoria_id, lote) VALUES (1560, 'Task 261 for user 2', 'Description for task 261', '2025-11-5', 3, TRUE, 2, 204, 'lote-2') ON CONFLICT(id) DO NOTHING;
INSERT INTO fracttaldb.tarea_etiquetas (tarea_id, etiqueta_id) VALUES (1560, 407) ON CONFLICT (tarea_id, etiqueta_id) DO NOTHING;
INSERT INTO fracttaldb.tareas (id, titulo, descripcion, fecha_vencimiento, prioridad, completada, usuario_id, categoria_id, lote) VALUES (1561, 'Task 262 for user 2', 'Description for task 262', '2025-12-25', 3, FALSE, 2, 204, 'lote-2') ON CONFLICT(id) DO NOTHING;
INSERT INTO fracttaldb.tarea_etiquetas (tarea_id, etiqueta_id) VALUES (1561, 402) ON CONFLICT (tarea_id, etiqueta_id) DO NOTHING;
INSERT INTO fracttaldb.tarea_etiquetas (tarea_id, etiqueta_id) VALUES (1561, 406) ON CONFLICT (tarea_id, etiqueta_id) DO NOTHING;
INSERT INTO fracttaldb.tarea_etiquetas (tarea_id, etiqueta_id) VALUES (1561, 407) ON CONFLICT (tarea_id, etiqueta_id) DO NOTHING;
INSERT INTO fracttaldb.tareas (id, titulo, descripcion, fecha_vencimiento, prioridad, completada, usuario_id, categoria_id, lote) VALUES (1562, 'Task 263 for user 2', 'Description for task 263', '2025-12-14', 1, FALSE, 2, 206, 'lote-2') ON CONFLICT(id) DO NOTHING;
INSERT INTO fracttaldb.tarea_etiquetas (tarea_id, etiqueta_id) VALUES (1562, 402) ON CONFLICT (tarea_id, etiqueta_id) DO NOTHING;
INSERT INTO fracttaldb.tareas (id, titulo, descripcion, fecha_vencimiento, prioridad, completada, usuario_id, categoria_id, lote) VALUES (1563, 'Task 264 for user 2', 'Description for task 264', '2025-10-13', 1, FALSE, 2, 202, 'lote-2') ON CONFLICT(id) DO NOTHING;
INSERT INTO fracttaldb.tarea_etiquetas (tarea_id, etiqueta_id) VALUES (1563, 403) ON CONFLICT (tarea_id, etiqueta_id) DO NOTHING;
INSERT INTO fracttaldb.tareas (id, titulo, descripcion, fecha_vencimiento, prioridad, completada, usuario_id, categoria_id, lote) VALUES (1564, 'Task 265 for user 2', 'Description for task 265', '2025-12-12', 3, FALSE, 2, 203, 'lote-2') ON CONFLICT(id) DO NOTHING;
INSERT INTO fracttaldb.tarea_etiquetas (tarea_id, etiqueta_id) VALUES (1564, 409) ON CONFLICT (tarea_id, etiqueta_id) DO NOTHING;
INSERT INTO fracttaldb.tarea_etiquetas (tarea_id, etiqueta_id) VALUES (1564, 408) ON CONFLICT (tarea_id, etiqueta_id) DO NOTHING;
INSERT INTO fracttaldb.tarea_etiquetas (tarea_id, etiqueta_id) VALUES (1564, 407) ON CONFLICT (tarea_id, etiqueta_id) DO NOTHING;
INSERT INTO fracttaldb.tareas (id, titulo, descripcion, fecha_vencimiento, prioridad, completada, usuario_id, categoria_id, lote) VALUES (1565, 'Task 266 for user 2', 'Description for task 266', '2025-10-1', 3, FALSE, 2, 205, 'lote-2') ON CONFLICT(id) DO NOTHING;
INSERT INTO fracttaldb.tarea_etiquetas (tarea_id, etiqueta_id) VALUES (1565, 407) ON CONFLICT (tarea_id, etiqueta_id) DO NOTHING;
INSERT INTO fracttaldb.tarea_etiquetas (tarea_id, etiqueta_id) VALUES (1565, 401) ON CONFLICT (tarea_id, etiqueta_id) DO NOTHING;
INSERT INTO fracttaldb.tareas (id, titulo, descripcion, fecha_vencimiento, prioridad, completada, usuario_id, categoria_id, lote) VALUES (1566, 'Task 267 for user 2', 'Description for task 267', '2025-11-6', 3, TRUE, 2, 206, 'lote-2') ON CONFLICT(id) DO NOTHING;
INSERT INTO fracttaldb.tarea_etiquetas (tarea_id, etiqueta_id) VALUES (1566, 403) ON CONFLICT (tarea_id, etiqueta_id) DO NOTHING;
INSERT INTO fracttaldb.tareas (id, titulo, descripcion, fecha_vencimiento, prioridad, completada, usuario_id, categoria_id, lote) VALUES (1567, 'Task 268 for user 2', 'Description for task 268', '2025-11-4', 2, FALSE, 2, 203, 'lote-2') ON CONFLICT(id) DO NOTHING;
INSERT INTO fracttaldb.tarea_etiquetas (tarea_id, etiqueta_id) VALUES (1567, 403) ON CONFLICT (tarea_id, etiqueta_id) DO NOTHING;
INSERT INTO fracttaldb.tarea_etiquetas (tarea_id, etiqueta_id) VALUES (1567, 405) ON CONFLICT (tarea_id, etiqueta_id) DO NOTHING;
INSERT INTO fracttaldb.tareas (id, titulo, descripcion, fecha_vencimiento, prioridad, completada, usuario_id, categoria_id, lote) VALUES (1568, 'Task 269 for user 2', 'Description for task 269', '2025-12-1', 1, TRUE, 2, 202, 'lote-2') ON CONFLICT(id) DO NOTHING;
INSERT INTO fracttaldb.tarea_etiquetas (tarea_id, etiqueta_id) VALUES (1568, 402) ON CONFLICT (tarea_id, etiqueta_id) DO NOTHING;
INSERT INTO fracttaldb.tarea_etiquetas (tarea_id, etiqueta_id) VALUES (1568, 403) ON CONFLICT (tarea_id, etiqueta_id) DO NOTHING;
INSERT INTO fracttaldb.tareas (id, titulo, descripcion, fecha_vencimiento, prioridad, completada, usuario_id, categoria_id, lote) VALUES (1569, 'Task 270 for user 2', 'Description for task 270', '2025-10-25', 2, TRUE, 2, 206, 'lote-2') ON CONFLICT(id) DO NOTHING;
INSERT INTO fracttaldb.tarea_etiquetas (tarea_id, etiqueta_id) VALUES (1569, 401) ON CONFLICT (tarea_id, etiqueta_id) DO NOTHING;
INSERT INTO fracttaldb.tarea_etiquetas (tarea_id, etiqueta_id) VALUES (1569, 406) ON CONFLICT (tarea_id, etiqueta_id) DO NOTHING;
INSERT INTO fracttaldb.tareas (id, titulo, descripcion, fecha_vencimiento, prioridad, completada, usuario_id, categoria_id, lote) VALUES (1570, 'Task 271 for user 2', 'Description for task 271', '2025-12-5', 2, FALSE, 2, 204, 'lote-2') ON CONFLICT(id) DO NOTHING;
INSERT INTO fracttaldb.tarea_etiquetas (tarea_id, etiqueta_id) VALUES (1570, 405) ON CONFLICT (tarea_id, etiqueta_id) DO NOTHING;
INSERT INTO fracttaldb.tareas (id, titulo, descripcion, fecha_vencimiento, prioridad, completada, usuario_id, categoria_id, lote) VALUES (1571, 'Task 272 for user 2', 'Description for task 272', '2025-12-1', 3, FALSE, 2, 202, 'lote-2') ON CONFLICT(id) DO NOTHING;
INSERT INTO fracttaldb.tarea_etiquetas (tarea_id, etiqueta_id) VALUES (1571, 401) ON CONFLICT (tarea_id, etiqueta_id) DO NOTHING;
INSERT INTO fracttaldb.tarea_etiquetas (tarea_id, etiqueta_id) VALUES (1571, 407) ON CONFLICT (tarea_id, etiqueta_id) DO NOTHING;
INSERT INTO fracttaldb.tareas (id, titulo, descripcion, fecha_vencimiento, prioridad, completada, usuario_id, categoria_id, lote) VALUES (1572, 'Task 273 for user 2', 'Description for task 273', '2025-11-23', 2, FALSE, 2, 207, 'lote-2') ON CONFLICT(id) DO NOTHING;
INSERT INTO fracttaldb.tarea_etiquetas (tarea_id, etiqueta_id) VALUES (1572, 408) ON CONFLICT (tarea_id, etiqueta_id) DO NOTHING;
INSERT INTO fracttaldb.tarea_etiquetas (tarea_id, etiqueta_id) VALUES (1572, 403) ON CONFLICT (tarea_id, etiqueta_id) DO NOTHING;
INSERT INTO fracttaldb.tareas (id, titulo, descripcion, fecha_vencimiento, prioridad, completada, usuario_id, categoria_id, lote) VALUES (1573, 'Task 274 for user 2', 'Description for task 274', '2025-10-19', 2, TRUE, 2, 206, 'lote-2') ON CONFLICT(id) DO NOTHING;
INSERT INTO fracttaldb.tarea_etiquetas (tarea_id, etiqueta_id) VALUES (1573, 408) ON CONFLICT (tarea_id, etiqueta_id) DO NOTHING;
INSERT INTO fracttaldb.tareas (id, titulo, descripcion, fecha_vencimiento, prioridad, completada, usuario_id, categoria_id, lote) VALUES (1574, 'Task 275 for user 2', 'Description for task 275', '2025-10-12', 2, TRUE, 2, 207, 'lote-2') ON CONFLICT(id) DO NOTHING;
INSERT INTO fracttaldb.tarea_etiquetas (tarea_id, etiqueta_id) VALUES (1574, 406) ON CONFLICT (tarea_id, etiqueta_id) DO NOTHING;
INSERT INTO fracttaldb.tareas (id, titulo, descripcion, fecha_vencimiento, prioridad, completada, usuario_id, categoria_id, lote) VALUES (1575, 'Task 276 for user 2', 'Description for task 276', '2025-11-12', 2, FALSE, 2, 207, 'lote-2') ON CONFLICT(id) DO NOTHING;
INSERT INTO fracttaldb.tarea_etiquetas (tarea_id, etiqueta_id) VALUES (1575, 407) ON CONFLICT (tarea_id, etiqueta_id) DO NOTHING;
INSERT INTO fracttaldb.tarea_etiquetas (tarea_id, etiqueta_id) VALUES (1575, 403) ON CONFLICT (tarea_id, etiqueta_id) DO NOTHING;
INSERT INTO fracttaldb.tareas (id, titulo, descripcion, fecha_vencimiento, prioridad, completada, usuario_id, categoria_id, lote) VALUES (1576, 'Task 277 for user 2', 'Description for task 277', '2025-11-11', 1, FALSE, 2, 202, 'lote-2') ON CONFLICT(id) DO NOTHING;
INSERT INTO fracttaldb.tarea_etiquetas (tarea_id, etiqueta_id) VALUES (1576, 407) ON CONFLICT (tarea_id, etiqueta_id) DO NOTHING;
INSERT INTO fracttaldb.tareas (id, titulo, descripcion, fecha_vencimiento, prioridad, completada, usuario_id, categoria_id, lote) VALUES (1577, 'Task 278 for user 2', 'Description for task 278', '2025-12-3', 2, FALSE, 2, 205, 'lote-2') ON CONFLICT(id) DO NOTHING;
INSERT INTO fracttaldb.tarea_etiquetas (tarea_id, etiqueta_id) VALUES (1577, 406) ON CONFLICT (tarea_id, etiqueta_id) DO NOTHING;
INSERT INTO fracttaldb.tarea_etiquetas (tarea_id, etiqueta_id) VALUES (1577, 409) ON CONFLICT (tarea_id, etiqueta_id) DO NOTHING;
INSERT INTO fracttaldb.tarea_etiquetas (tarea_id, etiqueta_id) VALUES (1577, 404) ON CONFLICT (tarea_id, etiqueta_id) DO NOTHING;
INSERT INTO fracttaldb.tareas (id, titulo, descripcion, fecha_vencimiento, prioridad, completada, usuario_id, categoria_id, lote) VALUES (1578, 'Task 279 for user 2', 'Description for task 279', '2025-12-26', 2, FALSE, 2, 201, 'lote-2') ON CONFLICT(id) DO NOTHING;
INSERT INTO fracttaldb.tarea_etiquetas (tarea_id, etiqueta_id) VALUES (1578, 404) ON CONFLICT (tarea_id, etiqueta_id) DO NOTHING;
INSERT INTO fracttaldb.tareas (id, titulo, descripcion, fecha_vencimiento, prioridad, completada, usuario_id, categoria_id, lote) VALUES (1579, 'Task 280 for user 2', 'Description for task 280', '2025-12-1', 2, TRUE, 2, 207, 'lote-2') ON CONFLICT(id) DO NOTHING;
INSERT INTO fracttaldb.tarea_etiquetas (tarea_id, etiqueta_id) VALUES (1579, 408) ON CONFLICT (tarea_id, etiqueta_id) DO NOTHING;
INSERT INTO fracttaldb.tareas (id, titulo, descripcion, fecha_vencimiento, prioridad, completada, usuario_id, categoria_id, lote) VALUES (1580, 'Task 281 for user 2', 'Description for task 281', '2025-11-25', 3, TRUE, 2, 202, 'lote-2') ON CONFLICT(id) DO NOTHING;
INSERT INTO fracttaldb.tarea_etiquetas (tarea_id, etiqueta_id) VALUES (1580, 401) ON CONFLICT (tarea_id, etiqueta_id) DO NOTHING;
INSERT INTO fracttaldb.tareas (id, titulo, descripcion, fecha_vencimiento, prioridad, completada, usuario_id, categoria_id, lote) VALUES (1581, 'Task 282 for user 2', 'Description for task 282', '2025-12-6', 3, FALSE, 2, 204, 'lote-2') ON CONFLICT(id) DO NOTHING;
INSERT INTO fracttaldb.tarea_etiquetas (tarea_id, etiqueta_id) VALUES (1581, 407) ON CONFLICT (tarea_id, etiqueta_id) DO NOTHING;
INSERT INTO fracttaldb.tarea_etiquetas (tarea_id, etiqueta_id) VALUES (1581, 401) ON CONFLICT (tarea_id, etiqueta_id) DO NOTHING;
INSERT INTO fracttaldb.tareas (id, titulo, descripcion, fecha_vencimiento, prioridad, completada, usuario_id, categoria_id, lote) VALUES (1582, 'Task 283 for user 2', 'Description for task 283', '2025-11-26', 3, FALSE, 2, 207, 'lote-2') ON CONFLICT(id) DO NOTHING;
INSERT INTO fracttaldb.tarea_etiquetas (tarea_id, etiqueta_id) VALUES (1582, 404) ON CONFLICT (tarea_id, etiqueta_id) DO NOTHING;
INSERT INTO fracttaldb.tarea_etiquetas (tarea_id, etiqueta_id) VALUES (1582, 401) ON CONFLICT (tarea_id, etiqueta_id) DO NOTHING;
INSERT INTO fracttaldb.tareas (id, titulo, descripcion, fecha_vencimiento, prioridad, completada, usuario_id, categoria_id, lote) VALUES (1583, 'Task 284 for user 2', 'Description for task 284', '2025-10-9', 2, TRUE, 2, 201, 'lote-2') ON CONFLICT(id) DO NOTHING;
INSERT INTO fracttaldb.tarea_etiquetas (tarea_id, etiqueta_id) VALUES (1583, 407) ON CONFLICT (tarea_id, etiqueta_id) DO NOTHING;
INSERT INTO fracttaldb.tareas (id, titulo, descripcion, fecha_vencimiento, prioridad, completada, usuario_id, categoria_id, lote) VALUES (1584, 'Task 285 for user 2', 'Description for task 285', '2025-10-16', 1, TRUE, 2, 204, 'lote-2') ON CONFLICT(id) DO NOTHING;
INSERT INTO fracttaldb.tarea_etiquetas (tarea_id, etiqueta_id) VALUES (1584, 403) ON CONFLICT (tarea_id, etiqueta_id) DO NOTHING;
INSERT INTO fracttaldb.tarea_etiquetas (tarea_id, etiqueta_id) VALUES (1584, 404) ON CONFLICT (tarea_id, etiqueta_id) DO NOTHING;
INSERT INTO fracttaldb.tareas (id, titulo, descripcion, fecha_vencimiento, prioridad, completada, usuario_id, categoria_id, lote) VALUES (1585, 'Task 286 for user 2', 'Description for task 286', '2025-12-6', 1, FALSE, 2, 207, 'lote-2') ON CONFLICT(id) DO NOTHING;
INSERT INTO fracttaldb.tarea_etiquetas (tarea_id, etiqueta_id) VALUES (1585, 401) ON CONFLICT (tarea_id, etiqueta_id) DO NOTHING;
INSERT INTO fracttaldb.tarea_etiquetas (tarea_id, etiqueta_id) VALUES (1585, 405) ON CONFLICT (tarea_id, etiqueta_id) DO NOTHING;
INSERT INTO fracttaldb.tarea_etiquetas (tarea_id, etiqueta_id) VALUES (1585, 408) ON CONFLICT (tarea_id, etiqueta_id) DO NOTHING;
INSERT INTO fracttaldb.tareas (id, titulo, descripcion, fecha_vencimiento, prioridad, completada, usuario_id, categoria_id, lote) VALUES (1586, 'Task 287 for user 2', 'Description for task 287', '2025-11-25', 3, TRUE, 2, 201, 'lote-2') ON CONFLICT(id) DO NOTHING;
INSERT INTO fracttaldb.tarea_etiquetas (tarea_id, etiqueta_id) VALUES (1586, 406) ON CONFLICT (tarea_id, etiqueta_id) DO NOTHING;
INSERT INTO fracttaldb.tarea_etiquetas (tarea_id, etiqueta_id) VALUES (1586, 409) ON CONFLICT (tarea_id, etiqueta_id) DO NOTHING;
INSERT INTO fracttaldb.tarea_etiquetas (tarea_id, etiqueta_id) VALUES (1586, 408) ON CONFLICT (tarea_id, etiqueta_id) DO NOTHING;
INSERT INTO fracttaldb.tareas (id, titulo, descripcion, fecha_vencimiento, prioridad, completada, usuario_id, categoria_id, lote) VALUES (1587, 'Task 288 for user 2', 'Description for task 288', '2025-11-5', 3, TRUE, 2, 203, 'lote-2') ON CONFLICT(id) DO NOTHING;
INSERT INTO fracttaldb.tarea_etiquetas (tarea_id, etiqueta_id) VALUES (1587, 407) ON CONFLICT (tarea_id, etiqueta_id) DO NOTHING;
INSERT INTO fracttaldb.tarea_etiquetas (tarea_id, etiqueta_id) VALUES (1587, 402) ON CONFLICT (tarea_id, etiqueta_id) DO NOTHING;
INSERT INTO fracttaldb.tareas (id, titulo, descripcion, fecha_vencimiento, prioridad, completada, usuario_id, categoria_id, lote) VALUES (1588, 'Task 289 for user 2', 'Description for task 289', '2025-10-25', 1, FALSE, 2, 204, 'lote-2') ON CONFLICT(id) DO NOTHING;
INSERT INTO fracttaldb.tarea_etiquetas (tarea_id, etiqueta_id) VALUES (1588, 406) ON CONFLICT (tarea_id, etiqueta_id) DO NOTHING;
INSERT INTO fracttaldb.tareas (id, titulo, descripcion, fecha_vencimiento, prioridad, completada, usuario_id, categoria_id, lote) VALUES (1589, 'Task 290 for user 2', 'Description for task 290', '2025-11-23', 1, TRUE, 2, 202, 'lote-2') ON CONFLICT(id) DO NOTHING;
INSERT INTO fracttaldb.tarea_etiquetas (tarea_id, etiqueta_id) VALUES (1589, 403) ON CONFLICT (tarea_id, etiqueta_id) DO NOTHING;
INSERT INTO fracttaldb.tarea_etiquetas (tarea_id, etiqueta_id) VALUES (1589, 406) ON CONFLICT (tarea_id, etiqueta_id) DO NOTHING;
INSERT INTO fracttaldb.tarea_etiquetas (tarea_id, etiqueta_id) VALUES (1589, 407) ON CONFLICT (tarea_id, etiqueta_id) DO NOTHING;
INSERT INTO fracttaldb.tareas (id, titulo, descripcion, fecha_vencimiento, prioridad, completada, usuario_id, categoria_id, lote) VALUES (1590, 'Task 291 for user 2', 'Description for task 291', '2025-12-12', 1, TRUE, 2, 207, 'lote-2') ON CONFLICT(id) DO NOTHING;
INSERT INTO fracttaldb.tarea_etiquetas (tarea_id, etiqueta_id) VALUES (1590, 406) ON CONFLICT (tarea_id, etiqueta_id) DO NOTHING;
INSERT INTO fracttaldb.tarea_etiquetas (tarea_id, etiqueta_id) VALUES (1590, 405) ON CONFLICT (tarea_id, etiqueta_id) DO NOTHING;
INSERT INTO fracttaldb.tarea_etiquetas (tarea_id, etiqueta_id) VALUES (1590, 409) ON CONFLICT (tarea_id, etiqueta_id) DO NOTHING;
INSERT INTO fracttaldb.tareas (id, titulo, descripcion, fecha_vencimiento, prioridad, completada, usuario_id, categoria_id, lote) VALUES (1591, 'Task 292 for user 2', 'Description for task 292', '2025-11-18', 1, FALSE, 2, 202, 'lote-2') ON CONFLICT(id) DO NOTHING;
INSERT INTO fracttaldb.tarea_etiquetas (tarea_id, etiqueta_id) VALUES (1591, 405) ON CONFLICT (tarea_id, etiqueta_id) DO NOTHING;
INSERT INTO fracttaldb.tarea_etiquetas (tarea_id, etiqueta_id) VALUES (1591, 402) ON CONFLICT (tarea_id, etiqueta_id) DO NOTHING;
INSERT INTO fracttaldb.tareas (id, titulo, descripcion, fecha_vencimiento, prioridad, completada, usuario_id, categoria_id, lote) VALUES (1592, 'Task 293 for user 2', 'Description for task 293', '2025-12-23', 1, FALSE, 2, 203, 'lote-2') ON CONFLICT(id) DO NOTHING;
INSERT INTO fracttaldb.tarea_etiquetas (tarea_id, etiqueta_id) VALUES (1592, 406) ON CONFLICT (tarea_id, etiqueta_id) DO NOTHING;
INSERT INTO fracttaldb.tarea_etiquetas (tarea_id, etiqueta_id) VALUES (1592, 405) ON CONFLICT (tarea_id, etiqueta_id) DO NOTHING;
INSERT INTO fracttaldb.tareas (id, titulo, descripcion, fecha_vencimiento, prioridad, completada, usuario_id, categoria_id, lote) VALUES (1593, 'Task 294 for user 2', 'Description for task 294', '2025-12-1', 3, FALSE, 2, 203, 'lote-2') ON CONFLICT(id) DO NOTHING;
INSERT INTO fracttaldb.tarea_etiquetas (tarea_id, etiqueta_id) VALUES (1593, 408) ON CONFLICT (tarea_id, etiqueta_id) DO NOTHING;
INSERT INTO fracttaldb.tarea_etiquetas (tarea_id, etiqueta_id) VALUES (1593, 402) ON CONFLICT (tarea_id, etiqueta_id) DO NOTHING;
INSERT INTO fracttaldb.tarea_etiquetas (tarea_id, etiqueta_id) VALUES (1593, 404) ON CONFLICT (tarea_id, etiqueta_id) DO NOTHING;
INSERT INTO fracttaldb.tareas (id, titulo, descripcion, fecha_vencimiento, prioridad, completada, usuario_id, categoria_id, lote) VALUES (1594, 'Task 295 for user 2', 'Description for task 295', '2025-12-4', 1, TRUE, 2, 202, 'lote-2') ON CONFLICT(id) DO NOTHING;
INSERT INTO fracttaldb.tarea_etiquetas (tarea_id, etiqueta_id) VALUES (1594, 407) ON CONFLICT (tarea_id, etiqueta_id) DO NOTHING;
INSERT INTO fracttaldb.tareas (id, titulo, descripcion, fecha_vencimiento, prioridad, completada, usuario_id, categoria_id, lote) VALUES (1595, 'Task 296 for user 2', 'Description for task 296', '2025-11-11', 3, FALSE, 2, 207, 'lote-2') ON CONFLICT(id) DO NOTHING;
INSERT INTO fracttaldb.tarea_etiquetas (tarea_id, etiqueta_id) VALUES (1595, 407) ON CONFLICT (tarea_id, etiqueta_id) DO NOTHING;
INSERT INTO fracttaldb.tareas (id, titulo, descripcion, fecha_vencimiento, prioridad, completada, usuario_id, categoria_id, lote) VALUES (1596, 'Task 297 for user 2', 'Description for task 297', '2025-10-18', 1, TRUE, 2, 202, 'lote-2') ON CONFLICT(id) DO NOTHING;
INSERT INTO fracttaldb.tarea_etiquetas (tarea_id, etiqueta_id) VALUES (1596, 407) ON CONFLICT (tarea_id, etiqueta_id) DO NOTHING;
INSERT INTO fracttaldb.tarea_etiquetas (tarea_id, etiqueta_id) VALUES (1596, 403) ON CONFLICT (tarea_id, etiqueta_id) DO NOTHING;
INSERT INTO fracttaldb.tarea_etiquetas (tarea_id, etiqueta_id) VALUES (1596, 405) ON CONFLICT (tarea_id, etiqueta_id) DO NOTHING;
INSERT INTO fracttaldb.tareas (id, titulo, descripcion, fecha_vencimiento, prioridad, completada, usuario_id, categoria_id, lote) VALUES (1597, 'Task 298 for user 2', 'Description for task 298', '2025-11-7', 3, TRUE, 2, 202, 'lote-2') ON CONFLICT(id) DO NOTHING;
INSERT INTO fracttaldb.tarea_etiquetas (tarea_id, etiqueta_id) VALUES (1597, 408) ON CONFLICT (tarea_id, etiqueta_id) DO NOTHING;
INSERT INTO fracttaldb.tarea_etiquetas (tarea_id, etiqueta_id) VALUES (1597, 404) ON CONFLICT (tarea_id, etiqueta_id) DO NOTHING;
INSERT INTO fracttaldb.tareas (id, titulo, descripcion, fecha_vencimiento, prioridad, completada, usuario_id, categoria_id, lote) VALUES (1598, 'Task 299 for user 2', 'Description for task 299', '2025-11-11', 1, FALSE, 2, 202, 'lote-2') ON CONFLICT(id) DO NOTHING;
INSERT INTO fracttaldb.tarea_etiquetas (tarea_id, etiqueta_id) VALUES (1598, 403) ON CONFLICT (tarea_id, etiqueta_id) DO NOTHING;
INSERT INTO fracttaldb.tareas (id, titulo, descripcion, fecha_vencimiento, prioridad, completada, usuario_id, categoria_id, lote) VALUES (1599, 'Task 300 for user 2', 'Description for task 300', '2025-10-5', 3, TRUE, 2, 203, 'lote-2') ON CONFLICT(id) DO NOTHING;
INSERT INTO fracttaldb.tarea_etiquetas (tarea_id, etiqueta_id) VALUES (1599, 403) ON CONFLICT (tarea_id, etiqueta_id) DO NOTHING;
INSERT INTO fracttaldb.tarea_etiquetas (tarea_id, etiqueta_id) VALUES (1599, 402) ON CONFLICT (tarea_id, etiqueta_id) DO NOTHING;
