INSERT INTO fracttaldb.usuarios (id, nombre, email, password) VALUES
(1, 'Test User', 'test@example.com', 'test_password_hash');

INSERT INTO fracttaldb.categorias (id, nombre, usuario_id) VALUES
(101, 'Work', 1),
(102, 'Personal', 1),
(103, 'Category 3', 1),
(104, 'Category 4', 1),
(105, 'Category 5', 1),
(106, 'Category 6', 1),
(107, 'Category 7', 1);

INSERT INTO fracttaldb.tareas (id, titulo, descripcion, fecha_vencimiento, prioridad, completada, usuario_id, categoria_id) VALUES
(201, 'Finish report', 'Complete the Q3 report', '2025-10-01', 3, FALSE, 1, 101),
(202, 'Buy groceries', 'Milk, eggs, bread', '2025-09-25', 2, FALSE, 1, 102),
(203, 'Task 203', 'Description for Task 203', '2025-09-25', 3, TRUE, 1, 107),
(204, 'Task 204', 'Description for Task 204', '2025-10-19', 1, FALSE, 1, 106),
(205, 'Task 205', 'Description for Task 205', '2025-10-17', 3, FALSE, 1, 107),
(206, 'Task 206', 'Description for Task 206', '2025-10-14', 1, FALSE, 1, 104),
(207, 'Task 207', 'Description for Task 207', '2025-10-19', 3, FALSE, 1, 106),
(208, 'Task 208', 'Description for Task 208', '2025-10-17', 1, FALSE, 1, 107),
(209, 'Task 209', 'Description for Task 209', '2025-10-19', 3, FALSE, 1, 106),
(210, 'Task 210', 'Description for Task 210', '2025-10-17', 1, FALSE, 1, 107),
(211, 'Task 211', 'Description for Task 211', '2025-10-19', 3, FALSE, 1, 106),
(212, 'Task 212', 'Description for Task 212', '2025-10-17', 1, FALSE, 1, 107),
(213, 'Task 213', 'Description for Task 213', '2025-10-19', 3, FALSE, 1, 106),
(214, 'Task 214', 'Description for Task 214', '2025-10-17', 1, FALSE, 1, 107),
(215, 'Task 215', 'Description for Task 215', '2025-10-19', 3, FALSE, 1, 106),
(216, 'Task 216', 'Description for Task 216', '2025-10-17', 1, FALSE, 1, 107),
(217, 'Task 217', 'Description for Task 217', '2025-10-19', 3, FALSE, 1, 106),
(218, 'Task 218', 'Description for Task 218', '2025-10-17', 1, FALSE, 1, 107),
(219, 'Task 219', 'Description for Task 219', '2025-10-19', 3, FALSE, 1, 106),
(220, 'Task 220', 'Description for Task 220', '2025-10-17', 1, FALSE, 1, 107),
(221, 'Task 221', 'Description for Task 221', '2025-10-19', 3, FALSE, 1, 106),
(222, 'Task 222', 'Description for Task 222', '2025-10-17', 1, FALSE, 1, 107),
(223, 'Task 223', 'Description for Task 223', '2025-10-19', 3, FALSE, 1, 106),
(224, 'Task 224', 'Description for Task 224', '2025-10-17', 1, FALSE, 1, 107),
(225, 'Task 225', 'Description for Task 225', '2025-10-19', 3, FALSE, 1, 106),
(226, 'Task 226', 'Description for Task 226', '2025-10-17', 1, FALSE, 1, 107),
(227, 'Task 227', 'Description for Task 227', '2025-10-19', 3, FALSE, 1, 106),
(228, 'Task 228', 'Description for Task 228', '2025-10-17', 1, FALSE, 1, 107),
(229, 'Task 229', 'Description for Task 229', '2025-10-19', 3, FALSE, 1, 106),
(230, 'Task 230', 'Description for Task 230', '2025-10-17', 1, FALSE, 1, 107),
(231, 'Task 231', 'Description for Task 231', '2025-10-19', 3, FALSE, 1, 106),
(232, 'Task 232', 'Description for Task 232', '2025-10-17', 1, FALSE, 1, 107);

INSERT INTO fracttaldb.etiquetas (id, nombre, usuario_id) VALUES
(301, 'Urgent', 1),
(302, 'Shopping', 1),
(303, 'Tag 3', 1),
(304, 'Tag 4', 1),
(305, 'Tag 5', 1),
(306, 'Tag 6', 1),
(307, 'Tag 7', 1),
(308, 'Tag 8', 1),
(309, 'Tag 9', 1);

INSERT INTO fracttaldb.tarea_etiquetas (tarea_id, etiqueta_id) VALUES
(201, 301),
(202, 302),
(203, 307),
(203, 308),
(203, 309),
(204, 301),
(204, 302),
(205, 303),
(205, 304),
(206, 305),
(206, 306),
(207, 307),
(207, 308),
(207, 309),
(208, 301),
(208, 302),
(209, 303),
(209, 304),
(210, 305),
(210, 306),
(211, 307),
(211, 308),
(211, 309),
(212, 301),
(212, 302),
(213, 303),
(213, 304),
(214, 305),
(214, 306),
(215, 307),
(215, 308),
(215, 309),
(216, 301),
(216, 302),
(217, 303),
(217, 304),
(218, 305),
(218, 306),
(219, 307),
(219, 308),
(219, 309),
(220, 301),
(220, 302),
(221, 303),
(221, 304),
(222, 305),
(222, 306),
(223, 307),
(223, 308),
(223, 309),
(224, 301),
(224, 302),
(225, 303),
(225, 304),
(226, 305),
(226, 306),
(227, 307),
(227, 308),
(227, 309),
(228, 301),
(228, 302),
(229, 303),
(229, 304),
(230, 305),
(230, 306),
(231, 307),
(231, 308),
(231, 309),
(232, 301),
(232, 302);